keyword,description,categories,brand,growth,volume,growth_indicator,speed_indicator,seasonality_indicator,volatility_indicator,sentiment_indicator,forecast_indicator,timeframe,url,channel_breadkdown,search_history
"Presto automation","​Presto is a technology company specializing in AI-driven automation solutions for the restaurant industry, particularly focusing on drive-thru operations. Founded in 2008, Presto offers products such as Voice AI, computer vision, and analytics to optimize staff efficiency, enhance upselling opportunities, and improve the overall guest experience. Their solutions are primarily targeted at quick-service restaurants seeking to streamline operations and increase revenue through advanced automation technologies.","business, technology, food-beverage, ai, automation, food","true","2600%","1300","Exploding","constant","Non-seasonal","Average","Positive","stationary","Past 5 years","https://signails.com/topics/presto-automation-t6c5rdq7","{""facebook"":94,""linkedin"":35,""twitter"":10,""pinterest"":0,""reddit"":7,""tiktok"":6,""youtube"":7}","2021-04-01: 0, 2021-05-01: 0, 2021-06-01: 0, 2021-07-01: 0, 2021-08-01: 0, 2021-09-01: 0, 2021-10-01: 0, 2021-11-01: 0, 2021-12-01: 0, 2022-01-01: 0, 2022-02-01: 0, 2022-03-01: 0, 2022-04-01: 0, 2022-05-01: 0, 2022-06-01: 0, 2022-07-01: 0, 2022-08-01: 0, 2022-09-01: 20, 2022-10-01: 17, 2022-11-01: 16, 2022-12-01: 29, 2023-01-01: 10, 2023-02-01: 19, 2023-03-01: 21, 2023-04-01: 74, 2023-05-01: 56, 2023-06-01: 30, 2023-07-01: 42, 2023-08-01: 30, 2023-09-01: 26, 2023-10-01: 26, 2023-11-01: 12, 2023-12-01: 27, 2024-01-01: 30, 2024-02-01: 59, 2024-03-01: 86, 2024-04-01: 30, 2024-05-01: 45, 2024-06-01: 100, 2024-07-01: 83, 2024-08-01: 86, 2024-09-01: 36, 2024-10-01: 23, 2024-11-01: 16, 2024-12-01: 28, 2025-01-01: 25, 2025-02-01: 0, 2025-03-01: 20, 2025-04-01: 0, 2025-05-01: 0, 2025-06-01: 14, 2025-07-01: 24, 2025-08-01: 78, 2025-09-01: 62, 2025-10-01: 55, 2025-11-01: 50, 2025-12-01: 43, 2026-01-01: 37, 2026-02-01: 51, 2026-03-01: 58, 2026-04-01: 27, 2026-04-05: 20, 2026-04-12: 15"
"Miko","AI-powered robot designed to engage children through interactive games, educational content, and a human-like personality. It differentiates itself by offering a wide range of academic and entertainment features, making learning fun and interactive for kids. Miko is primarily targeted at parents looking for an educational and entertaining companion for their children.","business, technology, food-beverage, industry, ai, automotive, food, construction","true","170%","165000","Exploding","stationary","Seasonal","Average","Positive","growing","Past 5 years","https://signails.com/topics/miko","{""facebook"":839000,""linkedin"":20700,""twitter"":27200,""pinterest"":330000,""reddit"":92700,""tiktok"":239000,""youtube"":235000}","2021-04-01: 19, 2021-05-01: 20, 2021-06-01: 20, 2021-07-01: 22, 2021-08-01: 26, 2021-09-01: 27, 2021-10-01: 25, 2021-11-01: 29, 2021-12-01: 33, 2022-01-01: 56, 2022-02-01: 100, 2022-03-01: 44, 2022-04-01: 36, 2022-05-01: 35, 2022-06-01: 34, 2022-07-01: 35, 2022-08-01: 34, 2022-09-01: 33, 2022-10-01: 35, 2022-11-01: 46, 2022-12-01: 39, 2023-01-01: 31, 2023-02-01: 32, 2023-03-01: 39, 2023-04-01: 49, 2023-05-01: 48, 2023-06-01: 51, 2023-07-01: 53, 2023-08-01: 67, 2023-09-01: 63, 2023-10-01: 58, 2023-11-01: 52, 2023-12-01: 50, 2024-01-01: 58, 2024-02-01: 62, 2024-03-01: 49, 2024-04-01: 44, 2024-05-01: 43, 2024-06-01: 42, 2024-07-01: 46, 2024-08-01: 43, 2024-09-01: 39, 2024-10-01: 42, 2024-11-01: 34, 2024-12-01: 40, 2025-01-01: 35, 2025-02-01: 32, 2025-03-01: 33, 2025-04-01: 33, 2025-05-01: 38, 2025-06-01: 33, 2025-07-01: 32, 2025-08-01: 36, 2025-09-01: 32, 2025-10-01: 36, 2025-11-01: 38, 2025-12-01: 41, 2026-01-01: 34, 2026-02-01: 39, 2026-03-01: 49, 2026-04-01: 54, 2026-03-29: 71, 2026-04-05: 68, 2026-04-12: 71"
"Sea moss serum","Skincare product derived from sea moss, a type of red algae, known for its rich nutrient profile. Sea moss serum hydrates the skin, improves elasticity, reduces fine lines and wrinkles, and has anti-inflammatory and antioxidant properties that protect the skin from damage and soothe irritation. It is particularly beneficial for individuals seeking to enhance their skin health and address issues like dryness, aging, and inflammation.","beauty, health, food-beverage, skincare, supplements, food, eco, personal-care","false","9900%","30","Exploding","exponential","Non-seasonal","Average","Positive","growing","Past 5 years","https://signails.com/topics/sea-moss-serum","{""facebook"":14,""linkedin"":1,""twitter"":14,""pinterest"":0,""reddit"":0,""tiktok"":14,""youtube"":14}","2021-04-01: 0, 2021-05-01: 0, 2021-06-01: 0, 2021-07-01: 0, 2021-08-01: 0, 2021-09-01: 16, 2021-10-01: 0, 2021-11-01: 0, 2021-12-01: 14, 2022-01-01: 0, 2022-02-01: 0, 2022-03-01: 0, 2022-04-01: 0, 2022-05-01: 0, 2022-06-01: 0, 2022-07-01: 12, 2022-08-01: 0, 2022-09-01: 0, 2022-10-01: 12, 2022-11-01: 14, 2022-12-01: 21, 2023-01-01: 15, 2023-02-01: 14, 2023-03-01: 10, 2023-04-01: 14, 2023-05-01: 15, 2023-06-01: 18, 2023-07-01: 15, 2023-08-01: 17, 2023-09-01: 13, 2023-10-01: 12, 2023-11-01: 13, 2023-12-01: 12, 2024-01-01: 27, 2024-02-01: 26, 2024-03-01: 30, 2024-04-01: 15, 2024-05-01: 28, 2024-06-01: 0, 2024-07-01: 22, 2024-08-01: 22, 2024-09-01: 17, 2024-10-01: 17, 2024-11-01: 22, 2024-12-01: 15, 2025-01-01: 28, 2025-02-01: 29, 2025-03-01: 31, 2025-04-01: 25, 2025-05-01: 13, 2025-06-01: 14, 2025-07-01: 17, 2025-08-01: 43, 2025-09-01: 36, 2025-10-01: 36, 2025-11-01: 38, 2025-12-01: 31, 2026-01-01: 28, 2026-02-01: 17, 2026-03-01: 37, 2026-04-01: 100, 2026-04-05: 82, 2026-04-12: 67"
"Plant-based","Dietary approach that emphasizes foods derived from plant sources, including fruits, vegetables, nuts, seeds, oils, whole grains, legumes, and beans. This diet can range from strictly vegan, excluding all animal products, to flexitarian, which includes occasional meat and fish, offering various health benefits such as lower risk of heart disease and improved digestion. Plant-based diets are particularly appealing to individuals seeking health improvements, environmental sustainability, and diverse, flexible eating habits.","beauty, health, food-beverage, diets, food, nutrition","false","809%","74000","Exploding","exponential","Non-seasonal","Low","Positive","declining","Past 5 years","https://signails.com/topics/plant-based","{""facebook"":1050000,""linkedin"":40100,""twitter"":6180,""pinterest"":920000,""reddit"":21800,""tiktok"":53200,""youtube"":102000}","2021-04-01: 14, 2021-05-01: 11, 2021-06-01: 11, 2021-07-01: 15, 2021-08-01: 16, 2021-09-01: 16, 2021-10-01: 13, 2021-11-01: 15, 2021-12-01: 13, 2022-01-01: 18, 2022-02-01: 17, 2022-03-01: 17, 2022-04-01: 16, 2022-05-01: 15, 2022-06-01: 14, 2022-07-01: 14, 2022-08-01: 14, 2022-09-01: 14, 2022-10-01: 14, 2022-11-01: 13, 2022-12-01: 11, 2023-01-01: 15, 2023-02-01: 15, 2023-03-01: 16, 2023-04-01: 13, 2023-05-01: 13, 2023-06-01: 13, 2023-07-01: 13, 2023-08-01: 13, 2023-09-01: 13, 2023-10-01: 14, 2023-11-01: 12, 2023-12-01: 12, 2024-01-01: 17, 2024-02-01: 16, 2024-03-01: 16, 2024-04-01: 15, 2024-05-01: 14, 2024-06-01: 15, 2024-07-01: 14, 2024-08-01: 16, 2024-09-01: 16, 2024-10-01: 17, 2024-11-01: 17, 2024-12-01: 15, 2025-01-01: 16, 2025-02-01: 20, 2025-03-01: 19, 2025-04-01: 19, 2025-05-01: 18, 2025-06-01: 24, 2025-07-01: 29, 2025-08-01: 81, 2025-09-01: 73, 2025-10-01: 74, 2025-11-01: 71, 2025-12-01: 75, 2026-01-01: 71, 2026-02-01: 88, 2026-03-01: 72, 2026-04-01: 100, 2026-03-29: 67, 2026-04-05: 65, 2026-04-12: 62"
"Peptide","Short chains of amino acid monomers linked by peptide bonds, typically containing 2 to 50 amino acids. Peptides play crucial roles in biological functions, including acting as hormones, enzymes, and signaling molecules, and are used in various medical and cosmetic applications. They are particularly valuable for researchers, medical professionals, and the cosmetic industry for their diverse functional properties.","business, beauty, health, food-beverage, industry, lifestyle, science, pharma, skincare, manufacturing, food, gardening-agriculture","false","770%","246000","Exploding","exponential","Non-seasonal","Average","Positive","growing","Past 5 years","https://signails.com/topics/peptide","{""facebook"":237000,""linkedin"":21400,""twitter"":2010,""pinterest"":54800,""reddit"":28000,""tiktok"":150000,""youtube"":37700}","2021-04-01: 10, 2021-05-01: 10, 2021-06-01: 9, 2021-07-01: 9, 2021-08-01: 9, 2021-09-01: 10, 2021-10-01: 10, 2021-11-01: 10, 2021-12-01: 9, 2022-01-01: 11, 2022-02-01: 13, 2022-03-01: 13, 2022-04-01: 12, 2022-05-01: 11, 2022-06-01: 11, 2022-07-01: 10, 2022-08-01: 11, 2022-09-01: 14, 2022-10-01: 13, 2022-11-01: 13, 2022-12-01: 13, 2023-01-01: 14, 2023-02-01: 17, 2023-03-01: 15, 2023-04-01: 15, 2023-05-01: 16, 2023-06-01: 14, 2023-07-01: 13, 2023-08-01: 15, 2023-09-01: 16, 2023-10-01: 16, 2023-11-01: 17, 2023-12-01: 17, 2024-01-01: 19, 2024-02-01: 19, 2024-03-01: 19, 2024-04-01: 19, 2024-05-01: 18, 2024-06-01: 18, 2024-07-01: 17, 2024-08-01: 18, 2024-09-01: 20, 2024-10-01: 21, 2024-11-01: 22, 2024-12-01: 22, 2025-01-01: 25, 2025-02-01: 26, 2025-03-01: 26, 2025-04-01: 26, 2025-05-01: 27, 2025-06-01: 30, 2025-07-01: 34, 2025-08-01: 53, 2025-09-01: 57, 2025-10-01: 59, 2025-11-01: 64, 2025-12-01: 73, 2026-01-01: 91, 2026-02-01: 95, 2026-03-01: 100, 2026-04-01: 87, 2026-04-05: 90, 2026-04-12: 88"
"Black turmeric","A plant with a dark blue or black rhizome, known for its potent anti-inflammatory properties due to high levels of curcuminoids, particularly ar-curcumin. This makes it a natural pain reliever, potentially beneficial for conditions like arthritis, muscle aches, and headaches, and it also has antioxidant properties that help protect the body from oxidative stress and free radical damage. Black turmeric is primarily used in traditional medicine and can be found in various forms such as powders, extracts, and supplements.","beauty, health, food-beverage, supplements, food, skincare, cpg","false","119%","18100","Exploding","exponential","Seasonal","Low","Positive","growing","Past 5 years","https://signails.com/topics/black-turmeric","{""facebook"":4270,""linkedin"":53,""twitter"":15,""pinterest"":392,""reddit"":22,""tiktok"":333,""youtube"":6010}","2021-04-01: 36, 2021-05-01: 36, 2021-06-01: 35, 2021-07-01: 36, 2021-08-01: 36, 2021-09-01: 34, 2021-10-01: 34, 2021-11-01: 32, 2021-12-01: 29, 2022-01-01: 40, 2022-02-01: 36, 2022-03-01: 38, 2022-04-01: 31, 2022-05-01: 35, 2022-06-01: 34, 2022-07-01: 35, 2022-08-01: 33, 2022-09-01: 32, 2022-10-01: 33, 2022-11-01: 32, 2022-12-01: 32, 2023-01-01: 40, 2023-02-01: 38, 2023-03-01: 40, 2023-04-01: 36, 2023-05-01: 34, 2023-06-01: 40, 2023-07-01: 38, 2023-08-01: 36, 2023-09-01: 38, 2023-10-01: 34, 2023-11-01: 41, 2023-12-01: 37, 2024-01-01: 43, 2024-02-01: 37, 2024-03-01: 37, 2024-04-01: 35, 2024-05-01: 33, 2024-06-01: 31, 2024-07-01: 31, 2024-08-01: 34, 2024-09-01: 35, 2024-10-01: 36, 2024-11-01: 40, 2024-12-01: 41, 2025-01-01: 47, 2025-02-01: 46, 2025-03-01: 40, 2025-04-01: 43, 2025-05-01: 44, 2025-06-01: 45, 2025-07-01: 45, 2025-08-01: 59, 2025-09-01: 55, 2025-10-01: 60, 2025-11-01: 67, 2025-12-01: 58, 2026-01-01: 66, 2026-02-01: 73, 2026-03-01: 79, 2026-04-05: 96, 2026-04-12: 95"
"Dried yogurt","This is a product created by dehydrating yogurt, resulting in a powder or solid form that retains the tangy flavor and nutritional benefits of traditional yogurt. It is often used in snacks, sauces, and dressings, and can be reconstituted with water to restore its original texture. Dried yogurt is particularly appealing to individuals seeking convenient, shelf-stable dairy options or those looking to incorporate yogurt into various culinary applications without refrigeration.","food, cooking, beauty, health, food-beverage, nutrition, skincare, cpg","false","221%","49500","Exploding","exponential","Seasonal","Average","Positive","growing","Past 5 years","https://signails.com/topics/dried-yogurt","{""facebook"":1150,""linkedin"":4,""twitter"":1,""pinterest"":572,""reddit"":36,""tiktok"":696,""youtube"":459}","2021-04-01: 29, 2021-05-01: 29, 2021-06-01: 24, 2021-07-01: 30, 2021-08-01: 23, 2021-09-01: 22, 2021-10-01: 23, 2021-11-01: 20, 2021-12-01: 23, 2022-01-01: 38, 2022-02-01: 33, 2022-03-01: 30, 2022-04-01: 34, 2022-05-01: 29, 2022-06-01: 32, 2022-07-01: 34, 2022-08-01: 33, 2022-09-01: 30, 2022-10-01: 29, 2022-11-01: 29, 2022-12-01: 25, 2023-01-01: 40, 2023-02-01: 39, 2023-03-01: 44, 2023-04-01: 34, 2023-05-01: 35, 2023-06-01: 38, 2023-07-01: 38, 2023-08-01: 38, 2023-09-01: 41, 2023-10-01: 38, 2023-11-01: 35, 2023-12-01: 32, 2024-01-01: 53, 2024-02-01: 49, 2024-03-01: 37, 2024-04-01: 48, 2024-05-01: 45, 2024-06-01: 52, 2024-07-01: 48, 2024-08-01: 53, 2024-09-01: 50, 2024-10-01: 57, 2024-11-01: 65, 2024-12-01: 56, 2025-01-01: 70, 2025-02-01: 73, 2025-03-01: 75, 2025-04-01: 64, 2025-05-01: 61, 2025-06-01: 60, 2025-07-01: 69, 2025-08-01: 85, 2025-09-01: 75, 2025-10-01: 76, 2025-11-01: 74, 2025-12-01: 71, 2026-01-01: 94, 2026-02-01: 100, 2026-03-01: 93, 2026-03-29: 68, 2026-04-05: 60, 2026-04-12: 62"
"Bitter gourd","A tropical and subtropical vine of the family Cucurbitaceae, widely grown in Asia, Africa, and the Caribbean for its edible fruit. Known for its distinct warty exterior and bitter taste, bitter gourd is used in various culinary dishes and traditional medicine, offering potential health benefits such as blood sugar regulation and antioxidant properties. It is particularly beneficial for individuals seeking natural remedies for diabetes, digestive health, and nutrient-rich dietary options.","beauty, health, food-beverage, industry, food, manufacturing, skincare","false","-31%","246000","Falling","constant","Seasonal","Low","Neutral","declining","Past 5 years","https://signails.com/topics/bitter-gourd","{""facebook"":42000,""linkedin"":381,""twitter"":172,""pinterest"":9950,""reddit"":366,""tiktok"":2360,""youtube"":76800}","2021-04-01: 64, 2021-05-01: 75, 2021-06-01: 77, 2021-07-01: 80, 2021-08-01: 79, 2021-09-01: 67, 2021-10-01: 60, 2021-11-01: 50, 2021-12-01: 47, 2022-01-01: 54, 2022-02-01: 63, 2022-03-01: 68, 2022-04-01: 65, 2022-05-01: 68, 2022-06-01: 76, 2022-07-01: 84, 2022-08-01: 78, 2022-09-01: 77, 2022-10-01: 69, 2022-11-01: 71, 2022-12-01: 61, 2023-01-01: 62, 2023-02-01: 70, 2023-03-01: 69, 2023-04-01: 73, 2023-05-01: 76, 2023-06-01: 78, 2023-07-01: 89, 2023-08-01: 91, 2023-09-01: 85, 2023-10-01: 79, 2023-11-01: 69, 2023-12-01: 61, 2024-01-01: 69, 2024-02-01: 65, 2024-03-01: 63, 2024-04-01: 66, 2024-05-01: 69, 2024-06-01: 71, 2024-07-01: 83, 2024-08-01: 79, 2024-09-01: 75, 2024-10-01: 55, 2024-11-01: 52, 2024-12-01: 48, 2025-01-01: 47, 2025-02-01: 49, 2025-03-01: 47, 2025-04-01: 49, 2025-05-01: 49, 2025-06-01: 53, 2025-07-01: 67, 2025-08-01: 66, 2025-09-01: 58, 2025-10-01: 51, 2025-11-01: 51, 2025-12-01: 49, 2026-01-01: 48, 2026-02-01: 47, 2026-03-01: 47, 2026-04-01: 52, 2026-03-29: 69, 2026-04-05: 71, 2026-04-12: 69"
"Bee pollen","A natural substance collected by bees, consisting of flower pollen, nectar, enzymes, honey, wax, and bee secretions. It is often marketed as a health supplement due to its potential nutritional benefits, including vitamins, minerals, proteins, lipids, and fatty acids, and is believed to have antioxidant, anti-inflammatory, and immune-boosting properties. Bee pollen is primarily targeted at health-conscious individuals seeking natural supplements to enhance their diet and overall well-being.","food, grocery, product, health, nutrition, beauty, food-beverage, supplements, skincare, cpg","false","61%","246000","Exploding","constant","Non-seasonal","Average","Positive","declining","Past 5 years","https://signails.com/topics/bee-pollen","{""facebook"":25800,""linkedin"":302,""twitter"":163,""pinterest"":7070,""reddit"":864,""tiktok"":2840,""youtube"":4320}","2021-04-01: 27, 2021-05-01: 28, 2021-06-01: 27, 2021-07-01: 27, 2021-08-01: 25, 2021-09-01: 23, 2021-10-01: 21, 2021-11-01: 22, 2021-12-01: 20, 2022-01-01: 24, 2022-02-01: 23, 2022-03-01: 27, 2022-04-01: 29, 2022-05-01: 26, 2022-06-01: 26, 2022-07-01: 22, 2022-08-01: 24, 2022-09-01: 21, 2022-10-01: 18, 2022-11-01: 21, 2022-12-01: 21, 2023-01-01: 25, 2023-02-01: 29, 2023-03-01: 27, 2023-04-01: 32, 2023-05-01: 30, 2023-06-01: 32, 2023-07-01: 84, 2023-08-01: 86, 2023-09-01: 50, 2023-10-01: 39, 2023-11-01: 43, 2023-12-01: 37, 2024-01-01: 38, 2024-02-01: 47, 2024-03-01: 48, 2024-04-01: 53, 2024-05-01: 100, 2024-06-01: 90, 2024-07-01: 65, 2024-08-01: 51, 2024-09-01: 49, 2024-10-01: 41, 2024-11-01: 39, 2024-12-01: 39, 2025-01-01: 45, 2025-02-01: 42, 2025-03-01: 43, 2025-04-01: 47, 2025-05-01: 50, 2025-06-01: 39, 2025-07-01: 36, 2025-08-01: 40, 2025-09-01: 39, 2025-10-01: 43, 2025-11-01: 35, 2025-12-01: 32, 2026-01-01: 39, 2026-02-01: 39, 2026-03-01: 48, 2026-04-01: 45, 2026-04-05: 91, 2026-04-12: 92"
"Mastic gum","A resin obtained from the mastic tree (Pistacia lentiscus), native to the Mediterranean region. It has been used for centuries in traditional medicine, culinary applications, and as a natural chewing gum, known for its potential health benefits such as antimicrobial properties, digestive health support, and oral health benefits. Mastic gum is primarily targeted at individuals seeking natural remedies and health-conscious consumers looking for alternative medicinal and culinary products.","beauty, health, food-beverage, supplements, food, skincare, cpg","false","197%","90500","Exploding","exponential","Non-seasonal","Low","Positive","growing","Past 5 years","https://signails.com/topics/mastic-gum","{""facebook"":1310,""linkedin"":30,""twitter"":46,""pinterest"":427,""reddit"":1410,""tiktok"":831,""youtube"":512}","2021-04-01: 30, 2021-05-01: 29, 2021-06-01: 24, 2021-07-01: 28, 2021-08-01: 27, 2021-09-01: 27, 2021-10-01: 30, 2021-11-01: 29, 2021-12-01: 26, 2022-01-01: 30, 2022-02-01: 32, 2022-03-01: 41, 2022-04-01: 51, 2022-05-01: 36, 2022-06-01: 43, 2022-07-01: 40, 2022-08-01: 43, 2022-09-01: 38, 2022-10-01: 38, 2022-11-01: 40, 2022-12-01: 38, 2023-01-01: 54, 2023-02-01: 69, 2023-03-01: 54, 2023-04-01: 52, 2023-05-01: 60, 2023-06-01: 65, 2023-07-01: 55, 2023-08-01: 55, 2023-09-01: 57, 2023-10-01: 57, 2023-11-01: 56, 2023-12-01: 55, 2024-01-01: 66, 2024-02-01: 68, 2024-03-01: 66, 2024-04-01: 75, 2024-05-01: 59, 2024-06-01: 54, 2024-07-01: 52, 2024-08-01: 55, 2024-09-01: 53, 2024-10-01: 56, 2024-11-01: 55, 2024-12-01: 56, 2025-01-01: 62, 2025-02-01: 63, 2025-03-01: 64, 2025-04-01: 62, 2025-05-01: 58, 2025-06-01: 58, 2025-07-01: 66, 2025-08-01: 76, 2025-09-01: 72, 2025-10-01: 73, 2025-11-01: 68, 2025-12-01: 80, 2026-01-01: 72, 2026-02-01: 75, 2026-03-01: 100, 2026-04-01: 86, 2026-04-05: 76, 2026-04-12: 70"
"Saffron","A spice derived from the flower of Crocus sativus, known for its vivid crimson stigma and styles, which are collected and dried for use mainly as a seasoning and coloring agent in food. Saffron is distinguished by its distinct flavor, aroma, and color, and is one of the most expensive spices by weight due to the labor-intensive process of harvesting it. It is primarily used by chefs and culinary enthusiasts, as well as in traditional medicine and various cultural cuisines.","beauty, health, food-beverage, industry, food, pharma, skincare, manufacturing, beverages","true","44%","823000","Exploding","exponential","Non-seasonal","Low","Neutral","declining","Past 5 years","https://signails.com/topics/saffron-1","{""facebook"":1210000,""linkedin"":24100,""twitter"":10300,""pinterest"":525000,""reddit"":51700,""tiktok"":57300,""youtube"":130000}","2021-04-01: 67, 2021-05-01: 66, 2021-06-01: 66, 2021-07-01: 64, 2021-08-01: 71, 2021-09-01: 63, 2021-10-01: 72, 2021-11-01: 69, 2021-12-01: 69, 2022-01-01: 69, 2022-02-01: 72, 2022-03-01: 69, 2022-04-01: 70, 2022-05-01: 65, 2022-06-01: 67, 2022-07-01: 66, 2022-08-01: 66, 2022-09-01: 63, 2022-10-01: 65, 2022-11-01: 75, 2022-12-01: 76, 2023-01-01: 78, 2023-02-01: 72, 2023-03-01: 67, 2023-04-01: 70, 2023-05-01: 70, 2023-06-01: 66, 2023-07-01: 67, 2023-08-01: 72, 2023-09-01: 68, 2023-10-01: 65, 2023-11-01: 71, 2023-12-01: 73, 2024-01-01: 72, 2024-02-01: 69, 2024-03-01: 72, 2024-04-01: 66, 2024-05-01: 67, 2024-06-01: 69, 2024-07-01: 69, 2024-08-01: 73, 2024-09-01: 69, 2024-10-01: 68, 2024-11-01: 67, 2024-12-01: 73, 2025-01-01: 70, 2025-02-01: 75, 2025-03-01: 73, 2025-04-01: 71, 2025-05-01: 71, 2025-06-01: 71, 2025-07-01: 79, 2025-08-01: 99, 2025-09-01: 88, 2025-10-01: 93, 2025-11-01: 97, 2025-12-01: 94, 2026-01-01: 89, 2026-02-01: 100, 2026-03-01: 94, 2026-04-01: 95, 2026-04-05: 87, 2026-04-12: 87"
"Lumi","Visual lab intelligence platform that enhances research and development (R&D) efficiency by streamlining lab monitoring, data analysis, and compliance. It uses advanced computer vision technology to capture, collate, and analyze experimental data safely and efficiently, differentiating itself by improving reproducibility and safety in scientific experiments. Lumi is primarily targeted at scientists and researchers looking to save time and increase the accuracy and safety of their experimental processes.","beauty, fashion, food-beverage, clothing, food, makeup-cosmetics, cpg","false","127%","246000","Exploding","constant","Seasonal","Low","Positive","growing","Past 5 years","https://signails.com/topics/lumi","{""facebook"":930000,""linkedin"":14300,""twitter"":12800,""pinterest"":146000,""reddit"":41800,""tiktok"":112000,""youtube"":131000}","2021-04-01: 35, 2021-05-01: 37, 2021-06-01: 33, 2021-07-01: 32, 2021-08-01: 37, 2021-09-01: 34, 2021-10-01: 39, 2021-11-01: 46, 2021-12-01: 42, 2022-01-01: 47, 2022-02-01: 46, 2022-03-01: 44, 2022-04-01: 44, 2022-05-01: 44, 2022-06-01: 44, 2022-07-01: 46, 2022-08-01: 46, 2022-09-01: 45, 2022-10-01: 54, 2022-11-01: 54, 2022-12-01: 57, 2023-01-01: 59, 2023-02-01: 61, 2023-03-01: 58, 2023-04-01: 55, 2023-05-01: 56, 2023-06-01: 56, 2023-07-01: 60, 2023-08-01: 62, 2023-09-01: 58, 2023-10-01: 64, 2023-11-01: 74, 2023-12-01: 69, 2024-01-01: 72, 2024-02-01: 72, 2024-03-01: 68, 2024-04-01: 70, 2024-05-01: 68, 2024-06-01: 70, 2024-07-01: 67, 2024-08-01: 70, 2024-09-01: 66, 2024-10-01: 68, 2024-11-01: 79, 2024-12-01: 82, 2025-01-01: 79, 2025-02-01: 89, 2025-03-01: 92, 2025-04-01: 85, 2025-05-01: 80, 2025-06-01: 73, 2025-07-01: 82, 2025-08-01: 85, 2025-09-01: 80, 2025-10-01: 88, 2025-11-01: 100, 2025-12-01: 91, 2026-01-01: 89, 2026-02-01: 89, 2026-03-01: 92, 2026-04-01: 84, 2026-04-05: 84, 2026-04-12: 84"
"Sundae","Real estate company that operates a marketplace connecting home sellers with a large network of local investors. The platform ensures that homeowners can get the highest possible off-market price for their properties by providing a competitive bidding environment. Sundae primarily targets homeowners looking to sell their properties quickly and efficiently without the traditional hassles of the real estate market.","business, beauty, food-beverage, food, real-estate, retail","true","44%","201000","Exploding","exponential","Non-seasonal","Low","Positive","declining","Past 5 years","https://signails.com/topics/sundae","{""facebook"":805000,""linkedin"":2420,""twitter"":7000,""pinterest"":212000,""reddit"":25400,""tiktok"":42300,""youtube"":59900}","2021-04-01: 7, 2021-05-01: 9, 2021-06-01: 8, 2021-07-01: 8, 2021-08-01: 8, 2021-09-01: 7, 2021-10-01: 6, 2021-11-01: 6, 2021-12-01: 6, 2022-01-01: 8, 2022-02-01: 8, 2022-03-01: 8, 2022-04-01: 9, 2022-05-01: 9, 2022-06-01: 9, 2022-07-01: 10, 2022-08-01: 9, 2022-09-01: 8, 2022-10-01: 7, 2022-11-01: 7, 2022-12-01: 7, 2023-01-01: 8, 2023-02-01: 8, 2023-03-01: 8, 2023-04-01: 10, 2023-05-01: 9, 2023-06-01: 10, 2023-07-01: 10, 2023-08-01: 9, 2023-09-01: 8, 2023-10-01: 7, 2023-11-01: 7, 2023-12-01: 7, 2024-01-01: 6, 2024-02-01: 7, 2024-03-01: 8, 2024-04-01: 9, 2024-05-01: 9, 2024-06-01: 9, 2024-07-01: 8, 2024-08-01: 9, 2024-09-01: 8, 2024-10-01: 8, 2024-11-01: 7, 2024-12-01: 8, 2025-01-01: 7, 2025-02-01: 8, 2025-03-01: 8, 2025-04-01: 9, 2025-05-01: 10, 2025-06-01: 10, 2025-07-01: 10, 2025-08-01: 11, 2025-09-01: 9, 2025-10-01: 9, 2025-11-01: 10, 2025-12-01: 11, 2026-01-01: 10, 2026-02-01: 21, 2026-03-01: 11, 2026-04-01: 13, 2026-04-05: 59, 2026-04-12: 63"
"Jarrah Honey","Jarrah honey is a type of honey derived from the nectar of the Jarrah tree, native to Western Australia. It is renowned for its antimicrobial, antibacterial, and antifungal properties, largely due to its high hydrogen peroxide content, which helps inhibit the growth of bacteria such as Golden Staph. This honey is particularly beneficial for individuals seeking natural remedies for preventing ulcers, soothing sore throats, and managing blood sugar levels due to its low glycemic index.","beauty, health, food-beverage, skincare, food, beverages, cpg","false","88%","2900","Exploding","exponential","Non-seasonal","Average","Positive","declining","Past 5 years","https://signails.com/topics/jarrah-honey","{""facebook"":1170,""linkedin"":48,""twitter"":15,""pinterest"":232,""reddit"":21,""tiktok"":58,""youtube"":103}","2021-04-01: 26, 2021-05-01: 33, 2021-06-01: 26, 2021-07-01: 26, 2021-08-01: 34, 2021-09-01: 31, 2021-10-01: 34, 2021-11-01: 22, 2021-12-01: 21, 2022-01-01: 38, 2022-02-01: 17, 2022-03-01: 30, 2022-04-01: 25, 2022-05-01: 24, 2022-06-01: 34, 2022-07-01: 24, 2022-08-01: 25, 2022-09-01: 31, 2022-10-01: 28, 2022-11-01: 30, 2022-12-01: 28, 2023-01-01: 28, 2023-02-01: 25, 2023-03-01: 32, 2023-04-01: 23, 2023-05-01: 28, 2023-06-01: 37, 2023-07-01: 35, 2023-08-01: 68, 2023-09-01: 33, 2023-10-01: 38, 2023-11-01: 37, 2023-12-01: 35, 2024-01-01: 29, 2024-02-01: 35, 2024-03-01: 36, 2024-04-01: 27, 2024-05-01: 27, 2024-06-01: 39, 2024-07-01: 45, 2024-08-01: 37, 2024-09-01: 26, 2024-10-01: 35, 2024-11-01: 58, 2024-12-01: 47, 2025-01-01: 53, 2025-02-01: 51, 2025-03-01: 58, 2025-04-01: 83, 2025-05-01: 76, 2025-06-01: 75, 2025-07-01: 94, 2025-08-01: 100, 2025-09-01: 79, 2025-10-01: 65, 2025-11-01: 59, 2025-12-01: 65, 2026-01-01: 67, 2026-02-01: 68, 2026-03-01: 63, 2026-04-01: 62, 2026-03-29: 31, 2026-04-05: 31, 2026-04-12: 33"
"Kakadu plum","A flowering plant native to Australia, known scientifically as Terminalia ferdinandiana. It is highly valued for its exceptional nutritional content, particularly its high vitamin C levels, making it a potent antioxidant. The Kakadu plum is used in various culinary and medicinal applications, benefiting those seeking natural sources of vitamins and antioxidants.","beauty, health, food-beverage, skincare, pharma, food","false","12%","40500","Exploding","exponential","Non-seasonal","Low","Positive","growing","Past 5 years","https://signails.com/topics/kakadu-plum","{""facebook"":4290,""linkedin"":154,""twitter"":46,""pinterest"":2110,""reddit"":77,""tiktok"":338,""youtube"":480}","2021-04-01: 25, 2021-05-01: 33, 2021-06-01: 23, 2021-07-01: 31, 2021-08-01: 25, 2021-09-01: 22, 2021-10-01: 21, 2021-11-01: 23, 2021-12-01: 24, 2022-01-01: 28, 2022-02-01: 24, 2022-03-01: 23, 2022-04-01: 27, 2022-05-01: 24, 2022-06-01: 27, 2022-07-01: 27, 2022-08-01: 30, 2022-09-01: 25, 2022-10-01: 25, 2022-11-01: 27, 2022-12-01: 26, 2023-01-01: 28, 2023-02-01: 31, 2023-03-01: 29, 2023-04-01: 34, 2023-05-01: 34, 2023-06-01: 33, 2023-07-01: 32, 2023-08-01: 30, 2023-09-01: 33, 2023-10-01: 30, 2023-11-01: 35, 2023-12-01: 32, 2024-01-01: 33, 2024-02-01: 33, 2024-03-01: 33, 2024-04-01: 32, 2024-05-01: 38, 2024-06-01: 35, 2024-07-01: 34, 2024-08-01: 34, 2024-09-01: 33, 2024-10-01: 37, 2024-11-01: 37, 2024-12-01: 42, 2025-01-01: 33, 2025-02-01: 39, 2025-03-01: 34, 2025-04-01: 35, 2025-05-01: 39, 2025-06-01: 37, 2025-07-01: 37, 2025-08-01: 44, 2025-09-01: 43, 2025-10-01: 43, 2025-11-01: 44, 2025-12-01: 39, 2026-01-01: 36, 2026-02-01: 42, 2026-03-01: 46, 2026-04-01: 37, 2026-04-05: 79, 2026-04-12: 82"
"OSMANTHUS","Genus of about 30 species of flowering plants in the family Oleaceae, primarily native to eastern Asia. Osmanthus plants are known for their fragrant flowers, which are often used in perfumery and traditional teas, providing a sweet and aromatic scent. These plants are popular among gardeners and horticulturists who appreciate their ornamental value and pleasant fragrance.","beauty, health, home, food-beverage, fragrances, food, beverages","false","67%","165000","Exploding","exponential","Seasonal","Average","Positive","growing","Past 5 years","https://signails.com/topics/osmanthus","{""facebook"":23500,""linkedin"":197,""twitter"":678,""pinterest"":17000,""reddit"":3640,""tiktok"":5400,""youtube"":8730}","2021-04-01: 52, 2021-05-01: 46, 2021-06-01: 40, 2021-07-01: 35, 2021-08-01: 39, 2021-09-01: 48, 2021-10-01: 46, 2021-11-01: 47, 2021-12-01: 39, 2022-01-01: 48, 2022-02-01: 50, 2022-03-01: 55, 2022-04-01: 53, 2022-05-01: 45, 2022-06-01: 38, 2022-07-01: 38, 2022-08-01: 39, 2022-09-01: 46, 2022-10-01: 46, 2022-11-01: 39, 2022-12-01: 39, 2023-01-01: 42, 2023-02-01: 47, 2023-03-01: 49, 2023-04-01: 54, 2023-05-01: 43, 2023-06-01: 39, 2023-07-01: 37, 2023-08-01: 39, 2023-09-01: 52, 2023-10-01: 52, 2023-11-01: 39, 2023-12-01: 40, 2024-01-01: 39, 2024-02-01: 47, 2024-03-01: 58, 2024-04-01: 57, 2024-05-01: 55, 2024-06-01: 45, 2024-07-01: 41, 2024-08-01: 43, 2024-09-01: 51, 2024-10-01: 55, 2024-11-01: 57, 2024-12-01: 47, 2025-01-01: 45, 2025-02-01: 53, 2025-03-01: 63, 2025-04-01: 72, 2025-05-01: 55, 2025-06-01: 50, 2025-07-01: 53, 2025-08-01: 65, 2025-09-01: 77, 2025-10-01: 82, 2025-11-01: 77, 2025-12-01: 62, 2026-01-01: 66, 2026-02-01: 79, 2026-03-01: 87, 2026-04-05: 101, 2026-04-12: 100"
"Made by nacho","Pet food company specializing in premium cat food products. Made by Nacho offers a range of wet and dry cat food, as well as snacks, made from high-quality ingredients like cage-free chicken, grass-fed beef, and sustainably sourced salmon, ensuring nutritionally balanced meals tailored to cats' health needs and preferences. The brand primarily targets cat owners seeking high-quality, nutritious, and palatable food options for their pets.","business, food-beverage, lifestyle, pets, cpg, food","true","426%","1600","Exploding","exponential","Non-seasonal","Average","Positive","declining","Past 5 years","https://signails.com/topics/made-by-nacho","{""facebook"":432,""linkedin"":143,""twitter"":14,""pinterest"":412,""reddit"":185,""tiktok"":216,""youtube"":42}","2021-04-01: 51, 2021-05-01: 19, 2021-06-01: 17, 2021-07-01: 27, 2021-08-01: 18, 2021-09-01: 14, 2021-10-01: 23, 2021-11-01: 18, 2021-12-01: 16, 2022-01-01: 16, 2022-02-01: 20, 2022-03-01: 25, 2022-04-01: 24, 2022-05-01: 25, 2022-06-01: 16, 2022-07-01: 19, 2022-08-01: 26, 2022-09-01: 19, 2022-10-01: 23, 2022-11-01: 30, 2022-12-01: 25, 2023-01-01: 18, 2023-02-01: 27, 2023-03-01: 23, 2023-04-01: 18, 2023-05-01: 27, 2023-06-01: 37, 2023-07-01: 44, 2023-08-01: 36, 2023-09-01: 42, 2023-10-01: 46, 2023-11-01: 36, 2023-12-01: 35, 2024-01-01: 26, 2024-02-01: 34, 2024-03-01: 26, 2024-04-01: 30, 2024-05-01: 29, 2024-06-01: 32, 2024-07-01: 30, 2024-08-01: 25, 2024-09-01: 25, 2024-10-01: 25, 2024-11-01: 25, 2024-12-01: 20, 2025-01-01: 24, 2025-02-01: 28, 2025-03-01: 29, 2025-04-01: 24, 2025-05-01: 25, 2025-06-01: 20, 2025-07-01: 23, 2025-08-01: 30, 2025-09-01: 29, 2025-10-01: 26, 2025-11-01: 25, 2025-12-01: 28, 2026-01-01: 25, 2026-02-01: 33, 2026-03-01: 47, 2026-04-01: 100, 2026-03-29: 66, 2026-04-05: 66, 2026-04-12: 67"
"Cometeer ","American coffee technology and manufacturing company based in Gloucester, Massachusetts, known for its advanced brewing technology and flash-freezing process. The company sources high-quality beans from renowned roasters like Intelligentsia and Counter Culture, packaging the coffee in fully recyclable aluminum capsules to emphasize sustainability and convenience. Cometeer primarily targets coffee enthusiasts seeking premium, convenient, and eco-friendly coffee solutions.","business, food-beverage, lifestyle, food, beverages, eco","true","1113%","18100","Exploding","exponential","Non-seasonal","Average","Positive","growing","Past 5 years","https://signails.com/topics/cometeer","{""facebook"":1360,""linkedin"":287,""twitter"":156,""pinterest"":333,""reddit"":643,""tiktok"":235,""youtube"":232}","2021-04-01: 5, 2021-05-01: 8, 2021-06-01: 14, 2021-07-01: 13, 2021-08-01: 13, 2021-09-01: 24, 2021-10-01: 42, 2021-11-01: 36, 2021-12-01: 52, 2022-01-01: 73, 2022-02-01: 68, 2022-03-01: 59, 2022-04-01: 70, 2022-05-01: 62, 2022-06-01: 64, 2022-07-01: 64, 2022-08-01: 59, 2022-09-01: 55, 2022-10-01: 54, 2022-11-01: 52, 2022-12-01: 57, 2023-01-01: 46, 2023-02-01: 44, 2023-03-01: 34, 2023-04-01: 33, 2023-05-01: 35, 2023-06-01: 41, 2023-07-01: 34, 2023-08-01: 31, 2023-09-01: 33, 2023-10-01: 40, 2023-11-01: 40, 2023-12-01: 45, 2024-01-01: 42, 2024-02-01: 55, 2024-03-01: 45, 2024-04-01: 47, 2024-05-01: 47, 2024-06-01: 51, 2024-07-01: 51, 2024-08-01: 50, 2024-09-01: 59, 2024-10-01: 50, 2024-11-01: 56, 2024-12-01: 63, 2025-01-01: 57, 2025-02-01: 60, 2025-03-01: 61, 2025-04-01: 63, 2025-05-01: 60, 2025-06-01: 65, 2025-07-01: 64, 2025-08-01: 93, 2025-09-01: 81, 2025-10-01: 73, 2025-11-01: 100, 2025-12-01: 77, 2026-01-01: 81, 2026-02-01: 81, 2026-03-01: 95, 2026-04-01: 97, 2026-04-05: 67, 2026-04-12: 70"
"It’s Just Wings","Restaurant concept offering wings for pickup, delivery, and dine-in at local Chili's Grill & Bar locations. It provides a variety of wing flavors and sides, with options for curbside pickup and no-contact delivery, making it a convenient choice for wing enthusiasts. The service primarily targets wing lovers looking for a quick and easy dining experience.","business, food-beverage, food, retail, cpg","true","8400%","12100","Exploding","exponential","Non-seasonal","Average","Neutral","stationary","Past 5 years","https://signails.com/topics/its-just-wings","{""facebook"":1140,""linkedin"":1,""twitter"":15,""pinterest"":111,""reddit"":283,""tiktok"":31,""youtube"":828}","2021-04-01: 0, 2021-05-01: 0, 2021-06-01: 0, 2021-07-01: 0, 2021-08-01: 0, 2021-09-01: 0, 2021-10-01: 0, 2021-11-01: 0, 2021-12-01: 0, 2022-01-01: 0, 2022-02-01: 58, 2022-03-01: 47, 2022-04-01: 50, 2022-05-01: 0, 2022-06-01: 0, 2022-07-01: 62, 2022-08-01: 54, 2022-09-01: 0, 2022-10-01: 0, 2022-11-01: 34, 2022-12-01: 45, 2023-01-01: 0, 2023-02-01: 0, 2023-03-01: 32, 2023-04-01: 0, 2023-05-01: 0, 2023-06-01: 48, 2023-07-01: 0, 2023-08-01: 0, 2023-09-01: 0, 2023-10-01: 46, 2023-11-01: 0, 2023-12-01: 0, 2024-01-01: 0, 2024-02-01: 0, 2024-03-01: 45, 2024-04-01: 0, 2024-05-01: 46, 2024-06-01: 0, 2024-07-01: 0, 2024-08-01: 0, 2024-09-01: 0, 2024-10-01: 46, 2024-11-01: 43, 2024-12-01: 0, 2025-01-01: 0, 2025-02-01: 0, 2025-03-01: 70, 2025-04-01: 49, 2025-05-01: 64, 2025-06-01: 48, 2025-07-01: 55, 2025-08-01: 0, 2025-09-01: 0, 2025-10-01: 100, 2025-11-01: 99, 2025-12-01: 67, 2026-01-01: 87, 2026-02-01: 87, 2026-03-01: 85, 2026-03-29: 20, 2026-04-05: 10, 2026-04-12: 10"
"Culture pop soda","Culture Pop Soda is a beverage brand that emphasizes the use of natural and organic ingredients in its products. The sodas incorporate organic fruit juices and spices like cardamom, juniper, and chili to create unique and flavorful drinks, offering a healthier alternative to traditional sodas. This brand primarily targets health-conscious consumers looking for natural and organic beverage options.","business, health, food-beverage, beverages, food, cpg","true","1433%","5400","Exploding","exponential","Non-seasonal","Low","Positive","growing","Past 5 years","https://signails.com/topics/culture-pop-soda","{""facebook"":508,""linkedin"":229,""twitter"":14,""pinterest"":147,""reddit"":57,""tiktok"":377,""youtube"":97}","2021-04-01: 7, 2021-05-01: 6, 2021-06-01: 5, 2021-07-01: 7, 2021-08-01: 6, 2021-09-01: 7, 2021-10-01: 7, 2021-11-01: 8, 2021-12-01: 11, 2022-01-01: 10, 2022-02-01: 8, 2022-03-01: 15, 2022-04-01: 12, 2022-05-01: 14, 2022-06-01: 11, 2022-07-01: 13, 2022-08-01: 8, 2022-09-01: 12, 2022-10-01: 10, 2022-11-01: 12, 2022-12-01: 8, 2023-01-01: 16, 2023-02-01: 17, 2023-03-01: 21, 2023-04-01: 26, 2023-05-01: 29, 2023-06-01: 30, 2023-07-01: 22, 2023-08-01: 29, 2023-09-01: 28, 2023-10-01: 19, 2023-11-01: 20, 2023-12-01: 20, 2024-01-01: 33, 2024-02-01: 36, 2024-03-01: 41, 2024-04-01: 39, 2024-05-01: 36, 2024-06-01: 30, 2024-07-01: 35, 2024-08-01: 31, 2024-09-01: 34, 2024-10-01: 29, 2024-11-01: 31, 2024-12-01: 27, 2025-01-01: 41, 2025-02-01: 40, 2025-03-01: 69, 2025-04-01: 80, 2025-05-01: 48, 2025-06-01: 42, 2025-07-01: 56, 2025-08-01: 61, 2025-09-01: 45, 2025-10-01: 42, 2025-11-01: 46, 2025-12-01: 72, 2026-01-01: 75, 2026-02-01: 85, 2026-03-01: 100, 2026-04-01: 92, 2026-04-05: 74, 2026-04-12: 67"
"Marleybones","Sustainable dog food subscription service that delivers highly nutritious and tailor-made plans directly to your doorstep. It is notable for being the world's first and only dog food company with a guaranteed net-zero plastic footprint, differentiating itself through its commitment to environmental sustainability. Marleybones primarily targets environmentally conscious pet owners who seek high-quality, personalized nutrition for their dogs.","business, food-beverage, lifestyle, pets, food, cpg","true","463%","5400","Exploding","exponential","Non-seasonal","Average","Positive","growing","Past 5 years","https://signails.com/topics/marleybones","{""facebook"":564,""linkedin"":93,""twitter"":0,""pinterest"":259,""reddit"":20,""tiktok"":57,""youtube"":29}","2021-04-01: 16, 2021-05-01: 0, 2021-06-01: 0, 2021-07-01: 0, 2021-08-01: 22, 2021-09-01: 25, 2021-10-01: 0, 2021-11-01: 21, 2021-12-01: 40, 2022-01-01: 0, 2022-02-01: 24, 2022-03-01: 13, 2022-04-01: 16, 2022-05-01: 13, 2022-06-01: 0, 2022-07-01: 25, 2022-08-01: 20, 2022-09-01: 17, 2022-10-01: 21, 2022-11-01: 17, 2022-12-01: 0, 2023-01-01: 21, 2023-02-01: 30, 2023-03-01: 21, 2023-04-01: 23, 2023-05-01: 30, 2023-06-01: 26, 2023-07-01: 19, 2023-08-01: 18, 2023-09-01: 0, 2023-10-01: 0, 2023-11-01: 18, 2023-12-01: 15, 2024-01-01: 21, 2024-02-01: 38, 2024-03-01: 30, 2024-04-01: 37, 2024-05-01: 23, 2024-06-01: 0, 2024-07-01: 40, 2024-08-01: 28, 2024-09-01: 33, 2024-10-01: 59, 2024-11-01: 59, 2024-12-01: 45, 2025-01-01: 52, 2025-02-01: 38, 2025-03-01: 38, 2025-04-01: 40, 2025-05-01: 44, 2025-06-01: 52, 2025-07-01: 55, 2025-08-01: 53, 2025-09-01: 58, 2025-10-01: 62, 2025-11-01: 61, 2025-12-01: 91, 2026-01-01: 92, 2026-02-01: 100, 2026-03-01: 90, 2026-04-05: 40, 2026-04-12: 62"
"Tru Fru","Brand offering frozen fruit snacks, particularly fruits coated in chocolate, such as strawberries covered in white and milk chocolate and dark chocolate-covered coconut. Known for their quality and taste, Tru Fru differentiates itself by providing a unique combination of fruit and chocolate that appeals to health-conscious consumers seeking indulgent yet nutritious snacks. The target demographic includes individuals looking for premium, convenient, and healthier snack options available at various retailers.","business, food-beverage, retail, food, cpg","true","168%","301000","Exploding","constant","Seasonal","Average","Positive","declining","Past 5 years","https://signails.com/topics/tru-fru","{""facebook"":1890,""linkedin"":38,""twitter"":35,""pinterest"":2570,""reddit"":482,""tiktok"":3330,""youtube"":1020}","2021-04-01: 13, 2021-05-01: 28, 2021-06-01: 16, 2021-07-01: 12, 2021-08-01: 9, 2021-09-01: 7, 2021-10-01: 7, 2021-11-01: 7, 2021-12-01: 9, 2022-01-01: 12, 2022-02-01: 19, 2022-03-01: 22, 2022-04-01: 20, 2022-05-01: 22, 2022-06-01: 35, 2022-07-01: 24, 2022-08-01: 21, 2022-09-01: 16, 2022-10-01: 16, 2022-11-01: 13, 2022-12-01: 12, 2023-01-01: 20, 2023-02-01: 28, 2023-03-01: 26, 2023-04-01: 30, 2023-05-01: 34, 2023-06-01: 42, 2023-07-01: 50, 2023-08-01: 38, 2023-09-01: 37, 2023-10-01: 32, 2023-11-01: 26, 2023-12-01: 31, 2024-01-01: 47, 2024-02-01: 71, 2024-03-01: 78, 2024-04-01: 65, 2024-05-01: 82, 2024-06-01: 100, 2024-07-01: 79, 2024-08-01: 70, 2024-09-01: 62, 2024-10-01: 54, 2024-11-01: 50, 2024-12-01: 51, 2025-01-01: 65, 2025-02-01: 81, 2025-03-01: 74, 2025-04-01: 67, 2025-05-01: 79, 2025-06-01: 73, 2025-07-01: 57, 2025-08-01: 68, 2025-09-01: 58, 2025-10-01: 79, 2025-11-01: 50, 2025-12-01: 45, 2026-01-01: 64, 2026-02-01: 76, 2026-03-01: 78, 2026-04-01: 75, 2026-03-29: 61, 2026-04-05: 57, 2026-04-12: 59"
"Readywise","A company specializing in producing ready-made entrées, meats, vegetables, and fruits that are either freeze-dried or dehydrated. Readywise offers products designed for camping and long-term emergency preparedness, differentiating itself with a focus on convenience and shelf-life. The target demographic includes outdoor enthusiasts, preppers, and individuals seeking reliable food storage solutions for emergencies.","business, food-beverage, industry, retail, supply-chain, food","true","242%","6600","Exploding","constant","Non-seasonal","Low","Neutral","growing","Past 5 years","https://signails.com/topics/readywise","{""facebook"":2180,""linkedin"":86,""twitter"":1,""pinterest"":883,""reddit"":560,""tiktok"":274,""youtube"":749}","2021-04-01: 20, 2021-05-01: 24, 2021-06-01: 19, 2021-07-01: 20, 2021-08-01: 40, 2021-09-01: 35, 2021-10-01: 38, 2021-11-01: 34, 2021-12-01: 23, 2022-01-01: 30, 2022-02-01: 46, 2022-03-01: 90, 2022-04-01: 43, 2022-05-01: 53, 2022-06-01: 44, 2022-07-01: 46, 2022-08-01: 32, 2022-09-01: 29, 2022-10-01: 35, 2022-11-01: 28, 2022-12-01: 25, 2023-01-01: 21, 2023-02-01: 39, 2023-03-01: 37, 2023-04-01: 33, 2023-05-01: 30, 2023-06-01: 28, 2023-07-01: 25, 2023-08-01: 33, 2023-09-01: 27, 2023-10-01: 35, 2023-11-01: 29, 2023-12-01: 26, 2024-01-01: 56, 2024-02-01: 50, 2024-03-01: 40, 2024-04-01: 33, 2024-05-01: 24, 2024-06-01: 25, 2024-07-01: 100, 2024-08-01: 52, 2024-09-01: 50, 2024-10-01: 68, 2024-11-01: 43, 2024-12-01: 32, 2025-01-01: 38, 2025-02-01: 42, 2025-03-01: 35, 2025-04-01: 36, 2025-05-01: 38, 2025-06-01: 49, 2025-07-01: 39, 2025-08-01: 42, 2025-09-01: 46, 2025-10-01: 42, 2025-11-01: 52, 2025-12-01: 27, 2026-01-01: 45, 2026-02-01: 49, 2026-03-01: 80, 2026-04-01: 82, 2026-03-29: 63, 2026-04-05: 61, 2026-04-12: 56"
"Phenix app","Mobile application aimed at reducing food waste by enabling users to buy unsold products from local businesses like grocery stores, restaurants, and bakeries at discounted prices. The app offers themed baskets from these businesses, allowing users to save food that would otherwise be discarded, thus promoting sustainability and cost savings. The Phenix app primarily targets environmentally conscious consumers and budget-conscious individuals looking to reduce food waste and save money.","business, technology, food-beverage, lifestyle, retail, food, eco","true","141%","1600","Exploding","exponential","Non-seasonal","Average","Positive","stationary","Past 5 years","https://signails.com/topics/phenix-app","{""facebook"":14,""linkedin"":0,""twitter"":0,""pinterest"":0,""reddit"":1,""tiktok"":14,""youtube"":14}","2021-04-01: 26, 2021-05-01: 32, 2021-06-01: 24, 2021-07-01: 18, 2021-08-01: 18, 2021-09-01: 25, 2021-10-01: 26, 2021-11-01: 24, 2021-12-01: 39, 2022-01-01: 28, 2022-02-01: 34, 2022-03-01: 31, 2022-04-01: 31, 2022-05-01: 32, 2022-06-01: 27, 2022-07-01: 33, 2022-08-01: 27, 2022-09-01: 32, 2022-10-01: 35, 2022-11-01: 33, 2022-12-01: 28, 2023-01-01: 29, 2023-02-01: 32, 2023-03-01: 34, 2023-04-01: 27, 2023-05-01: 24, 2023-06-01: 30, 2023-07-01: 20, 2023-08-01: 31, 2023-09-01: 25, 2023-10-01: 21, 2023-11-01: 26, 2023-12-01: 22, 2024-01-01: 30, 2024-02-01: 20, 2024-03-01: 22, 2024-04-01: 23, 2024-05-01: 23, 2024-06-01: 15, 2024-07-01: 16, 2024-08-01: 27, 2024-09-01: 21, 2024-10-01: 24, 2024-11-01: 20, 2024-12-01: 31, 2025-01-01: 23, 2025-02-01: 21, 2025-03-01: 22, 2025-04-01: 23, 2025-05-01: 29, 2025-06-01: 31, 2025-07-01: 47, 2025-08-01: 85, 2025-09-01: 100, 2025-10-01: 75, 2025-11-01: 81, 2025-12-01: 69, 2026-01-01: 96, 2026-02-01: 90, 2026-03-01: 94, 2026-04-01: 77, 2026-04-05: 39, 2026-04-12: 48"
"Togoodtogo","Service with a mobile application that connects customers to restaurants and stores with surplus unsold food. It aims to reduce food waste by allowing users to purchase surplus food at a reduced price, thereby helping the environment. The service primarily targets environmentally conscious consumers and budget-conscious individuals looking for affordable meal options.","business, technology, food-beverage, retail, food, supply-chain","true","22%","590","Exploding","stationary","Seasonal","Low","Positive","growing","Past 5 years","https://signails.com/topics/togoodtogo","{""facebook"":866,""linkedin"":126,""twitter"":15,""pinterest"":25,""reddit"":114,""tiktok"":1280,""youtube"":292}","2021-04-01: 67, 2021-05-01: 66, 2021-06-01: 54, 2021-07-01: 57, 2021-08-01: 58, 2021-09-01: 69, 2021-10-01: 69, 2021-11-01: 57, 2021-12-01: 49, 2022-01-01: 62, 2022-02-01: 67, 2022-03-01: 60, 2022-04-01: 64, 2022-05-01: 60, 2022-06-01: 70, 2022-07-01: 60, 2022-08-01: 50, 2022-09-01: 86, 2022-10-01: 82, 2022-11-01: 63, 2022-12-01: 57, 2023-01-01: 74, 2023-02-01: 85, 2023-03-01: 75, 2023-04-01: 64, 2023-05-01: 60, 2023-06-01: 44, 2023-07-01: 53, 2023-08-01: 60, 2023-09-01: 70, 2023-10-01: 75, 2023-11-01: 74, 2023-12-01: 55, 2024-01-01: 85, 2024-02-01: 100, 2024-03-01: 99, 2024-04-01: 85, 2024-05-01: 76, 2024-06-01: 77, 2024-07-01: 80, 2024-08-01: 66, 2024-09-01: 79, 2024-10-01: 96, 2024-11-01: 78, 2024-12-01: 68, 2025-01-01: 93, 2025-02-01: 97, 2025-03-01: 88, 2025-04-01: 77, 2025-05-01: 84, 2025-06-01: 86, 2025-07-01: 78, 2025-08-01: 74, 2025-09-01: 82, 2025-10-01: 91, 2025-11-01: 81, 2025-12-01: 62, 2026-01-01: 86, 2026-02-01: 78, 2026-03-01: 82, 2026-03-22: 62, 2026-03-29: 60, 2026-04-05: 57, 2026-04-12: 54"
"Flintts","Quick-dissolving mints designed to combat dry mouth by stimulating saliva production. Made from sustainable palm oil and all-natural flavors derived from high-quality plant inputs, these mints offer a mouth-watering and sparkling effect. Flintts Mints are particularly beneficial for individuals experiencing dry mouth or those seeking a refreshing and natural oral care solution.","business, health, food-beverage, healthcare, cpg, food","true","181%","0","Exploding","constant","Seasonal","Low","Positive","stationary","Past 5 years","https://signails.com/topics/flintts","{""facebook"":781,""linkedin"":29,""twitter"":14,""pinterest"":83,""reddit"":272,""tiktok"":1110,""youtube"":242}","2021-04-01: 40, 2021-05-01: 26, 2021-06-01: 35, 2021-07-01: 17, 2021-08-01: 20, 2021-09-01: 62, 2021-10-01: 73, 2021-11-01: 71, 2021-12-01: 33, 2022-01-01: 38, 2022-02-01: 34, 2022-03-01: 38, 2022-04-01: 35, 2022-05-01: 27, 2022-06-01: 25, 2022-07-01: 31, 2022-08-01: 27, 2022-09-01: 57, 2022-10-01: 30, 2022-11-01: 34, 2022-12-01: 36, 2023-01-01: 42, 2023-02-01: 47, 2023-03-01: 51, 2023-04-01: 46, 2023-05-01: 44, 2023-06-01: 48, 2023-07-01: 44, 2023-08-01: 49, 2023-09-01: 75, 2023-10-01: 56, 2023-11-01: 69, 2023-12-01: 71, 2024-01-01: 65, 2024-02-01: 57, 2024-03-01: 58, 2024-04-01: 63, 2024-05-01: 71, 2024-06-01: 79, 2024-07-01: 90, 2024-08-01: 79, 2024-09-01: 68, 2024-10-01: 77, 2024-11-01: 100, 2024-12-01: 99, 2025-01-01: 82, 2025-02-01: 81, 2025-03-01: 72, 2025-04-01: 64, 2025-05-01: 71, 2025-06-01: 65, 2025-07-01: 73, 2025-08-01: 78, 2025-09-01: 60, 2025-10-01: 63, 2025-11-01: 51, 2025-12-01: 60, 2026-01-01: 58, 2026-02-01: 89, 2026-03-01: 88, 2026-04-01: 73, 2026-04-05: 51, 2026-04-12: 51"
"tablecheck","Software company founded in 2011 that provides a reservation platform for restaurants. The platform consolidates all bookings into one dashboard and includes advanced features like a cancellation system, enhancing operational efficiency and customer management for restaurants. TableCheck primarily targets restaurant owners and managers seeking to streamline their reservation processes and improve customer service.","business, technology, food-beverage, productivity, food","true","1650%","33100","Exploding","constant","Non-seasonal","Low","Negative","declining","Past 5 years","https://signails.com/topics/tablecheck","{""facebook"":1240,""linkedin"":579,""twitter"":134,""pinterest"":41,""reddit"":476,""tiktok"":27,""youtube"":53}","2021-04-01: 6, 2021-05-01: 4, 2021-06-01: 5, 2021-07-01: 6, 2021-08-01: 5, 2021-09-01: 5, 2021-10-01: 6, 2021-11-01: 9, 2021-12-01: 8, 2022-01-01: 7, 2022-02-01: 9, 2022-03-01: 9, 2022-04-01: 10, 2022-05-01: 10, 2022-06-01: 11, 2022-07-01: 11, 2022-08-01: 11, 2022-09-01: 12, 2022-10-01: 14, 2022-11-01: 15, 2022-12-01: 17, 2023-01-01: 17, 2023-02-01: 19, 2023-03-01: 17, 2023-04-01: 18, 2023-05-01: 18, 2023-06-01: 22, 2023-07-01: 22, 2023-08-01: 23, 2023-09-01: 24, 2023-10-01: 26, 2023-11-01: 28, 2023-12-01: 34, 2024-01-01: 29, 2024-02-01: 36, 2024-03-01: 34, 2024-04-01: 38, 2024-05-01: 35, 2024-06-01: 39, 2024-07-01: 36, 2024-08-01: 35, 2024-09-01: 34, 2024-10-01: 45, 2024-11-01: 50, 2024-12-01: 51, 2025-01-01: 46, 2025-02-01: 47, 2025-03-01: 49, 2025-04-01: 46, 2025-05-01: 41, 2025-06-01: 45, 2025-07-01: 43, 2025-08-01: 92, 2025-09-01: 90, 2025-10-01: 91, 2025-11-01: 97, 2025-12-01: 99, 2026-01-01: 83, 2026-02-01: 91, 2026-03-01: 100, 2026-04-01: 70, 2026-04-05: 56, 2026-04-12: 53"
"Cerebelly","Company that produces baby food designed to promote healthy brain development in children. Their products are veggie-first, farm-fresh, science-backed, and organic, combining neuroscience to provide specific nutrients that support the development of children's minds. Cerebelly primarily targets parents seeking nutritious, scientifically-formulated food options to support their children's cognitive growth and overall health.","business, health, food-beverage, food, nutrition, cpg","true","119%","14800","Exploding","constant","Non-seasonal","Average","Neutral","stationary","Past 5 years","https://signails.com/topics/cerebelly","{""facebook"":296,""linkedin"":97,""twitter"":14,""pinterest"":16,""reddit"":142,""tiktok"":131,""youtube"":53}","2021-04-01: 31, 2021-05-01: 36, 2021-06-01: 44, 2021-07-01: 45, 2021-08-01: 45, 2021-09-01: 40, 2021-10-01: 49, 2021-11-01: 37, 2021-12-01: 40, 2022-01-01: 47, 2022-02-01: 50, 2022-03-01: 56, 2022-04-01: 51, 2022-05-01: 61, 2022-06-01: 71, 2022-07-01: 65, 2022-08-01: 67, 2022-09-01: 65, 2022-10-01: 63, 2022-11-01: 63, 2022-12-01: 53, 2023-01-01: 65, 2023-02-01: 56, 2023-03-01: 61, 2023-04-01: 67, 2023-05-01: 57, 2023-06-01: 65, 2023-07-01: 56, 2023-08-01: 52, 2023-09-01: 58, 2023-10-01: 100, 2023-11-01: 51, 2023-12-01: 63, 2024-01-01: 64, 2024-02-01: 70, 2024-03-01: 75, 2024-04-01: 80, 2024-05-01: 91, 2024-06-01: 90, 2024-07-01: 77, 2024-08-01: 77, 2024-09-01: 63, 2024-10-01: 56, 2024-11-01: 52, 2024-12-01: 66, 2025-01-01: 75, 2025-02-01: 61, 2025-03-01: 66, 2025-04-01: 66, 2025-05-01: 63, 2025-06-01: 67, 2025-07-01: 65, 2025-08-01: 88, 2025-09-01: 73, 2025-10-01: 78, 2025-11-01: 64, 2025-12-01: 52, 2026-01-01: 64, 2026-02-01: 67, 2026-03-01: 68, 2026-03-29: 65, 2026-04-05: 71, 2026-04-12: 69"
"Vegobears","Sour gummy bears made naturally without any artificial additives, available in flavors such as Lemon, Apple, and Pineapple. These gummy bears are distinguished by their use of natural ingredients, providing a healthier alternative to traditional gummy candies. Vegobears are targeted at health-conscious consumers and those seeking natural, additive-free confectionery options.","business, food-beverage, ecommerce, retail, food, cpg","true","7200%","2900","Exploding","constant","Non-seasonal","Average","Positive","stationary","Past 5 years","https://signails.com/topics/vegobears","{""facebook"":127,""linkedin"":21,""twitter"":0,""pinterest"":18,""reddit"":33,""tiktok"":25,""youtube"":23}","2021-04-01: 0, 2021-05-01: 0, 2021-06-01: 0, 2021-07-01: 0, 2021-08-01: 0, 2021-09-01: 0, 2021-10-01: 0, 2021-11-01: 0, 2021-12-01: 0, 2022-01-01: 0, 2022-02-01: 0, 2022-03-01: 33, 2022-04-01: 26, 2022-05-01: 31, 2022-06-01: 23, 2022-07-01: 19, 2022-08-01: 20, 2022-09-01: 22, 2022-10-01: 42, 2022-11-01: 38, 2022-12-01: 32, 2023-01-01: 42, 2023-02-01: 61, 2023-03-01: 83, 2023-04-01: 63, 2023-05-01: 85, 2023-06-01: 70, 2023-07-01: 33, 2023-08-01: 64, 2023-09-01: 73, 2023-10-01: 57, 2023-11-01: 39, 2023-12-01: 62, 2024-01-01: 55, 2024-02-01: 52, 2024-03-01: 62, 2024-04-01: 60, 2024-05-01: 64, 2024-06-01: 73, 2024-07-01: 63, 2024-08-01: 75, 2024-09-01: 66, 2024-10-01: 85, 2024-11-01: 54, 2024-12-01: 76, 2025-01-01: 100, 2025-02-01: 78, 2025-03-01: 79, 2025-04-01: 70, 2025-05-01: 45, 2025-06-01: 42, 2025-07-01: 65, 2025-08-01: 51, 2025-09-01: 60, 2025-10-01: 67, 2025-11-01: 56, 2025-12-01: 55, 2026-01-01: 21, 2026-02-01: 47, 2026-03-01: 46, 2026-04-01: 73, 2026-03-29: 26, 2026-04-05: 24, 2026-04-12: 20"
"Madegood","A company dedicated to producing healthy snacks while supporting organic farming and environmental sustainability. It differentiates itself by being a B Corp certified and Zero Waste certified, focusing on continuous innovation to reduce its carbon footprint. The target demographic includes health-conscious consumers and environmentally aware individuals seeking sustainable snack options.","business, health, food-beverage, retail, food, cpg","true","1500%","10","Exploding","stationary","Non-seasonal","Low","Positive","growing","Past 5 years","https://signails.com/topics/madegood","{""facebook"":1530,""linkedin"":788,""twitter"":39,""pinterest"":701,""reddit"":466,""tiktok"":227,""youtube"":277}","2021-04-01: 4, 2021-05-01: 4, 2021-06-01: 4, 2021-07-01: 5, 2021-08-01: 6, 2021-09-01: 8, 2021-10-01: 8, 2021-11-01: 7, 2021-12-01: 5, 2022-01-01: 8, 2022-02-01: 9, 2022-03-01: 6, 2022-04-01: 6, 2022-05-01: 7, 2022-06-01: 7, 2022-07-01: 5, 2022-08-01: 9, 2022-09-01: 9, 2022-10-01: 7, 2022-11-01: 6, 2022-12-01: 5, 2023-01-01: 9, 2023-02-01: 9, 2023-03-01: 9, 2023-04-01: 8, 2023-05-01: 10, 2023-06-01: 8, 2023-07-01: 9, 2023-08-01: 12, 2023-09-01: 11, 2023-10-01: 8, 2023-11-01: 8, 2023-12-01: 7, 2024-01-01: 13, 2024-02-01: 12, 2024-03-01: 12, 2024-04-01: 12, 2024-05-01: 12, 2024-06-01: 13, 2024-07-01: 12, 2024-08-01: 15, 2024-09-01: 18, 2024-10-01: 14, 2024-11-01: 12, 2024-12-01: 100, 2025-01-01: 23, 2025-02-01: 59, 2025-03-01: 20, 2025-04-01: 17, 2025-05-01: 18, 2025-06-01: 18, 2025-07-01: 22, 2025-08-01: 34, 2025-09-01: 36, 2025-10-01: 29, 2025-11-01: 23, 2025-12-01: 20, 2026-01-01: 24, 2026-02-01: 27, 2026-03-01: 43, 2026-04-01: 64, 2026-04-05: 71, 2026-04-12: 68"
"Flipdish","Company that provides a comprehensive restaurant management system. Their offerings include point-of-sale capabilities, websites and apps for online ordering, kiosks for in-store ordering, and marketing services, differentiating them by their extensive range of integrated solutions. Flipdish primarily targets independent restaurants seeking to enhance their operations and customer engagement through technology.","business, technology, food-beverage, productivity, retail, food","true","-3%","8100","Falling","exponential","Non-seasonal","Low","Positive","growing","Past 5 years","https://signails.com/topics/flipdish","{""facebook"":1100,""linkedin"":970,""twitter"":17,""pinterest"":19,""reddit"":97,""tiktok"":41,""youtube"":586}","2021-04-01: 65, 2021-05-01: 64, 2021-06-01: 45, 2021-07-01: 45, 2021-08-01: 38, 2021-09-01: 43, 2021-10-01: 54, 2021-11-01: 36, 2021-12-01: 45, 2022-01-01: 100, 2022-02-01: 67, 2022-03-01: 59, 2022-04-01: 61, 2022-05-01: 71, 2022-06-01: 74, 2022-07-01: 65, 2022-08-01: 50, 2022-09-01: 53, 2022-10-01: 50, 2022-11-01: 53, 2022-12-01: 44, 2023-01-01: 43, 2023-02-01: 46, 2023-03-01: 48, 2023-04-01: 46, 2023-05-01: 37, 2023-06-01: 40, 2023-07-01: 37, 2023-08-01: 35, 2023-09-01: 36, 2023-10-01: 37, 2023-11-01: 39, 2023-12-01: 34, 2024-01-01: 36, 2024-02-01: 40, 2024-03-01: 35, 2024-04-01: 39, 2024-05-01: 31, 2024-06-01: 33, 2024-07-01: 39, 2024-08-01: 31, 2024-09-01: 38, 2024-10-01: 37, 2024-11-01: 37, 2024-12-01: 39, 2025-01-01: 36, 2025-02-01: 38, 2025-03-01: 35, 2025-04-01: 36, 2025-05-01: 38, 2025-06-01: 39, 2025-07-01: 39, 2025-08-01: 71, 2025-09-01: 62, 2025-10-01: 54, 2025-11-01: 56, 2025-12-01: 44, 2026-01-01: 86, 2026-02-01: 86, 2026-03-01: 63, 2026-04-05: 36, 2026-04-12: 42"
"Moveat","Food tour experience where participants explore various dining establishments within a city. By purchasing a ticket, participants gain access to multiple tasting experiences at hand-picked restaurants, delis, wine bars, and other eateries, offering a curated culinary adventure. The concept is designed for food enthusiasts looking to discover and enjoy a variety of local flavors and dining experiences.","business, company, cooking, food, beverages, concept","true","244%","6600","Exploding","exponential","Seasonal","Low","Positive","growing","Past 5 years","https://signails.com/topics/moveat","{""facebook"":6540,""linkedin"":172,""twitter"":14,""pinterest"":90,""reddit"":0,""tiktok"":170,""youtube"":172}","2021-04-01: 11, 2021-05-01: 18, 2021-06-01: 41, 2021-07-01: 33, 2021-08-01: 41, 2021-09-01: 55, 2021-10-01: 48, 2021-11-01: 31, 2021-12-01: 22, 2022-01-01: 26, 2022-02-01: 47, 2022-03-01: 42, 2022-04-01: 37, 2022-05-01: 41, 2022-06-01: 37, 2022-07-01: 24, 2022-08-01: 55, 2022-09-01: 56, 2022-10-01: 41, 2022-11-01: 41, 2022-12-01: 39, 2023-01-01: 35, 2023-02-01: 74, 2023-03-01: 65, 2023-04-01: 49, 2023-05-01: 55, 2023-06-01: 41, 2023-07-01: 32, 2023-08-01: 59, 2023-09-01: 61, 2023-10-01: 57, 2023-11-01: 48, 2023-12-01: 28, 2024-01-01: 49, 2024-02-01: 62, 2024-03-01: 57, 2024-04-01: 54, 2024-05-01: 53, 2024-06-01: 41, 2024-07-01: 37, 2024-08-01: 56, 2024-09-01: 86, 2024-10-01: 61, 2024-11-01: 56, 2024-12-01: 37, 2025-01-01: 48, 2025-02-01: 70, 2025-03-01: 72, 2025-04-01: 48, 2025-05-01: 63, 2025-06-01: 41, 2025-07-01: 30, 2025-08-01: 73, 2025-09-01: 100, 2025-10-01: 65, 2025-11-01: 63, 2025-12-01: 47, 2026-01-01: 51, 2026-02-01: 72, 2026-03-01: 83, 2026-04-01: 62, 2026-03-29: 44, 2026-04-05: 38, 2026-04-12: 36"
"Spudsy","A food company that focuses on creating sustainable snacks from upcycled sweet potatoes. The company offers a range of snack products, including sweet potato puffs and fries, made from sweet potatoes that would otherwise go to waste, differentiating itself by its commitment to sustainability and reducing food waste. Spudsy primarily targets environmentally conscious consumers and snack enthusiasts looking for healthier, eco-friendly snack options.","business, food-beverage, food, cpg, retail","true","436.00000000000006%","49500","Exploding","constant","Non-seasonal","Low","Positive","declining","Past 5 years","https://signails.com/topics/spudsy","{""facebook"":491,""linkedin"":101,""twitter"":133,""pinterest"":159,""reddit"":705,""tiktok"":308,""youtube"":649}","2021-04-01: 16, 2021-05-01: 11, 2021-06-01: 16, 2021-07-01: 15, 2021-08-01: 16, 2021-09-01: 16, 2021-10-01: 20, 2021-11-01: 18, 2021-12-01: 15, 2022-01-01: 17, 2022-02-01: 16, 2022-03-01: 22, 2022-04-01: 30, 2022-05-01: 24, 2022-06-01: 21, 2022-07-01: 24, 2022-08-01: 20, 2022-09-01: 27, 2022-10-01: 24, 2022-11-01: 17, 2022-12-01: 12, 2023-01-01: 23, 2023-02-01: 24, 2023-03-01: 16, 2023-04-01: 36, 2023-05-01: 21, 2023-06-01: 25, 2023-07-01: 26, 2023-08-01: 24, 2023-09-01: 31, 2023-10-01: 22, 2023-11-01: 12, 2023-12-01: 13, 2024-01-01: 36, 2024-02-01: 70, 2024-03-01: 31, 2024-04-01: 33, 2024-05-01: 30, 2024-06-01: 31, 2024-07-01: 29, 2024-08-01: 35, 2024-09-01: 35, 2024-10-01: 19, 2024-11-01: 31, 2024-12-01: 100, 2025-01-01: 44, 2025-02-01: 26, 2025-03-01: 26, 2025-04-01: 22, 2025-05-01: 29, 2025-06-01: 36, 2025-07-01: 34, 2025-08-01: 49, 2025-09-01: 34, 2025-10-01: 35, 2025-11-01: 33, 2025-12-01: 40, 2026-01-01: 32, 2026-02-01: 33, 2026-03-01: 45, 2026-04-01: 59, 2026-04-05: 48, 2026-04-12: 46"
"Cacao lab","New York-based social good company focused on providing the finest-quality ceremonial grade cacao. They partner directly with family farms and indigenous communities to ensure the integrity and tradition of ceremonial cacao are honored, offering proprietary blends, cacao ceremonies, and educational offerings. The company primarily targets individuals interested in holistic wellness, traditional practices, and high-quality cacao products.","business, health, food-beverage, food, beverages, nutrition","true","700%","2400","Exploding","exponential","Seasonal","Average","Positive","growing","Past 5 years","https://signails.com/topics/cacao-lab","{""facebook"":1090,""linkedin"":40,""twitter"":0,""pinterest"":60,""reddit"":1,""tiktok"":15,""youtube"":39}","2021-04-01: 0, 2021-05-01: 7, 2021-06-01: 9, 2021-07-01: 0, 2021-08-01: 0, 2021-09-01: 0, 2021-10-01: 9, 2021-11-01: 11, 2021-12-01: 12, 2022-01-01: 10, 2022-02-01: 16, 2022-03-01: 14, 2022-04-01: 12, 2022-05-01: 11, 2022-06-01: 11, 2022-07-01: 9, 2022-08-01: 8, 2022-09-01: 8, 2022-10-01: 15, 2022-11-01: 13, 2022-12-01: 12, 2023-01-01: 9, 2023-02-01: 11, 2023-03-01: 12, 2023-04-01: 12, 2023-05-01: 8, 2023-06-01: 10, 2023-07-01: 13, 2023-08-01: 10, 2023-09-01: 10, 2023-10-01: 19, 2023-11-01: 17, 2023-12-01: 15, 2024-01-01: 16, 2024-02-01: 18, 2024-03-01: 14, 2024-04-01: 19, 2024-05-01: 13, 2024-06-01: 18, 2024-07-01: 17, 2024-08-01: 14, 2024-09-01: 11, 2024-10-01: 21, 2024-11-01: 18, 2024-12-01: 20, 2025-01-01: 17, 2025-02-01: 20, 2025-03-01: 16, 2025-04-01: 18, 2025-05-01: 26, 2025-06-01: 23, 2025-07-01: 34, 2025-08-01: 91, 2025-09-01: 91, 2025-10-01: 97, 2025-11-01: 89, 2025-12-01: 77, 2026-01-01: 81, 2026-02-01: 100, 2026-03-01: 68, 2026-04-01: 56, 2026-04-05: 49, 2026-04-12: 40"
"Keto granola","A type of granola specifically designed to be compatible with a ketogenic diet, which is low in carbohydrates and high in fats. Unlike traditional granola, it is typically made with a combination of nuts, seeds, and other low-carb ingredients, providing a good source of healthy fats and fiber. This product is particularly suitable for individuals following a ketogenic or low-carb diet, offering a convenient and tasty snack or breakfast option.","business, health, food-beverage, retail, diets, food","false","-23%","14800","Falling","exponential","Seasonal","Low","Positive","declining","Past 5 years","https://signails.com/topics/keto-granola","{""facebook"":1830,""linkedin"":14,""twitter"":14,""pinterest"":7490,""reddit"":225,""tiktok"":100,""youtube"":400}","2021-04-01: 71, 2021-05-01: 70, 2021-06-01: 64, 2021-07-01: 65, 2021-08-01: 61, 2021-09-01: 60, 2021-10-01: 57, 2021-11-01: 43, 2021-12-01: 38, 2022-01-01: 83, 2022-02-01: 80, 2022-03-01: 77, 2022-04-01: 82, 2022-05-01: 75, 2022-06-01: 68, 2022-07-01: 71, 2022-08-01: 75, 2022-09-01: 67, 2022-10-01: 62, 2022-11-01: 53, 2022-12-01: 45, 2023-01-01: 94, 2023-02-01: 86, 2023-03-01: 76, 2023-04-01: 73, 2023-05-01: 67, 2023-06-01: 66, 2023-07-01: 61, 2023-08-01: 64, 2023-09-01: 54, 2023-10-01: 47, 2023-11-01: 42, 2023-12-01: 37, 2024-01-01: 67, 2024-02-01: 63, 2024-03-01: 61, 2024-04-01: 61, 2024-05-01: 53, 2024-06-01: 54, 2024-07-01: 54, 2024-08-01: 57, 2024-09-01: 56, 2024-10-01: 45, 2024-11-01: 46, 2024-12-01: 37, 2025-01-01: 72, 2025-02-01: 62, 2025-03-01: 60, 2025-04-01: 53, 2025-05-01: 50, 2025-06-01: 54, 2025-07-01: 52, 2025-08-01: 63, 2025-09-01: 52, 2025-10-01: 47, 2025-11-01: 39, 2025-12-01: 35, 2026-01-01: 57, 2026-02-01: 53, 2026-03-01: 55, 2026-04-05: 79, 2026-04-12: 76"
"Jack and Annie's","Brand specializing in producing plant-based foods, with a focus on jackfruit as a meat alternative. Jack and Annie's aims to provide delicious and convenient plant-forward foods that offer the same satisfaction as meat, differentiating itself by using jackfruit as a primary ingredient. The target demographic includes individuals seeking plant-based dietary options and those looking to reduce their meat consumption for health or environmental reasons.","business, food-beverage, retail, food, cpg","true","61%","3600","Exploding","constant","Seasonal","Average","Positive","stationary","Past 5 years","https://signails.com/topics/jack-and-annies","{""facebook"":116,""linkedin"":24,""twitter"":31,""pinterest"":15,""reddit"":57,""tiktok"":18,""youtube"":54}","2021-04-01: 16, 2021-05-01: 28, 2021-06-01: 29, 2021-07-01: 33, 2021-08-01: 18, 2021-09-01: 20, 2021-10-01: 35, 2021-11-01: 39, 2021-12-01: 0, 2022-01-01: 44, 2022-02-01: 41, 2022-03-01: 47, 2022-04-01: 40, 2022-05-01: 32, 2022-06-01: 45, 2022-07-01: 28, 2022-08-01: 42, 2022-09-01: 33, 2022-10-01: 33, 2022-11-01: 30, 2022-12-01: 22, 2023-01-01: 36, 2023-02-01: 45, 2023-03-01: 26, 2023-04-01: 44, 2023-05-01: 27, 2023-06-01: 33, 2023-07-01: 48, 2023-08-01: 48, 2023-09-01: 42, 2023-10-01: 49, 2023-11-01: 29, 2023-12-01: 29, 2024-01-01: 49, 2024-02-01: 42, 2024-03-01: 62, 2024-04-01: 52, 2024-05-01: 48, 2024-06-01: 51, 2024-07-01: 41, 2024-08-01: 49, 2024-09-01: 56, 2024-10-01: 43, 2024-11-01: 31, 2024-12-01: 41, 2025-01-01: 74, 2025-02-01: 76, 2025-03-01: 61, 2025-04-01: 55, 2025-05-01: 44, 2025-06-01: 62, 2025-07-01: 62, 2025-08-01: 73, 2025-09-01: 49, 2025-10-01: 66, 2025-11-01: 43, 2025-12-01: 37, 2026-01-01: 100, 2026-02-01: 52, 2026-03-01: 43, 2026-04-01: 45, 2026-04-05: 60, 2026-04-12: 30"
"Once Upon a Farm","Company founded in 2015 by Cassandra Curtis and Ari Raz that offers organic, non-GMO, and dairy-free snacks and baby food. It provides cold-pressed pouches and plant-rich meals for babies, toddlers, and big kids, differentiating itself by focusing on nutritious, convenient, and delicious options. The target demographic includes health-conscious parents seeking high-quality, organic food products for their children.","business, food-beverage, lifestyle, food, baby, cpg","true","710%","74000","Exploding","constant","Non-seasonal","Low","Positive","growing","Past 5 years","https://signails.com/topics/once-upon-a-farm","{""facebook"":2530,""linkedin"":622,""twitter"":15,""pinterest"":1550,""reddit"":362,""tiktok"":945,""youtube"":294}","2021-04-01: 9, 2021-05-01: 10, 2021-06-01: 10, 2021-07-01: 9, 2021-08-01: 10, 2021-09-01: 10, 2021-10-01: 9, 2021-11-01: 9, 2021-12-01: 8, 2022-01-01: 15, 2022-02-01: 13, 2022-03-01: 17, 2022-04-01: 15, 2022-05-01: 22, 2022-06-01: 15, 2022-07-01: 18, 2022-08-01: 21, 2022-09-01: 21, 2022-10-01: 17, 2022-11-01: 16, 2022-12-01: 15, 2023-01-01: 22, 2023-02-01: 23, 2023-03-01: 28, 2023-04-01: 24, 2023-05-01: 23, 2023-06-01: 23, 2023-07-01: 22, 2023-08-01: 24, 2023-09-01: 39, 2023-10-01: 77, 2023-11-01: 47, 2023-12-01: 52, 2024-01-01: 48, 2024-02-01: 38, 2024-03-01: 51, 2024-04-01: 50, 2024-05-01: 34, 2024-06-01: 40, 2024-07-01: 45, 2024-08-01: 56, 2024-09-01: 60, 2024-10-01: 59, 2024-11-01: 45, 2024-12-01: 50, 2025-01-01: 64, 2025-02-01: 54, 2025-03-01: 59, 2025-04-01: 52, 2025-05-01: 48, 2025-06-01: 49, 2025-07-01: 47, 2025-08-01: 55, 2025-09-01: 61, 2025-10-01: 65, 2025-11-01: 58, 2025-12-01: 47, 2026-01-01: 60, 2026-02-01: 100, 2026-03-01: 75, 2026-04-01: 81, 2026-04-05: 61, 2026-04-12: 56"
"Bhu foods","A company that specializes in organic, low-carb, and keto-friendly snacks and protein bars. Bhu Foods differentiates itself by using monk fruit as a sweetener and ensuring its products are gluten-free and low in sugar, catering to health-conscious consumers. The target demographic includes individuals following keto or low-carb diets, as well as those seeking organic and low-sugar snack options.","business, health, food-beverage, food, nutrition, cpg","true","-49%","720","Falling","exponential","Seasonal","Average","Positive","stationary","Past 5 years","https://signails.com/topics/bhu-foods","{""facebook"":254,""linkedin"":24,""twitter"":1,""pinterest"":105,""reddit"":20,""tiktok"":27,""youtube"":22}","2021-04-01: 72, 2021-05-01: 46, 2021-06-01: 50, 2021-07-01: 79, 2021-08-01: 64, 2021-09-01: 74, 2021-10-01: 76, 2021-11-01: 65, 2021-12-01: 63, 2022-01-01: 100, 2022-02-01: 51, 2022-03-01: 48, 2022-04-01: 50, 2022-05-01: 48, 2022-06-01: 55, 2022-07-01: 54, 2022-08-01: 45, 2022-09-01: 40, 2022-10-01: 29, 2022-11-01: 43, 2022-12-01: 26, 2023-01-01: 56, 2023-02-01: 42, 2023-03-01: 57, 2023-04-01: 37, 2023-05-01: 41, 2023-06-01: 46, 2023-07-01: 31, 2023-08-01: 27, 2023-09-01: 39, 2023-10-01: 30, 2023-11-01: 25, 2023-12-01: 31, 2024-01-01: 45, 2024-02-01: 48, 2024-03-01: 37, 2024-04-01: 35, 2024-05-01: 23, 2024-06-01: 32, 2024-07-01: 36, 2024-08-01: 40, 2024-09-01: 47, 2024-10-01: 54, 2024-11-01: 35, 2024-12-01: 22, 2025-01-01: 49, 2025-02-01: 0, 2025-03-01: 52, 2025-04-01: 26, 2025-05-01: 33, 2025-06-01: 29, 2025-07-01: 52, 2025-08-01: 62, 2025-09-01: 40, 2025-10-01: 38, 2025-11-01: 28, 2025-12-01: 52, 2026-01-01: 39, 2026-02-01: 51, 2026-03-01: 37, 2026-04-05: 36, 2026-04-12: 20"
"Table22","A company that supports the survival and growth of restaurants by providing a subscription operating system. Table22 offers a full suite of purpose-built software designed to help run successful restaurant programs, differentiating itself by focusing on the creative, communal, and joyful aspects of the restaurant industry. The primary target demographic includes restaurant owners and food enthusiasts seeking comprehensive tools to enhance their restaurant operations.","business, technology, food-beverage, productivity, food, supply-chain","true","135%","18100","Exploding","exponential","Non-seasonal","Average","Positive","declining","Past 5 years","https://signails.com/topics/table22","{""facebook"":443,""linkedin"":111,""twitter"":0,""pinterest"":60,""reddit"":1,""tiktok"":19,""youtube"":32}","2021-04-01: 15, 2021-05-01: 17, 2021-06-01: 0, 2021-07-01: 0, 2021-08-01: 0, 2021-09-01: 0, 2021-10-01: 0, 2021-11-01: 0, 2021-12-01: 0, 2022-01-01: 15, 2022-02-01: 22, 2022-03-01: 26, 2022-04-01: 32, 2022-05-01: 39, 2022-06-01: 20, 2022-07-01: 30, 2022-08-01: 26, 2022-09-01: 25, 2022-10-01: 26, 2022-11-01: 22, 2022-12-01: 15, 2023-01-01: 19, 2023-02-01: 49, 2023-03-01: 32, 2023-04-01: 20, 2023-05-01: 24, 2023-06-01: 16, 2023-07-01: 26, 2023-08-01: 15, 2023-09-01: 29, 2023-10-01: 24, 2023-11-01: 29, 2023-12-01: 38, 2024-01-01: 28, 2024-02-01: 28, 2024-03-01: 23, 2024-04-01: 27, 2024-05-01: 32, 2024-06-01: 31, 2024-07-01: 30, 2024-08-01: 34, 2024-09-01: 25, 2024-10-01: 39, 2024-11-01: 40, 2024-12-01: 32, 2025-01-01: 50, 2025-02-01: 34, 2025-03-01: 43, 2025-04-01: 47, 2025-05-01: 42, 2025-06-01: 36, 2025-07-01: 35, 2025-08-01: 39, 2025-09-01: 36, 2025-10-01: 51, 2025-11-01: 38, 2025-12-01: 41, 2026-01-01: 53, 2026-02-01: 48, 2026-03-01: 61, 2026-04-01: 40, 2026-03-29: 54, 2026-04-05: 55, 2026-04-12: 56"
"Foodsi","Application designed to help users save high-quality surplus food and other products from local businesses. It aims to reduce food waste by connecting consumers with restaurants, cafes, bakeries, and flower shops that have excess products, offering these items at a discounted price. The app primarily targets environmentally conscious consumers looking to save money while supporting local businesses and reducing food waste.","business, technology, food-beverage, food, retail, supply-chain","true","153%","14800","Exploding","constant","Seasonal","Low","Positive","growing","Past 5 years","https://signails.com/topics/foodsi","{""facebook"":2160,""linkedin"":294,""twitter"":1,""pinterest"":43,""reddit"":23,""tiktok"":174,""youtube"":2320}","2021-04-01: 17, 2021-05-01: 15, 2021-06-01: 18, 2021-07-01: 26, 2021-08-01: 21, 2021-09-01: 21, 2021-10-01: 17, 2021-11-01: 29, 2021-12-01: 13, 2022-01-01: 31, 2022-02-01: 29, 2022-03-01: 24, 2022-04-01: 22, 2022-05-01: 25, 2022-06-01: 28, 2022-07-01: 38, 2022-08-01: 32, 2022-09-01: 58, 2022-10-01: 71, 2022-11-01: 49, 2022-12-01: 36, 2023-01-01: 60, 2023-02-01: 61, 2023-03-01: 77, 2023-04-01: 69, 2023-05-01: 75, 2023-06-01: 59, 2023-07-01: 50, 2023-08-01: 67, 2023-09-01: 85, 2023-10-01: 70, 2023-11-01: 55, 2023-12-01: 38, 2024-01-01: 45, 2024-02-01: 68, 2024-03-01: 75, 2024-04-01: 60, 2024-05-01: 44, 2024-06-01: 57, 2024-07-01: 65, 2024-08-01: 65, 2024-09-01: 71, 2024-10-01: 100, 2024-11-01: 69, 2024-12-01: 45, 2025-01-01: 70, 2025-02-01: 68, 2025-03-01: 69, 2025-04-01: 51, 2025-05-01: 46, 2025-06-01: 49, 2025-07-01: 58, 2025-08-01: 64, 2025-09-01: 58, 2025-10-01: 62, 2025-11-01: 50, 2025-12-01: 40, 2026-01-01: 52, 2026-02-01: 51, 2026-03-01: 48, 2026-04-01: 38, 2026-04-05: 64, 2026-04-12: 65"
"Forager Project","A family-owned organic food company that has been producing plant-based foods since 2013. The company focuses on improving human and planetary health by creating dairy-free, organic plant-based products, differentiating itself with a commitment to sustainability and high-quality ingredients. Forager Project primarily targets health-conscious consumers and those seeking dairy-free and organic food options.","business, health, food-beverage, food, cpg, nutrition","true","567%","2400","Exploding","exponential","Seasonal","Low","Positive","growing","Past 5 years","https://signails.com/topics/forager-project","{""facebook"":234,""linkedin"":191,""twitter"":16,""pinterest"":19,""reddit"":71,""tiktok"":139,""youtube"":40}","2021-04-01: 6, 2021-05-01: 6, 2021-06-01: 7, 2021-07-01: 9, 2021-08-01: 8, 2021-09-01: 5, 2021-10-01: 5, 2021-11-01: 8, 2021-12-01: 5, 2022-01-01: 8, 2022-02-01: 8, 2022-03-01: 7, 2022-04-01: 11, 2022-05-01: 7, 2022-06-01: 9, 2022-07-01: 10, 2022-08-01: 8, 2022-09-01: 8, 2022-10-01: 7, 2022-11-01: 7, 2022-12-01: 6, 2023-01-01: 11, 2023-02-01: 12, 2023-03-01: 10, 2023-04-01: 9, 2023-05-01: 7, 2023-06-01: 10, 2023-07-01: 9, 2023-08-01: 9, 2023-09-01: 7, 2023-10-01: 8, 2023-11-01: 7, 2023-12-01: 9, 2024-01-01: 10, 2024-02-01: 9, 2024-03-01: 9, 2024-04-01: 11, 2024-05-01: 13, 2024-06-01: 12, 2024-07-01: 14, 2024-08-01: 12, 2024-09-01: 13, 2024-10-01: 12, 2024-11-01: 11, 2024-12-01: 9, 2025-01-01: 14, 2025-02-01: 16, 2025-03-01: 15, 2025-04-01: 16, 2025-05-01: 21, 2025-06-01: 16, 2025-07-01: 16, 2025-08-01: 28, 2025-09-01: 32, 2025-10-01: 27, 2025-11-01: 27, 2025-12-01: 19, 2026-01-01: 28, 2026-02-01: 45, 2026-03-01: 40, 2026-04-05: 117, 2026-04-12: 128"
"Human grade pet food","Human grade pet food refers to pet food made from ingredients that are edible for humans and meets federal manufacturing and packaging regulations. This type of pet food is produced under the same standards as human food, ensuring higher quality and safety compared to traditional pet food. It is primarily targeted at pet owners who are concerned about the quality and safety of their pets' diet and are willing to invest in premium food options.","business, food-beverage, lifestyle, pets, cpg, food","false","107%","380","Exploding","exponential","Seasonal","Average","Positive","growing","Past 5 years","https://signails.com/topics/human-grade-pet-food","{""facebook"":101,""linkedin"":77,""twitter"":1,""pinterest"":101,""reddit"":14,""tiktok"":15,""youtube"":30}","2021-04-01: 0, 2021-05-01: 14, 2021-06-01: 18, 2021-07-01: 12, 2021-08-01: 14, 2021-09-01: 0, 2021-10-01: 14, 2021-11-01: 0, 2021-12-01: 0, 2022-01-01: 15, 2022-02-01: 17, 2022-03-01: 17, 2022-04-01: 16, 2022-05-01: 10, 2022-06-01: 10, 2022-07-01: 13, 2022-08-01: 15, 2022-09-01: 13, 2022-10-01: 9, 2022-11-01: 11, 2022-12-01: 11, 2023-01-01: 11, 2023-02-01: 11, 2023-03-01: 22, 2023-04-01: 13, 2023-05-01: 12, 2023-06-01: 12, 2023-07-01: 16, 2023-08-01: 15, 2023-09-01: 0, 2023-10-01: 10, 2023-11-01: 0, 2023-12-01: 13, 2024-01-01: 19, 2024-02-01: 23, 2024-03-01: 12, 2024-04-01: 15, 2024-05-01: 11, 2024-06-01: 13, 2024-07-01: 12, 2024-08-01: 13, 2024-09-01: 20, 2024-10-01: 13, 2024-11-01: 14, 2024-12-01: 11, 2025-01-01: 20, 2025-02-01: 17, 2025-03-01: 16, 2025-04-01: 12, 2025-05-01: 14, 2025-06-01: 17, 2025-07-01: 14, 2025-08-01: 42, 2025-09-01: 47, 2025-10-01: 25, 2025-11-01: 35, 2025-12-01: 35, 2026-01-01: 34, 2026-02-01: 71, 2026-03-01: 49, 2026-04-01: 29, 2026-04-05: 49, 2026-04-12: 61"
"Kinder's","Company specializing in BBQ products such as seasonings, rubs, and sauces. Founded in 1946, it is dedicated to providing high-quality and flavorful food products, differentiating itself through its long-standing tradition and commitment to taste. The target demographic includes BBQ enthusiasts and home cooks seeking premium BBQ flavors and seasonings.","business, health, food-beverage, industry, lifestyle, food, cpg, energy, supply-chain, baby, education, fitness","true","569%","673000","Exploding","exponential","Seasonal","Low","Positive","growing","Past 5 years","https://signails.com/topics/kinders","{""facebook"":9410,""linkedin"":522,""twitter"":115,""pinterest"":1890,""reddit"":811,""tiktok"":1600,""youtube"":1310}","2021-04-01: 10, 2021-05-01: 13, 2021-06-01: 13, 2021-07-01: 11, 2021-08-01: 10, 2021-09-01: 9, 2021-10-01: 8, 2021-11-01: 12, 2021-12-01: 11, 2022-01-01: 15, 2022-02-01: 18, 2022-03-01: 22, 2022-04-01: 25, 2022-05-01: 26, 2022-06-01: 27, 2022-07-01: 26, 2022-08-01: 30, 2022-09-01: 24, 2022-10-01: 23, 2022-11-01: 25, 2022-12-01: 21, 2023-01-01: 27, 2023-02-01: 24, 2023-03-01: 27, 2023-04-01: 32, 2023-05-01: 31, 2023-06-01: 34, 2023-07-01: 40, 2023-08-01: 34, 2023-09-01: 30, 2023-10-01: 30, 2023-11-01: 31, 2023-12-01: 30, 2024-01-01: 30, 2024-02-01: 29, 2024-03-01: 29, 2024-04-01: 31, 2024-05-01: 27, 2024-06-01: 45, 2024-07-01: 46, 2024-08-01: 43, 2024-09-01: 37, 2024-10-01: 33, 2024-11-01: 52, 2024-12-01: 63, 2025-01-01: 47, 2025-02-01: 43, 2025-03-01: 44, 2025-04-01: 47, 2025-05-01: 49, 2025-06-01: 62, 2025-07-01: 68, 2025-08-01: 75, 2025-09-01: 69, 2025-10-01: 77, 2025-11-01: 97, 2025-12-01: 100, 2026-01-01: 62, 2026-02-01: 60, 2026-03-01: 57, 2026-04-01: 87, 2026-04-05: 38, 2026-04-12: 42"
"Pop Daddy Snacks","A company that specializes in producing and distributing a variety of snack items, including pretzels and popcorn. Known for its bold flavors, Pop Daddy Snacks expanded into seasoned pretzels in 2018, inspired by a homemade recipe brought by a family member, and operates out of a 14,500 square foot facility in Whitmore Lake. The target demographic includes snack enthusiasts looking for unique and flavorful snack options.","business, food-beverage, retail, food, cpg","true","2300%","1900","Exploding","constant","Non-seasonal","Low","undefined","stationary","Past 5 years","https://signails.com/topics/pop-daddy-snacks","{""facebook"":327,""linkedin"":45,""twitter"":22,""pinterest"":14,""reddit"":1,""tiktok"":197,""youtube"":50}","2021-04-01: 0, 2021-05-01: 0, 2021-06-01: 0, 2021-07-01: 0, 2021-08-01: 0, 2021-09-01: 0, 2021-10-01: 0, 2021-11-01: 0, 2021-12-01: 0, 2022-01-01: 0, 2022-02-01: 0, 2022-03-01: 0, 2022-04-01: 0, 2022-05-01: 0, 2022-06-01: 0, 2022-07-01: 0, 2022-08-01: 0, 2022-09-01: 0, 2022-10-01: 0, 2022-11-01: 0, 2022-12-01: 0, 2023-01-01: 0, 2023-02-01: 0, 2023-03-01: 0, 2023-04-01: 0, 2023-05-01: 13, 2023-06-01: 0, 2023-07-01: 0, 2023-08-01: 0, 2023-09-01: 0, 2023-10-01: 0, 2023-11-01: 15, 2023-12-01: 28, 2024-01-01: 57, 2024-02-01: 51, 2024-03-01: 30, 2024-04-01: 50, 2024-05-01: 37, 2024-06-01: 40, 2024-07-01: 33, 2024-08-01: 39, 2024-09-01: 33, 2024-10-01: 25, 2024-11-01: 21, 2024-12-01: 19, 2025-01-01: 17, 2025-02-01: 0, 2025-03-01: 22, 2025-04-01: 20, 2025-05-01: 32, 2025-06-01: 18, 2025-07-01: 27, 2025-08-01: 37, 2025-09-01: 27, 2025-10-01: 29, 2025-11-01: 20, 2025-12-01: 54, 2026-01-01: 22, 2026-02-01: 15, 2026-03-01: 24, 2026-04-05: 4, 2026-04-12: 7"
"Too good to go","Mobile application that connects customers with restaurants and stores to purchase surplus unsold food at a reduced price. It aims to reduce food waste and promote sustainability by offering affordable meal options that would otherwise go to waste. The app primarily targets environmentally conscious consumers and budget-conscious individuals looking for cost-effective meal solutions.","business, technology, food-beverage, food, retail, supply-chain","true","67%","823000","Exploding","exponential","Seasonal","Low","Positive","growing","Past 5 years","https://signails.com/topics/too-good-to-go","{""facebook"":29200,""linkedin"":5330,""twitter"":257,""pinterest"":755,""reddit"":9940,""tiktok"":35400,""youtube"":9740}","2021-04-01: 59, 2021-05-01: 55, 2021-06-01: 49, 2021-07-01: 55, 2021-08-01: 51, 2021-09-01: 56, 2021-10-01: 58, 2021-11-01: 53, 2021-12-01: 44, 2022-01-01: 75, 2022-02-01: 91, 2022-03-01: 74, 2022-04-01: 75, 2022-05-01: 69, 2022-06-01: 70, 2022-07-01: 69, 2022-08-01: 73, 2022-09-01: 93, 2022-10-01: 89, 2022-11-01: 80, 2022-12-01: 55, 2023-01-01: 83, 2023-02-01: 94, 2023-03-01: 92, 2023-04-01: 74, 2023-05-01: 68, 2023-06-01: 64, 2023-07-01: 63, 2023-08-01: 67, 2023-09-01: 73, 2023-10-01: 80, 2023-11-01: 78, 2023-12-01: 56, 2024-01-01: 85, 2024-02-01: 88, 2024-03-01: 83, 2024-04-01: 73, 2024-05-01: 73, 2024-06-01: 66, 2024-07-01: 69, 2024-08-01: 71, 2024-09-01: 80, 2024-10-01: 87, 2024-11-01: 85, 2024-12-01: 70, 2025-01-01: 87, 2025-02-01: 84, 2025-03-01: 88, 2025-04-01: 80, 2025-05-01: 77, 2025-06-01: 76, 2025-07-01: 74, 2025-08-01: 89, 2025-09-01: 95, 2025-10-01: 97, 2025-11-01: 97, 2025-12-01: 72, 2026-01-01: 88, 2026-02-01: 100, 2026-03-01: 99, 2026-04-01: 92, 2026-04-05: 82, 2026-04-12: 84"
"Serenity kids","A baby food brand that offers pouches made with ethically sourced meats and organic vegetables. Serenity Kids differentiates itself by focusing on healthy, clean ingredients and providing a variety of options such as grass-fed beef, free-range chicken, bison, and turkey. The target demographic includes health-conscious parents seeking nutritious and ethically sourced food options for their babies.","business, food-beverage, lifestyle, retail, food, baby","true","733%","18100","Exploding","constant","Seasonal","Low","Positive","growing","Past 5 years","https://signails.com/topics/serenity-kids","{""facebook"":1520,""linkedin"":135,""twitter"":14,""pinterest"":904,""reddit"":270,""tiktok"":339,""youtube"":174}","2021-04-01: 12, 2021-05-01: 12, 2021-06-01: 14, 2021-07-01: 16, 2021-08-01: 14, 2021-09-01: 14, 2021-10-01: 15, 2021-11-01: 16, 2021-12-01: 13, 2022-01-01: 16, 2022-02-01: 19, 2022-03-01: 18, 2022-04-01: 17, 2022-05-01: 21, 2022-06-01: 23, 2022-07-01: 20, 2022-08-01: 22, 2022-09-01: 24, 2022-10-01: 21, 2022-11-01: 22, 2022-12-01: 24, 2023-01-01: 26, 2023-02-01: 25, 2023-03-01: 27, 2023-04-01: 27, 2023-05-01: 25, 2023-06-01: 28, 2023-07-01: 28, 2023-08-01: 28, 2023-09-01: 28, 2023-10-01: 25, 2023-11-01: 29, 2023-12-01: 29, 2024-01-01: 32, 2024-02-01: 36, 2024-03-01: 42, 2024-04-01: 37, 2024-05-01: 35, 2024-06-01: 44, 2024-07-01: 35, 2024-08-01: 40, 2024-09-01: 38, 2024-10-01: 38, 2024-11-01: 34, 2024-12-01: 41, 2025-01-01: 37, 2025-02-01: 37, 2025-03-01: 38, 2025-04-01: 39, 2025-05-01: 41, 2025-06-01: 42, 2025-07-01: 42, 2025-08-01: 58, 2025-09-01: 55, 2025-10-01: 44, 2025-11-01: 49, 2025-12-01: 46, 2026-01-01: 57, 2026-02-01: 86, 2026-03-01: 73, 2026-04-01: 100, 2026-03-29: 73, 2026-04-05: 77, 2026-04-12: 76"
"Rebel Foods","A Mumbai-based startup founded in 2011, operating a network of cloud kitchens. The company is known for its innovative approach to food delivery, running multiple food brands such as Faasos, Behrouz Biryani, Oven Story, and Mandarin Oak. Rebel Foods primarily targets urban consumers seeking diverse and convenient food options, leveraging technology to optimize kitchen operations and delivery processes.","business, technology, food-beverage, retail, supply-chain, food","true","56.00000000000001%","22200","Exploding","exponential","Non-seasonal","Low","Positive","growing","Past 5 years","https://signails.com/topics/rebel-foods","{""facebook"":1040,""linkedin"":2850,""twitter"":36,""pinterest"":1,""reddit"":51,""tiktok"":18,""youtube"":245}","2021-04-01: 52, 2021-05-01: 53, 2021-06-01: 57, 2021-07-01: 62, 2021-08-01: 59, 2021-09-01: 54, 2021-10-01: 81, 2021-11-01: 50, 2021-12-01: 55, 2022-01-01: 61, 2022-02-01: 62, 2022-03-01: 64, 2022-04-01: 66, 2022-05-01: 65, 2022-06-01: 73, 2022-07-01: 61, 2022-08-01: 56, 2022-09-01: 55, 2022-10-01: 51, 2022-11-01: 51, 2022-12-01: 50, 2023-01-01: 100, 2023-02-01: 60, 2023-03-01: 62, 2023-04-01: 57, 2023-05-01: 56, 2023-06-01: 51, 2023-07-01: 55, 2023-08-01: 43, 2023-09-01: 44, 2023-10-01: 40, 2023-11-01: 47, 2023-12-01: 50, 2024-01-01: 48, 2024-02-01: 52, 2024-03-01: 59, 2024-04-01: 57, 2024-05-01: 48, 2024-06-01: 54, 2024-07-01: 56, 2024-08-01: 65, 2024-09-01: 57, 2024-10-01: 56, 2024-11-01: 43, 2024-12-01: 56, 2025-01-01: 51, 2025-02-01: 57, 2025-03-01: 44, 2025-04-01: 47, 2025-05-01: 45, 2025-06-01: 46, 2025-07-01: 55, 2025-08-01: 76, 2025-09-01: 67, 2025-10-01: 68, 2025-11-01: 74, 2025-12-01: 71, 2026-01-01: 62, 2026-02-01: 67, 2026-03-01: 81, 2026-04-05: 54, 2026-04-12: 51"
"Chosen foods","Company specializing in high-quality avocado oil and related products, including pure avocado oil in various sizes and avocado oil spray. Known for their quality and purity, Chosen Foods differentiates itself by offering well-rated products that emphasize health benefits and natural ingredients. The target demographic includes health-conscious consumers and culinary enthusiasts seeking premium cooking oils and sprays.","business, food-beverage, food, grocery, cpg","true","321%","9900","Exploding","constant","Seasonal","Low","Positive","growing","Past 5 years","https://signails.com/topics/chosen-foods","{""facebook"":1470,""linkedin"":201,""twitter"":16,""pinterest"":2310,""reddit"":451,""tiktok"":540,""youtube"":198}","2021-04-01: 19, 2021-05-01: 16, 2021-06-01: 17, 2021-07-01: 15, 2021-08-01: 14, 2021-09-01: 17, 2021-10-01: 15, 2021-11-01: 15, 2021-12-01: 12, 2022-01-01: 21, 2022-02-01: 20, 2022-03-01: 19, 2022-04-01: 19, 2022-05-01: 19, 2022-06-01: 18, 2022-07-01: 17, 2022-08-01: 28, 2022-09-01: 17, 2022-10-01: 18, 2022-11-01: 16, 2022-12-01: 15, 2023-01-01: 20, 2023-02-01: 20, 2023-03-01: 21, 2023-04-01: 20, 2023-05-01: 21, 2023-06-01: 24, 2023-07-01: 21, 2023-08-01: 19, 2023-09-01: 21, 2023-10-01: 18, 2023-11-01: 19, 2023-12-01: 16, 2024-01-01: 25, 2024-02-01: 31, 2024-03-01: 31, 2024-04-01: 33, 2024-05-01: 27, 2024-06-01: 32, 2024-07-01: 29, 2024-08-01: 38, 2024-09-01: 35, 2024-10-01: 33, 2024-11-01: 28, 2024-12-01: 30, 2025-01-01: 44, 2025-02-01: 41, 2025-03-01: 39, 2025-04-01: 39, 2025-05-01: 39, 2025-06-01: 38, 2025-07-01: 41, 2025-08-01: 64, 2025-09-01: 55, 2025-10-01: 54, 2025-11-01: 45, 2025-12-01: 42, 2026-01-01: 57, 2026-02-01: 69, 2026-03-01: 80, 2026-04-05: 105, 2026-04-12: 101"
"beech-nut","Beech-Nut Nutrition is a company that specializes in making baby food, established in 1891. The company is committed to providing real food for babies and operates out of a LEED-certified facility in Amsterdam, New York, emphasizing the importance of real food for a healthier world. Beech-Nut primarily targets parents and caregivers seeking nutritious and natural food options for their infants and toddlers.","business, food-beverage, lifestyle, cpg, baby, food","true","2400%","18100","Exploding","exponential","Non-seasonal","Low","Negative","growing","Past 5 years","https://signails.com/topics/beech-nut","{""facebook"":3870,""linkedin"":328,""twitter"":46,""pinterest"":3020,""reddit"":450,""tiktok"":355,""youtube"":601}","2021-04-01: 8, 2021-05-01: 4, 2021-06-01: 12, 2021-07-01: 7, 2021-08-01: 8, 2021-09-01: 9, 2021-10-01: 6, 2021-11-01: 6, 2021-12-01: 8, 2022-01-01: 9, 2022-02-01: 8, 2022-03-01: 9, 2022-04-01: 10, 2022-05-01: 11, 2022-06-01: 10, 2022-07-01: 8, 2022-08-01: 9, 2022-09-01: 9, 2022-10-01: 10, 2022-11-01: 10, 2022-12-01: 7, 2023-01-01: 10, 2023-02-01: 11, 2023-03-01: 7, 2023-04-01: 9, 2023-05-01: 7, 2023-06-01: 7, 2023-07-01: 8, 2023-08-01: 10, 2023-09-01: 9, 2023-10-01: 7, 2023-11-01: 8, 2023-12-01: 7, 2024-01-01: 9, 2024-02-01: 8, 2024-03-01: 8, 2024-04-01: 8, 2024-05-01: 7, 2024-06-01: 8, 2024-07-01: 8, 2024-08-01: 10, 2024-09-01: 9, 2024-10-01: 9, 2024-11-01: 11, 2024-12-01: 13, 2025-01-01: 9, 2025-02-01: 12, 2025-03-01: 12, 2025-04-01: 9, 2025-05-01: 10, 2025-06-01: 10, 2025-07-01: 11, 2025-08-01: 26, 2025-09-01: 27, 2025-10-01: 30, 2025-11-01: 21, 2025-12-01: 20, 2026-01-01: 21, 2026-02-01: 36, 2026-03-01: 35, 2026-04-01: 100, 2026-04-05: 114, 2026-04-12: 117"
"Fishwife","An archaic term that originally referred to a woman who sells or works with fish, essentially a female fishmonger. Over time, it has also taken on a derogatory meaning, describing a vulgar, abusive, or nagging woman with a loud, unpleasant voice. In some regional dialects, such as Geordie, it can also refer to a person, especially a woman, with poor personal hygiene.","business, food-beverage, retail, food, cpg","true","1567%","33100","Exploding","exponential","Seasonal","Low","Positive","growing","Past 5 years","https://signails.com/topics/fishwife","{""facebook"":3200,""linkedin"":339,""twitter"":126,""pinterest"":3180,""reddit"":2860,""tiktok"":2390,""youtube"":673}","2021-04-01: 6, 2021-05-01: 6, 2021-06-01: 6, 2021-07-01: 8, 2021-08-01: 6, 2021-09-01: 5, 2021-10-01: 6, 2021-11-01: 5, 2021-12-01: 8, 2022-01-01: 7, 2022-02-01: 7, 2022-03-01: 7, 2022-04-01: 8, 2022-05-01: 7, 2022-06-01: 8, 2022-07-01: 10, 2022-08-01: 9, 2022-09-01: 10, 2022-10-01: 9, 2022-11-01: 8, 2022-12-01: 11, 2023-01-01: 11, 2023-02-01: 10, 2023-03-01: 9, 2023-04-01: 10, 2023-05-01: 9, 2023-06-01: 12, 2023-07-01: 17, 2023-08-01: 11, 2023-09-01: 12, 2023-10-01: 17, 2023-11-01: 16, 2023-12-01: 16, 2024-01-01: 43, 2024-02-01: 17, 2024-03-01: 15, 2024-04-01: 15, 2024-05-01: 14, 2024-06-01: 18, 2024-07-01: 16, 2024-08-01: 14, 2024-09-01: 15, 2024-10-01: 21, 2024-11-01: 26, 2024-12-01: 39, 2025-01-01: 26, 2025-02-01: 20, 2025-03-01: 30, 2025-04-01: 34, 2025-05-01: 26, 2025-06-01: 27, 2025-07-01: 36, 2025-08-01: 38, 2025-09-01: 41, 2025-10-01: 42, 2025-11-01: 52, 2025-12-01: 79, 2026-01-01: 66, 2026-02-01: 60, 2026-03-01: 97, 2026-04-01: 100, 2026-04-05: 74, 2026-04-12: 72"
"Ghost kitchen","Professional food preparation and cooking facilities set up for the preparation of delivery-only meals. They do not have a storefront or dining area for customers, focusing solely on fulfilling online orders placed through food delivery apps or websites, which allows for lower overhead costs and operational flexibility. Ghost kitchens primarily benefit food entrepreneurs and established restaurant brands looking to expand their delivery operations without the need for a physical dining space.","business, technology, food-beverage, retail, supply-chain, food","false","24%","60500","Exploding","exponential","Non-seasonal","Low","Positive","declining","Past 5 years","https://signails.com/topics/ghost-kitchen","{""facebook"":10400,""linkedin"":609,""twitter"":38,""pinterest"":607,""reddit"":1720,""tiktok"":1460,""youtube"":1570}","2021-04-01: 49, 2021-05-01: 52, 2021-06-01: 37, 2021-07-01: 38, 2021-08-01: 48, 2021-09-01: 42, 2021-10-01: 41, 2021-11-01: 39, 2021-12-01: 39, 2022-01-01: 45, 2022-02-01: 44, 2022-03-01: 42, 2022-04-01: 39, 2022-05-01: 38, 2022-06-01: 36, 2022-07-01: 44, 2022-08-01: 40, 2022-09-01: 38, 2022-10-01: 37, 2022-11-01: 35, 2022-12-01: 35, 2023-01-01: 39, 2023-02-01: 40, 2023-03-01: 50, 2023-04-01: 41, 2023-05-01: 37, 2023-06-01: 44, 2023-07-01: 36, 2023-08-01: 42, 2023-09-01: 37, 2023-10-01: 36, 2023-11-01: 37, 2023-12-01: 37, 2024-01-01: 37, 2024-02-01: 42, 2024-03-01: 42, 2024-04-01: 38, 2024-05-01: 35, 2024-06-01: 35, 2024-07-01: 36, 2024-08-01: 36, 2024-09-01: 34, 2024-10-01: 37, 2024-11-01: 31, 2024-12-01: 30, 2025-01-01: 33, 2025-02-01: 38, 2025-03-01: 40, 2025-04-01: 38, 2025-05-01: 37, 2025-06-01: 35, 2025-07-01: 42, 2025-08-01: 60, 2025-09-01: 54, 2025-10-01: 59, 2025-11-01: 57, 2025-12-01: 53, 2026-01-01: 61, 2026-02-01: 100, 2026-03-01: 61, 2026-04-05: 56, 2026-04-12: 56"
"Freeze dried beef","Preserved meat that undergoes a process of freezing and then drying under a vacuum to remove moisture. This method helps in retaining the original color, shape, and nutritional value of the meat, offering a long shelf life and lightweight for easy storage and transport. Freeze-dried beef is commonly used in emergency food supplies, camping, and for making quick and convenient meals.","business, food-beverage, lifestyle, retail, food, pets","false","809%","2900","Exploding","exponential","Non-seasonal","Low","Positive","declining","Past 5 years","https://signails.com/topics/freeze-dried-beef","{""facebook"":912,""linkedin"":14,""twitter"":19,""pinterest"":783,""reddit"":58,""tiktok"":405,""youtube"":177}","2021-04-01: 12, 2021-05-01: 11, 2021-06-01: 10, 2021-07-01: 12, 2021-08-01: 12, 2021-09-01: 13, 2021-10-01: 16, 2021-11-01: 11, 2021-12-01: 11, 2022-01-01: 12, 2022-02-01: 12, 2022-03-01: 16, 2022-04-01: 19, 2022-05-01: 17, 2022-06-01: 16, 2022-07-01: 20, 2022-08-01: 17, 2022-09-01: 15, 2022-10-01: 16, 2022-11-01: 16, 2022-12-01: 16, 2023-01-01: 18, 2023-02-01: 24, 2023-03-01: 22, 2023-04-01: 22, 2023-05-01: 18, 2023-06-01: 23, 2023-07-01: 24, 2023-08-01: 24, 2023-09-01: 22, 2023-10-01: 25, 2023-11-01: 22, 2023-12-01: 24, 2024-01-01: 23, 2024-02-01: 26, 2024-03-01: 28, 2024-04-01: 25, 2024-05-01: 25, 2024-06-01: 27, 2024-07-01: 26, 2024-08-01: 27, 2024-09-01: 31, 2024-10-01: 30, 2024-11-01: 31, 2024-12-01: 32, 2025-01-01: 35, 2025-02-01: 32, 2025-03-01: 35, 2025-04-01: 28, 2025-05-01: 28, 2025-06-01: 32, 2025-07-01: 37, 2025-08-01: 50, 2025-09-01: 47, 2025-10-01: 42, 2025-11-01: 44, 2025-12-01: 43, 2026-01-01: 40, 2026-02-01: 51, 2026-03-01: 66, 2026-04-01: 100, 2026-04-05: 101, 2026-04-12: 103"
"Custom treats","Company that connects customers across the US with their favorite treats, offering customization options and competitive prices. Custom Treats provides a variety of treats that can be personalized for different occasions, such as celebrating accomplishments, making it a unique option in the market. The service primarily targets individuals and organizations looking for personalized and memorable treat options for special events and celebrations.","business, food-beverage, retail, food, cpg","true","900%","390","Exploding","exponential","Non-seasonal","Average","Positive","growing","Past 5 years","https://signails.com/topics/custom-treats","{""facebook"":11800,""linkedin"":17,""twitter"":0,""pinterest"":1010,""reddit"":35,""tiktok"":763,""youtube"":136}","2021-04-01: 15, 2021-05-01: 10, 2021-06-01: 10, 2021-07-01: 8, 2021-08-01: 10, 2021-09-01: 11, 2021-10-01: 12, 2021-11-01: 13, 2021-12-01: 11, 2022-01-01: 10, 2022-02-01: 12, 2022-03-01: 11, 2022-04-01: 12, 2022-05-01: 12, 2022-06-01: 12, 2022-07-01: 12, 2022-08-01: 11, 2022-09-01: 12, 2022-10-01: 14, 2022-11-01: 10, 2022-12-01: 10, 2023-01-01: 11, 2023-02-01: 14, 2023-03-01: 12, 2023-04-01: 11, 2023-05-01: 11, 2023-06-01: 10, 2023-07-01: 9, 2023-08-01: 11, 2023-09-01: 10, 2023-10-01: 11, 2023-11-01: 11, 2023-12-01: 9, 2024-01-01: 11, 2024-02-01: 13, 2024-03-01: 12, 2024-04-01: 17, 2024-05-01: 13, 2024-06-01: 13, 2024-07-01: 11, 2024-08-01: 9, 2024-09-01: 13, 2024-10-01: 14, 2024-11-01: 11, 2024-12-01: 13, 2025-01-01: 14, 2025-02-01: 16, 2025-03-01: 16, 2025-04-01: 18, 2025-05-01: 16, 2025-06-01: 20, 2025-07-01: 16, 2025-08-01: 36, 2025-09-01: 34, 2025-10-01: 38, 2025-11-01: 38, 2025-12-01: 43, 2026-01-01: 52, 2026-02-01: 82, 2026-03-01: 61, 2026-04-01: 100, 2026-04-05: 121, 2026-04-12: 100"
"Simple mills","A company founded in 2012 that focuses on providing clean, nutritious foods aimed at promoting full-body, inside-out happiness. Simple Mills differentiates itself by offering simple, delicious, real foods that make healthful choices easy for consumers. Their products are primarily targeted at health-conscious individuals seeking nutritious and convenient food options.","business, health, food-beverage, food, nutrition, cpg","true","290%","33100","Exploding","constant","Seasonal","Low","Positive","growing","Past 5 years","https://signails.com/topics/simple-mills","{""facebook"":1720,""linkedin"":360,""twitter"":38,""pinterest"":1710,""reddit"":928,""tiktok"":2120,""youtube"":289}","2021-04-01: 20, 2021-05-01: 20, 2021-06-01: 19, 2021-07-01: 21, 2021-08-01: 21, 2021-09-01: 23, 2021-10-01: 30, 2021-11-01: 21, 2021-12-01: 22, 2022-01-01: 29, 2022-02-01: 25, 2022-03-01: 30, 2022-04-01: 26, 2022-05-01: 23, 2022-06-01: 25, 2022-07-01: 27, 2022-08-01: 30, 2022-09-01: 32, 2022-10-01: 30, 2022-11-01: 26, 2022-12-01: 24, 2023-01-01: 33, 2023-02-01: 35, 2023-03-01: 33, 2023-04-01: 31, 2023-05-01: 30, 2023-06-01: 30, 2023-07-01: 30, 2023-08-01: 37, 2023-09-01: 35, 2023-10-01: 34, 2023-11-01: 34, 2023-12-01: 33, 2024-01-01: 44, 2024-02-01: 45, 2024-03-01: 42, 2024-04-01: 41, 2024-05-01: 40, 2024-06-01: 40, 2024-07-01: 40, 2024-08-01: 48, 2024-09-01: 52, 2024-10-01: 48, 2024-11-01: 43, 2024-12-01: 38, 2025-01-01: 62, 2025-02-01: 60, 2025-03-01: 54, 2025-04-01: 51, 2025-05-01: 44, 2025-06-01: 46, 2025-07-01: 53, 2025-08-01: 68, 2025-09-01: 69, 2025-10-01: 65, 2025-11-01: 56, 2025-12-01: 49, 2026-01-01: 69, 2026-02-01: 84, 2026-03-01: 78, 2026-04-05: 102, 2026-04-12: 100"
"Fruit gummies","Fruit gummies are a type of snack made primarily from simple sugars, water, and starch, with minimal fat and protein content. They are often enjoyed for their sweet taste and chewy texture, making them a popular treat among children and adults alike. Fruit gummies are particularly appealing to individuals looking for a convenient and tasty snack option, though their nutritional value is often debated.","business, health, food-beverage, retail, food, supplements","false","400%","12100","Exploding","exponential","Seasonal","Low","Positive","growing","Past 5 years","https://signails.com/topics/fruit-gummies","{""facebook"":1410,""linkedin"":53,""twitter"":72,""pinterest"":4150,""reddit"":157,""tiktok"":1100,""youtube"":1090}","2021-04-01: 23, 2021-05-01: 20, 2021-06-01: 22, 2021-07-01: 22, 2021-08-01: 23, 2021-09-01: 22, 2021-10-01: 23, 2021-11-01: 20, 2021-12-01: 24, 2022-01-01: 32, 2022-02-01: 29, 2022-03-01: 24, 2022-04-01: 29, 2022-05-01: 28, 2022-06-01: 25, 2022-07-01: 28, 2022-08-01: 26, 2022-09-01: 26, 2022-10-01: 28, 2022-11-01: 27, 2022-12-01: 24, 2023-01-01: 31, 2023-02-01: 33, 2023-03-01: 31, 2023-04-01: 32, 2023-05-01: 28, 2023-06-01: 29, 2023-07-01: 30, 2023-08-01: 30, 2023-09-01: 32, 2023-10-01: 32, 2023-11-01: 30, 2023-12-01: 27, 2024-01-01: 33, 2024-02-01: 37, 2024-03-01: 36, 2024-04-01: 37, 2024-05-01: 33, 2024-06-01: 34, 2024-07-01: 36, 2024-08-01: 38, 2024-09-01: 39, 2024-10-01: 41, 2024-11-01: 38, 2024-12-01: 40, 2025-01-01: 45, 2025-02-01: 46, 2025-03-01: 46, 2025-04-01: 43, 2025-05-01: 41, 2025-06-01: 40, 2025-07-01: 41, 2025-08-01: 54, 2025-09-01: 51, 2025-10-01: 51, 2025-11-01: 45, 2025-12-01: 39, 2026-01-01: 50, 2026-02-01: 56, 2026-03-01: 69, 2026-04-01: 100, 2026-04-05: 93, 2026-04-12: 94"
"Gochujang sauce","Traditional Korean condiment made from red chili pepper flakes, glutinous rice, fermented soybeans, and salt. It offers a unique flavor profile that is spicy, sweet, and savory, with a rich, complex taste due to the fermentation process. Gochujang is commonly used in Korean cuisine to enhance the depth and heat of dishes such as bibimbap, tteokbokki, and various stews and marinades.","business, food-beverage, food, cooking, retail","false","102%","90500","Exploding","constant","Seasonal","Average","Positive","growing","Past 5 years","https://signails.com/topics/gochujang-sauce","{""facebook"":4850,""linkedin"":22,""twitter"":14,""pinterest"":4730,""reddit"":445,""tiktok"":539,""youtube"":810}","2021-04-01: 44, 2021-05-01: 46, 2021-06-01: 37, 2021-07-01: 43, 2021-08-01: 44, 2021-09-01: 38, 2021-10-01: 40, 2021-11-01: 35, 2021-12-01: 38, 2022-01-01: 53, 2022-02-01: 53, 2022-03-01: 48, 2022-04-01: 48, 2022-05-01: 48, 2022-06-01: 45, 2022-07-01: 52, 2022-08-01: 53, 2022-09-01: 51, 2022-10-01: 50, 2022-11-01: 46, 2022-12-01: 51, 2023-01-01: 62, 2023-02-01: 61, 2023-03-01: 60, 2023-04-01: 63, 2023-05-01: 58, 2023-06-01: 63, 2023-07-01: 67, 2023-08-01: 71, 2023-09-01: 63, 2023-10-01: 59, 2023-11-01: 59, 2023-12-01: 60, 2024-01-01: 77, 2024-02-01: 79, 2024-03-01: 72, 2024-04-01: 75, 2024-05-01: 69, 2024-06-01: 67, 2024-07-01: 68, 2024-08-01: 78, 2024-09-01: 79, 2024-10-01: 75, 2024-11-01: 72, 2024-12-01: 67, 2025-01-01: 90, 2025-02-01: 84, 2025-03-01: 79, 2025-04-01: 76, 2025-05-01: 84, 2025-06-01: 92, 2025-07-01: 86, 2025-08-01: 87, 2025-09-01: 80, 2025-10-01: 80, 2025-11-01: 82, 2025-12-01: 75, 2026-01-01: 97, 2026-02-01: 100, 2026-03-01: 99, 2026-04-01: 93, 2026-04-05: 88, 2026-04-12: 88"
"Smash burger","A type of hamburger made by placing a ball of ground beef on a hot griddle or skillet and pressing it down with a spatula to create a thin, crispy patty. This technique helps to create a flavorful crust on the outside while keeping the inside juicy, offering a distinct taste and texture compared to traditional burgers. Smash burgers are popular in many burger joints and appeal to individuals who enjoy a crispy, flavorful burger experience.","business, food-beverage, food, retail, cooking","false","592%","1500000","Exploding","constant","Seasonal","Average","Positive","declining","Past 5 years","https://signails.com/topics/smash-burger","{""facebook"":185000,""linkedin"":709,""twitter"":423,""pinterest"":40400,""reddit"":16400,""tiktok"":27300,""youtube"":21000}","2021-04-01: 12, 2021-05-01: 13, 2021-06-01: 14, 2021-07-01: 13, 2021-08-01: 13, 2021-09-01: 13, 2021-10-01: 12, 2021-11-01: 12, 2021-12-01: 14, 2022-01-01: 16, 2022-02-01: 15, 2022-03-01: 16, 2022-04-01: 18, 2022-05-01: 22, 2022-06-01: 23, 2022-07-01: 26, 2022-08-01: 23, 2022-09-01: 24, 2022-10-01: 26, 2022-11-01: 23, 2022-12-01: 21, 2023-01-01: 27, 2023-02-01: 30, 2023-03-01: 29, 2023-04-01: 34, 2023-05-01: 39, 2023-06-01: 40, 2023-07-01: 45, 2023-08-01: 41, 2023-09-01: 39, 2023-10-01: 38, 2023-11-01: 42, 2023-12-01: 47, 2024-01-01: 55, 2024-02-01: 58, 2024-03-01: 61, 2024-04-01: 66, 2024-05-01: 76, 2024-06-01: 73, 2024-07-01: 77, 2024-08-01: 76, 2024-09-01: 70, 2024-10-01: 64, 2024-11-01: 65, 2024-12-01: 66, 2025-01-01: 78, 2025-02-01: 73, 2025-03-01: 80, 2025-04-01: 88, 2025-05-01: 92, 2025-06-01: 90, 2025-07-01: 93, 2025-08-01: 100, 2025-09-01: 84, 2025-10-01: 83, 2025-11-01: 87, 2025-12-01: 84, 2026-01-01: 94, 2026-02-01: 90, 2026-03-01: 96, 2026-04-01: 90, 2026-04-05: 99, 2026-04-12: 100"
"Freeze dried strawberries","Freeze-dried strawberries are a nutritious, long-lasting, and versatile food option that retains most of the nutrients of fresh strawberries. The freeze-drying process removes moisture while preserving the fruit's flavor, color, and nutritional value, making them ideal for snacking, baking, and adding to cereals, yogurt, and smoothies. This product is particularly popular among health-conscious consumers and those seeking convenient, shelf-stable fruit options.","business, food-beverage, retail, food, cpg","false","163%","74000","Exploding","exponential","Seasonal","Low","Positive","growing","Past 5 years","https://signails.com/topics/freeze-dried-strawberries","{""facebook"":4730,""linkedin"":73,""twitter"":1,""pinterest"":2260,""reddit"":199,""tiktok"":1150,""youtube"":681}","2021-04-01: 36, 2021-05-01: 38, 2021-06-01: 31, 2021-07-01: 28, 2021-08-01: 27, 2021-09-01: 26, 2021-10-01: 22, 2021-11-01: 21, 2021-12-01: 24, 2022-01-01: 31, 2022-02-01: 42, 2022-03-01: 34, 2022-04-01: 40, 2022-05-01: 38, 2022-06-01: 39, 2022-07-01: 34, 2022-08-01: 31, 2022-09-01: 26, 2022-10-01: 24, 2022-11-01: 23, 2022-12-01: 30, 2023-01-01: 43, 2023-02-01: 59, 2023-03-01: 49, 2023-04-01: 46, 2023-05-01: 46, 2023-06-01: 44, 2023-07-01: 38, 2023-08-01: 35, 2023-09-01: 34, 2023-10-01: 30, 2023-11-01: 33, 2023-12-01: 43, 2024-01-01: 48, 2024-02-01: 65, 2024-03-01: 59, 2024-04-01: 54, 2024-05-01: 52, 2024-06-01: 52, 2024-07-01: 49, 2024-08-01: 50, 2024-09-01: 45, 2024-10-01: 39, 2024-11-01: 45, 2024-12-01: 49, 2025-01-01: 67, 2025-02-01: 86, 2025-03-01: 72, 2025-04-01: 72, 2025-05-01: 74, 2025-06-01: 63, 2025-07-01: 68, 2025-08-01: 68, 2025-09-01: 66, 2025-10-01: 57, 2025-11-01: 56, 2025-12-01: 62, 2026-01-01: 81, 2026-02-01: 94, 2026-03-01: 92, 2026-04-01: 100, 2026-04-05: 71, 2026-04-12: 71"
"Stem chocolate","Company focused on breaking the stigma around medical magic mushrooms by offering psilocybin-infused chocolates. Stem Psilocybin Chocolates aims to educate consumers about the health benefits of psilocybin, the active compound in magic mushrooms, through their product offerings. The target demographic includes individuals interested in alternative health treatments and those curious about the potential therapeutic benefits of psilocybin.","business, health, food-beverage, supplements, nutrition, food","true","590%","390","Exploding","exponential","Non-seasonal","Low","Positive","growing","Past 5 years","https://signails.com/topics/stem-chocolate","{""facebook"":215,""linkedin"":14,""twitter"":1,""pinterest"":88,""reddit"":14,""tiktok"":44,""youtube"":43}","2021-04-01: 10, 2021-05-01: 10, 2021-06-01: 8, 2021-07-01: 8, 2021-08-01: 7, 2021-09-01: 8, 2021-10-01: 9, 2021-11-01: 15, 2021-12-01: 13, 2022-01-01: 14, 2022-02-01: 21, 2022-03-01: 17, 2022-04-01: 11, 2022-05-01: 12, 2022-06-01: 10, 2022-07-01: 8, 2022-08-01: 12, 2022-09-01: 11, 2022-10-01: 15, 2022-11-01: 12, 2022-12-01: 17, 2023-01-01: 20, 2023-02-01: 65, 2023-03-01: 26, 2023-04-01: 29, 2023-05-01: 34, 2023-06-01: 22, 2023-07-01: 22, 2023-08-01: 16, 2023-09-01: 24, 2023-10-01: 18, 2023-11-01: 22, 2023-12-01: 25, 2024-01-01: 17, 2024-02-01: 24, 2024-03-01: 16, 2024-04-01: 18, 2024-05-01: 25, 2024-06-01: 19, 2024-07-01: 15, 2024-08-01: 14, 2024-09-01: 18, 2024-10-01: 21, 2024-11-01: 25, 2024-12-01: 27, 2025-01-01: 17, 2025-02-01: 22, 2025-03-01: 83, 2025-04-01: 29, 2025-05-01: 25, 2025-06-01: 26, 2025-07-01: 31, 2025-08-01: 80, 2025-09-01: 76, 2025-10-01: 68, 2025-11-01: 76, 2025-12-01: 83, 2026-01-01: 66, 2026-02-01: 100, 2026-03-01: 74, 2026-04-01: 69, 2026-04-05: 80, 2026-04-12: 84"
"nongshim","South Korean food and beverage company known for its instant noodles and snacks, including popular products like Shin Ramyun, Neoguri, and Chapagetti. Founded in 1965, the company has established a strong presence both domestically and internationally, differentiating itself with high-quality ingredients and unique flavors. Nongshim primarily targets consumers seeking convenient, flavorful, and high-quality instant food products.","business, food-beverage, retail, food, cpg","true","202.99999999999997%","40500","Exploding","exponential","Non-seasonal","Low","Positive","declining","Past 5 years","https://signails.com/topics/nongshim","{""facebook"":31700,""linkedin"":710,""twitter"":499,""pinterest"":4390,""reddit"":9050,""tiktok"":4990,""youtube"":8840}","2021-04-01: 33, 2021-05-01: 30, 2021-06-01: 30, 2021-07-01: 34, 2021-08-01: 35, 2021-09-01: 32, 2021-10-01: 35, 2021-11-01: 33, 2021-12-01: 32, 2022-01-01: 46, 2022-02-01: 41, 2022-03-01: 43, 2022-04-01: 36, 2022-05-01: 35, 2022-06-01: 37, 2022-07-01: 38, 2022-08-01: 37, 2022-09-01: 38, 2022-10-01: 36, 2022-11-01: 34, 2022-12-01: 36, 2023-01-01: 42, 2023-02-01: 45, 2023-03-01: 40, 2023-04-01: 36, 2023-05-01: 35, 2023-06-01: 39, 2023-07-01: 42, 2023-08-01: 42, 2023-09-01: 40, 2023-10-01: 38, 2023-11-01: 36, 2023-12-01: 37, 2024-01-01: 45, 2024-02-01: 43, 2024-03-01: 40, 2024-04-01: 38, 2024-05-01: 39, 2024-06-01: 42, 2024-07-01: 43, 2024-08-01: 42, 2024-09-01: 40, 2024-10-01: 39, 2024-11-01: 42, 2024-12-01: 45, 2025-01-01: 51, 2025-02-01: 52, 2025-03-01: 45, 2025-04-01: 51, 2025-05-01: 47, 2025-06-01: 46, 2025-07-01: 52, 2025-08-01: 78, 2025-09-01: 73, 2025-10-01: 63, 2025-11-01: 61, 2025-12-01: 55, 2026-01-01: 65, 2026-02-01: 80, 2026-03-01: 100, 2026-04-05: 31, 2026-04-12: 30"
"NotCo","Food technology company that leverages artificial intelligence to develop plant-based food products. NotCo differentiates itself by using proprietary AI technology to replicate the taste and texture of animal-based foods, aiming to offer sustainable and accessible alternatives. The company's products are targeted at consumers seeking environmentally friendly and health-conscious food options.","business, technology, food-beverage, food, ai, cpg","true","49%","9900","Exploding","constant","Seasonal","Low","Positive","declining","Past 5 years","https://signails.com/topics/notco","{""facebook"":1980,""linkedin"":2200,""twitter"":131,""pinterest"":354,""reddit"":171,""tiktok"":558,""youtube"":929}","2021-04-01: 37, 2021-05-01: 37, 2021-06-01: 42, 2021-07-01: 88, 2021-08-01: 62, 2021-09-01: 53, 2021-10-01: 63, 2021-11-01: 61, 2021-12-01: 44, 2022-01-01: 43, 2022-02-01: 50, 2022-03-01: 56, 2022-04-01: 63, 2022-05-01: 59, 2022-06-01: 50, 2022-07-01: 48, 2022-08-01: 53, 2022-09-01: 49, 2022-10-01: 51, 2022-11-01: 49, 2022-12-01: 49, 2023-01-01: 45, 2023-02-01: 50, 2023-03-01: 49, 2023-04-01: 47, 2023-05-01: 63, 2023-06-01: 63, 2023-07-01: 50, 2023-08-01: 51, 2023-09-01: 48, 2023-10-01: 49, 2023-11-01: 51, 2023-12-01: 40, 2024-01-01: 51, 2024-02-01: 60, 2024-03-01: 56, 2024-04-01: 56, 2024-05-01: 50, 2024-06-01: 52, 2024-07-01: 46, 2024-08-01: 55, 2024-09-01: 97, 2024-10-01: 54, 2024-11-01: 49, 2024-12-01: 49, 2025-01-01: 46, 2025-02-01: 44, 2025-03-01: 52, 2025-04-01: 52, 2025-05-01: 48, 2025-06-01: 52, 2025-07-01: 56, 2025-08-01: 84, 2025-09-01: 100, 2025-10-01: 60, 2025-11-01: 53, 2025-12-01: 42, 2026-01-01: 44, 2026-02-01: 43, 2026-03-01: 55, 2026-04-05: 59, 2026-04-12: 53"
"eversweet","Zero-calorie sweetener derived from stevia, supplied by Cargill in North America. It offers the same sweetness as found in the stevia leaf, making it a natural alternative to sugar without the calories. Eversweet is targeted at health-conscious consumers and those looking to reduce their sugar intake without sacrificing sweetness.","business, health, food-beverage, food, beverages, cpg","false","122%","880","Exploding","exponential","Seasonal","Low","Positive","stationary","Past 5 years","https://signails.com/topics/eversweet","{""facebook"":3150,""linkedin"":40,""twitter"":4,""pinterest"":836,""reddit"":742,""tiktok"":279,""youtube"":629}","2021-04-01: 45, 2021-05-01: 35, 2021-06-01: 30, 2021-07-01: 31, 2021-08-01: 29, 2021-09-01: 30, 2021-10-01: 28, 2021-11-01: 28, 2021-12-01: 30, 2022-01-01: 38, 2022-02-01: 32, 2022-03-01: 41, 2022-04-01: 43, 2022-05-01: 46, 2022-06-01: 44, 2022-07-01: 32, 2022-08-01: 35, 2022-09-01: 32, 2022-10-01: 30, 2022-11-01: 28, 2022-12-01: 37, 2023-01-01: 34, 2023-02-01: 37, 2023-03-01: 39, 2023-04-01: 43, 2023-05-01: 38, 2023-06-01: 41, 2023-07-01: 40, 2023-08-01: 33, 2023-09-01: 32, 2023-10-01: 28, 2023-11-01: 32, 2023-12-01: 31, 2024-01-01: 40, 2024-02-01: 37, 2024-03-01: 46, 2024-04-01: 47, 2024-05-01: 50, 2024-06-01: 50, 2024-07-01: 48, 2024-08-01: 42, 2024-09-01: 40, 2024-10-01: 42, 2024-11-01: 38, 2024-12-01: 42, 2025-01-01: 40, 2025-02-01: 42, 2025-03-01: 49, 2025-04-01: 54, 2025-05-01: 61, 2025-06-01: 58, 2025-07-01: 63, 2025-08-01: 90, 2025-09-01: 84, 2025-10-01: 96, 2025-11-01: 78, 2025-12-01: 71, 2026-01-01: 80, 2026-02-01: 74, 2026-03-01: 100, 2026-04-05: 66, 2026-04-12: 68"
"Green fusion","Founded in 2021, Green Fusion develops and distributes a cloud-based energy manager for intelligent control, monitoring, analysis, and optimization of heating and energy systems in buildings. The technology operates cross-sector, in real-time, and can be accessed from anywhere, providing a comprehensive solution for energy management. Green Fusion primarily targets building managers, facility operators, and energy consultants seeking to enhance energy efficiency and sustainability in their operations.","business, food-beverage, lifestyle, food, retail, eco","true","455.99999999999994%","590","Exploding","exponential","Non-seasonal","Low","Positive","declining","Past 5 years","https://signails.com/topics/green-fusion","{""facebook"":1860,""linkedin"":644,""twitter"":27,""pinterest"":1950,""reddit"":59,""tiktok"":50,""youtube"":349}","2021-04-01: 20, 2021-05-01: 16, 2021-06-01: 17, 2021-07-01: 22, 2021-08-01: 19, 2021-09-01: 16, 2021-10-01: 16, 2021-11-01: 17, 2021-12-01: 16, 2022-01-01: 21, 2022-02-01: 21, 2022-03-01: 22, 2022-04-01: 21, 2022-05-01: 23, 2022-06-01: 19, 2022-07-01: 19, 2022-08-01: 20, 2022-09-01: 19, 2022-10-01: 19, 2022-11-01: 23, 2022-12-01: 24, 2023-01-01: 22, 2023-02-01: 23, 2023-03-01: 22, 2023-04-01: 23, 2023-05-01: 23, 2023-06-01: 22, 2023-07-01: 19, 2023-08-01: 21, 2023-09-01: 20, 2023-10-01: 19, 2023-11-01: 20, 2023-12-01: 21, 2024-01-01: 22, 2024-02-01: 25, 2024-03-01: 23, 2024-04-01: 21, 2024-05-01: 22, 2024-06-01: 22, 2024-07-01: 22, 2024-08-01: 22, 2024-09-01: 24, 2024-10-01: 28, 2024-11-01: 31, 2024-12-01: 29, 2025-01-01: 29, 2025-02-01: 27, 2025-03-01: 27, 2025-04-01: 26, 2025-05-01: 27, 2025-06-01: 29, 2025-07-01: 38, 2025-08-01: 74, 2025-09-01: 70, 2025-10-01: 66, 2025-11-01: 73, 2025-12-01: 61, 2026-01-01: 62, 2026-02-01: 100, 2026-03-01: 85, 2026-04-01: 89, 2026-04-05: 80, 2026-04-12: 79"
"Lab milk","Lab milk is a type of milk produced by inserting DNA from mammary stem cells into genetically modified yeast, which is then fermented with sugars. This process results in a product that is extracted, filtered, and processed into milk, which can be used to create various dairy products like ice cream and cheese. Lab milk primarily targets consumers seeking sustainable and ethical alternatives to traditional dairy products, including those concerned with animal welfare and environmental impact.","business, technology, food-beverage, food, beverages, cpg","false","206.99999999999997%","1300","Exploding","exponential","Seasonal","Low","Neutral","declining","Past 5 years","https://signails.com/topics/lab-milk","{""facebook"":510,""linkedin"":22,""twitter"":1,""pinterest"":53,""reddit"":18,""tiktok"":100,""youtube"":134}","2021-04-01: 30, 2021-05-01: 31, 2021-06-01: 31, 2021-07-01: 30, 2021-08-01: 31, 2021-09-01: 30, 2021-10-01: 28, 2021-11-01: 25, 2021-12-01: 25, 2022-01-01: 32, 2022-02-01: 31, 2022-03-01: 30, 2022-04-01: 28, 2022-05-01: 33, 2022-06-01: 29, 2022-07-01: 29, 2022-08-01: 27, 2022-09-01: 28, 2022-10-01: 28, 2022-11-01: 28, 2022-12-01: 27, 2023-01-01: 28, 2023-02-01: 30, 2023-03-01: 27, 2023-04-01: 27, 2023-05-01: 28, 2023-06-01: 26, 2023-07-01: 27, 2023-08-01: 27, 2023-09-01: 28, 2023-10-01: 27, 2023-11-01: 26, 2023-12-01: 25, 2024-01-01: 27, 2024-02-01: 32, 2024-03-01: 30, 2024-04-01: 31, 2024-05-01: 30, 2024-06-01: 29, 2024-07-01: 30, 2024-08-01: 29, 2024-09-01: 30, 2024-10-01: 30, 2024-11-01: 29, 2024-12-01: 29, 2025-01-01: 30, 2025-02-01: 31, 2025-03-01: 34, 2025-04-01: 32, 2025-05-01: 33, 2025-06-01: 33, 2025-07-01: 41, 2025-08-01: 80, 2025-09-01: 91, 2025-10-01: 81, 2025-11-01: 95, 2025-12-01: 85, 2026-01-01: 78, 2026-02-01: 100, 2026-03-01: 92, 2026-04-05: 66, 2026-04-12: 66"
"Venchi","Italian gourmet chocolate manufacturer and retailer known for its high-quality chocolates and gelato. The company emphasizes the use of natural ingredients and traditional recipes, offering a wide range of products including chocolate bars, pralines, spreads, and gelato, and is distinguished by its artisanal craftsmanship. Venchi primarily targets chocolate enthusiasts and consumers seeking premium, artisanal confectionery products.","business, food-beverage, retail, food, cpg","true","181%","301000","Exploding","constant","Seasonal","Low","Positive","growing","Past 5 years","https://signails.com/topics/venchi","{""facebook"":18600,""linkedin"":1610,""twitter"":260,""pinterest"":2890,""reddit"":488,""tiktok"":2600,""youtube"":3080}","2021-04-01: 26, 2021-05-01: 22, 2021-06-01: 22, 2021-07-01: 25, 2021-08-01: 28, 2021-09-01: 28, 2021-10-01: 33, 2021-11-01: 39, 2021-12-01: 49, 2022-01-01: 35, 2022-02-01: 34, 2022-03-01: 37, 2022-04-01: 55, 2022-05-01: 37, 2022-06-01: 35, 2022-07-01: 39, 2022-08-01: 34, 2022-09-01: 35, 2022-10-01: 39, 2022-11-01: 47, 2022-12-01: 64, 2023-01-01: 43, 2023-02-01: 44, 2023-03-01: 53, 2023-04-01: 62, 2023-05-01: 43, 2023-06-01: 45, 2023-07-01: 42, 2023-08-01: 46, 2023-09-01: 45, 2023-10-01: 49, 2023-11-01: 68, 2023-12-01: 84, 2024-01-01: 54, 2024-02-01: 59, 2024-03-01: 80, 2024-04-01: 56, 2024-05-01: 52, 2024-06-01: 54, 2024-07-01: 55, 2024-08-01: 52, 2024-09-01: 53, 2024-10-01: 63, 2024-11-01: 74, 2024-12-01: 98, 2025-01-01: 57, 2025-02-01: 60, 2025-03-01: 60, 2025-04-01: 78, 2025-05-01: 52, 2025-06-01: 48, 2025-07-01: 51, 2025-08-01: 63, 2025-09-01: 55, 2025-10-01: 65, 2025-11-01: 78, 2025-12-01: 99, 2026-01-01: 53, 2026-02-01: 63, 2026-03-01: 73, 2026-04-05: 96, 2026-04-12: 92"
"Lavender syrup","A sweet, aromatic syrup made from lavender flowers, often used to add a floral flavor to beverages, desserts, and various culinary dishes. The syrup is typically created by infusing lavender flowers in a simple syrup, resulting in a distinctive, fragrant taste that pairs well with flavors like lemon, honey, and vanilla. It is popular among gourmet cooks and mixologists looking to enhance their recipes with a unique, floral twist.","business, food-beverage, retail, food, beverages","false","110.00000000000001%","14800","Exploding","constant","Seasonal","Low","Positive","declining","Past 5 years","https://signails.com/topics/lavender-syrup","{""facebook"":1930,""linkedin"":15,""twitter"":17,""pinterest"":4550,""reddit"":254,""tiktok"":541,""youtube"":251}","2021-04-01: 34, 2021-05-01: 41, 2021-06-01: 43, 2021-07-01: 48, 2021-08-01: 38, 2021-09-01: 29, 2021-10-01: 27, 2021-11-01: 27, 2021-12-01: 31, 2022-01-01: 34, 2022-02-01: 35, 2022-03-01: 39, 2022-04-01: 48, 2022-05-01: 52, 2022-06-01: 62, 2022-07-01: 67, 2022-08-01: 51, 2022-09-01: 37, 2022-10-01: 33, 2022-11-01: 30, 2022-12-01: 34, 2023-01-01: 42, 2023-02-01: 39, 2023-03-01: 40, 2023-04-01: 54, 2023-05-01: 57, 2023-06-01: 66, 2023-07-01: 68, 2023-08-01: 53, 2023-09-01: 42, 2023-10-01: 32, 2023-11-01: 32, 2023-12-01: 35, 2024-01-01: 41, 2024-02-01: 40, 2024-03-01: 95, 2024-04-01: 98, 2024-05-01: 90, 2024-06-01: 91, 2024-07-01: 78, 2024-08-01: 60, 2024-09-01: 48, 2024-10-01: 39, 2024-11-01: 35, 2024-12-01: 42, 2025-01-01: 52, 2025-02-01: 57, 2025-03-01: 93, 2025-04-01: 95, 2025-05-01: 100, 2025-06-01: 95, 2025-07-01: 85, 2025-08-01: 76, 2025-09-01: 53, 2025-10-01: 47, 2025-11-01: 39, 2025-12-01: 42, 2026-01-01: 47, 2026-02-01: 52, 2026-03-01: 76, 2026-04-01: 86, 2026-04-05: 66, 2026-04-12: 68"
"Ready Hour ","Brand specializing in emergency food supplies designed to be non-perishable with a long shelf life of up to 25 years. Ready Hour offers a range of products including emergency meal entrées, powdered whole eggs, and comprehensive food supply kits for extended periods, differentiating itself with its focus on long-term storage and preparedness. The target demographic includes individuals and families interested in emergency preparedness, survivalists, and those looking to ensure food security during unforeseen events.","business, food-beverage, industry, retail, supply-chain, food","true","248%","1300","Exploding","exponential","Non-seasonal","Low","Positive","declining","Past 5 years","https://signails.com/topics/ready-hour","{""facebook"":768,""linkedin"":57,""twitter"":23,""pinterest"":1100,""reddit"":91,""tiktok"":40,""youtube"":128}","2021-04-01: 21, 2021-05-01: 23, 2021-06-01: 22, 2021-07-01: 22, 2021-08-01: 23, 2021-09-01: 23, 2021-10-01: 27, 2021-11-01: 26, 2021-12-01: 28, 2022-01-01: 34, 2022-02-01: 35, 2022-03-01: 39, 2022-04-01: 44, 2022-05-01: 36, 2022-06-01: 32, 2022-07-01: 32, 2022-08-01: 29, 2022-09-01: 34, 2022-10-01: 33, 2022-11-01: 30, 2022-12-01: 29, 2023-01-01: 29, 2023-02-01: 33, 2023-03-01: 31, 2023-04-01: 32, 2023-05-01: 31, 2023-06-01: 27, 2023-07-01: 24, 2023-08-01: 25, 2023-09-01: 28, 2023-10-01: 29, 2023-11-01: 30, 2023-12-01: 30, 2024-01-01: 30, 2024-02-01: 35, 2024-03-01: 32, 2024-04-01: 33, 2024-05-01: 31, 2024-06-01: 28, 2024-07-01: 29, 2024-08-01: 30, 2024-09-01: 35, 2024-10-01: 37, 2024-11-01: 34, 2024-12-01: 38, 2025-01-01: 32, 2025-02-01: 38, 2025-03-01: 38, 2025-04-01: 41, 2025-05-01: 37, 2025-06-01: 34, 2025-07-01: 40, 2025-08-01: 94, 2025-09-01: 80, 2025-10-01: 71, 2025-11-01: 82, 2025-12-01: 78, 2026-01-01: 78, 2026-02-01: 89, 2026-03-01: 100, 2026-04-01: 80, 2026-03-29: 67, 2026-04-05: 66, 2026-04-12: 65"
"Nurture Life","Company that focuses on providing nutritious, ready-to-eat meals, snacks, and smoothies for babies, toddlers, and kids. Nurture Life differentiates itself by offering convenient meal options without compromising on flavor and nutrition, aiming to improve children's eating habits. The primary target demographic includes parents seeking healthy and convenient meal solutions for their young children.","business, health, food-beverage, retail, nutrition, food","true","89%","18100","Exploding","exponential","Seasonal","Low","Positive","growing","Past 5 years","https://signails.com/topics/nurture-life","{""facebook"":2430,""linkedin"":193,""twitter"":40,""pinterest"":260,""reddit"":486,""tiktok"":270,""youtube"":429}","2021-04-01: 17, 2021-05-01: 19, 2021-06-01: 15, 2021-07-01: 13, 2021-08-01: 16, 2021-09-01: 26, 2021-10-01: 24, 2021-11-01: 19, 2021-12-01: 19, 2022-01-01: 24, 2022-02-01: 29, 2022-03-01: 30, 2022-04-01: 26, 2022-05-01: 22, 2022-06-01: 20, 2022-07-01: 20, 2022-08-01: 27, 2022-09-01: 38, 2022-10-01: 35, 2022-11-01: 27, 2022-12-01: 23, 2023-01-01: 36, 2023-02-01: 36, 2023-03-01: 38, 2023-04-01: 28, 2023-05-01: 31, 2023-06-01: 26, 2023-07-01: 25, 2023-08-01: 31, 2023-09-01: 35, 2023-10-01: 31, 2023-11-01: 27, 2023-12-01: 25, 2024-01-01: 38, 2024-02-01: 36, 2024-03-01: 34, 2024-04-01: 32, 2024-05-01: 30, 2024-06-01: 25, 2024-07-01: 25, 2024-08-01: 29, 2024-09-01: 33, 2024-10-01: 34, 2024-11-01: 30, 2024-12-01: 25, 2025-01-01: 29, 2025-02-01: 32, 2025-03-01: 30, 2025-04-01: 24, 2025-05-01: 24, 2025-06-01: 28, 2025-07-01: 24, 2025-08-01: 33, 2025-09-01: 34, 2025-10-01: 33, 2025-11-01: 28, 2025-12-01: 21, 2026-01-01: 33, 2026-02-01: 38, 2026-03-01: 36, 2026-04-01: 36, 2026-03-29: 68, 2026-04-05: 65, 2026-04-12: 67"
"Curb Food","Delivery-first dark kitchen provider that creates and operates food brands optimized for delivery services. Curb Food differentiates itself by building each brand from the ground up using insights and data, ensuring efficient and high-quality food preparation for delivery. The target demographic includes consumers who prefer the convenience of food delivery and are looking for diverse and innovative food options.","business, food-beverage, food, retail, cpg","true","329%","390","Exploding","exponential","Non-seasonal","Average","Positive","declining","Past 5 years","https://signails.com/topics/curb-food","{""facebook"":904,""linkedin"":94,""twitter"":15,""pinterest"":62,""reddit"":57,""tiktok"":44,""youtube"":101}","2021-04-01: 21, 2021-05-01: 23, 2021-06-01: 24, 2021-07-01: 22, 2021-08-01: 21, 2021-09-01: 22, 2021-10-01: 25, 2021-11-01: 24, 2021-12-01: 21, 2022-01-01: 23, 2022-02-01: 25, 2022-03-01: 22, 2022-04-01: 27, 2022-05-01: 29, 2022-06-01: 26, 2022-07-01: 25, 2022-08-01: 22, 2022-09-01: 24, 2022-10-01: 25, 2022-11-01: 24, 2022-12-01: 21, 2023-01-01: 19, 2023-02-01: 23, 2023-03-01: 20, 2023-04-01: 22, 2023-05-01: 20, 2023-06-01: 17, 2023-07-01: 21, 2023-08-01: 20, 2023-09-01: 18, 2023-10-01: 18, 2023-11-01: 18, 2023-12-01: 16, 2024-01-01: 19, 2024-02-01: 27, 2024-03-01: 28, 2024-04-01: 31, 2024-05-01: 26, 2024-06-01: 23, 2024-07-01: 21, 2024-08-01: 19, 2024-09-01: 19, 2024-10-01: 19, 2024-11-01: 21, 2024-12-01: 21, 2025-01-01: 23, 2025-02-01: 24, 2025-03-01: 24, 2025-04-01: 26, 2025-05-01: 26, 2025-06-01: 26, 2025-07-01: 33, 2025-08-01: 74, 2025-09-01: 71, 2025-10-01: 68, 2025-11-01: 77, 2025-12-01: 90, 2026-01-01: 84, 2026-02-01: 100, 2026-03-01: 90, 2026-04-05: 85, 2026-04-12: 82"
"yumearth","Company specializing in creating organic, allergy-friendly candies and treats. YumEarth differentiates itself by offering a variety of sweets such as lollipops, licorice, and gummies that are made without the top 8 allergens, ensuring safety and enjoyment for those with food sensitivities. The target demographic includes families and individuals affected by food allergies who seek delicious and safe treat options.","business, health, food-beverage, retail, food, cpg","true","191%","9900","Exploding","exponential","Seasonal","Low","Positive","growing","Past 5 years","https://signails.com/topics/yumearth","{""facebook"":2840,""linkedin"":140,""twitter"":39,""pinterest"":910,""reddit"":132,""tiktok"":544,""youtube"":247}","2021-04-01: 22, 2021-05-01: 19, 2021-06-01: 20, 2021-07-01: 18, 2021-08-01: 20, 2021-09-01: 24, 2021-10-01: 38, 2021-11-01: 29, 2021-12-01: 22, 2022-01-01: 24, 2022-02-01: 26, 2022-03-01: 24, 2022-04-01: 26, 2022-05-01: 21, 2022-06-01: 21, 2022-07-01: 19, 2022-08-01: 22, 2022-09-01: 27, 2022-10-01: 39, 2022-11-01: 31, 2022-12-01: 32, 2023-01-01: 27, 2023-02-01: 32, 2023-03-01: 30, 2023-04-01: 27, 2023-05-01: 20, 2023-06-01: 20, 2023-07-01: 20, 2023-08-01: 20, 2023-09-01: 25, 2023-10-01: 34, 2023-11-01: 29, 2023-12-01: 31, 2024-01-01: 25, 2024-02-01: 29, 2024-03-01: 32, 2024-04-01: 23, 2024-05-01: 19, 2024-06-01: 20, 2024-07-01: 20, 2024-08-01: 22, 2024-09-01: 28, 2024-10-01: 40, 2024-11-01: 40, 2024-12-01: 37, 2025-01-01: 37, 2025-02-01: 45, 2025-03-01: 38, 2025-04-01: 44, 2025-05-01: 23, 2025-06-01: 26, 2025-07-01: 25, 2025-08-01: 37, 2025-09-01: 43, 2025-10-01: 60, 2025-11-01: 48, 2025-12-01: 46, 2026-01-01: 39, 2026-02-01: 52, 2026-03-01: 64, 2026-04-05: 93, 2026-04-12: 91"
"Slim Chickens","American fast-casual restaurant chain specializing in chicken tenders, wings, sandwiches, salads, wraps, chicken and waffles, and other items. Founded in 2003 by Greg Smart and Tom Gordon in Fayetteville, Arkansas, it differentiates itself with a focus on high-quality, freshly prepared chicken dishes and a variety of Southern-inspired sides. Slim Chickens primarily targets families, casual diners, and chicken enthusiasts looking for a quick yet high-quality dining experience.","business, food-beverage, retail, food, cpg","true","27%","165000","Exploding","constant","Seasonal","Average","Negative","declining","Past 5 years","https://signails.com/topics/slim-chickens","{""facebook"":14700,""linkedin"":2190,""twitter"":51,""pinterest"":299,""reddit"":1070,""tiktok"":2420,""youtube"":1300}","2021-04-01: 58, 2021-05-01: 62, 2021-06-01: 60, 2021-07-01: 71, 2021-08-01: 72, 2021-09-01: 72, 2021-10-01: 70, 2021-11-01: 65, 2021-12-01: 62, 2022-01-01: 55, 2022-02-01: 51, 2022-03-01: 55, 2022-04-01: 56, 2022-05-01: 55, 2022-06-01: 63, 2022-07-01: 79, 2022-08-01: 72, 2022-09-01: 69, 2022-10-01: 64, 2022-11-01: 62, 2022-12-01: 68, 2023-01-01: 78, 2023-02-01: 77, 2023-03-01: 75, 2023-04-01: 78, 2023-05-01: 70, 2023-06-01: 70, 2023-07-01: 77, 2023-08-01: 87, 2023-09-01: 78, 2023-10-01: 89, 2023-11-01: 72, 2023-12-01: 74, 2024-01-01: 70, 2024-02-01: 86, 2024-03-01: 93, 2024-04-01: 95, 2024-05-01: 86, 2024-06-01: 95, 2024-07-01: 95, 2024-08-01: 100, 2024-09-01: 90, 2024-10-01: 82, 2024-11-01: 71, 2024-12-01: 77, 2025-01-01: 73, 2025-02-01: 82, 2025-03-01: 86, 2025-04-01: 85, 2025-05-01: 78, 2025-06-01: 76, 2025-07-01: 85, 2025-08-01: 85, 2025-09-01: 73, 2025-10-01: 70, 2025-11-01: 74, 2025-12-01: 73, 2026-01-01: 69, 2026-02-01: 70, 2026-03-01: 73, 2026-04-01: 79, 2026-04-05: 74, 2026-04-12: 68"
"Because animals","Biotech company focused on developing cultured meat for the pet food market. It aims to provide sustainable and ethical alternatives to traditional pet food by using lab-grown meat, differentiating itself through its innovative approach to animal nutrition. The primary target demographic includes pet owners who are concerned about the environmental impact and ethical considerations of conventional pet food.","business, food-beverage, food, retail","true","122%","170","Exploding","exponential","Seasonal","Low","Positive","growing","Past 5 years","https://signails.com/topics/because-animals","{""facebook"":1310,""linkedin"":29,""twitter"":52,""pinterest"":440,""reddit"":108,""tiktok"":55,""youtube"":311}","2021-04-01: 45, 2021-05-01: 48, 2021-06-01: 37, 2021-07-01: 29, 2021-08-01: 27, 2021-09-01: 44, 2021-10-01: 52, 2021-11-01: 48, 2021-12-01: 42, 2022-01-01: 54, 2022-02-01: 77, 2022-03-01: 85, 2022-04-01: 84, 2022-05-01: 72, 2022-06-01: 46, 2022-07-01: 27, 2022-08-01: 30, 2022-09-01: 58, 2022-10-01: 56, 2022-11-01: 58, 2022-12-01: 49, 2023-01-01: 54, 2023-02-01: 75, 2023-03-01: 78, 2023-04-01: 71, 2023-05-01: 70, 2023-06-01: 38, 2023-07-01: 23, 2023-08-01: 28, 2023-09-01: 49, 2023-10-01: 61, 2023-11-01: 55, 2023-12-01: 47, 2024-01-01: 49, 2024-02-01: 73, 2024-03-01: 74, 2024-04-01: 81, 2024-05-01: 65, 2024-06-01: 39, 2024-07-01: 26, 2024-08-01: 35, 2024-09-01: 61, 2024-10-01: 65, 2024-11-01: 61, 2024-12-01: 54, 2025-01-01: 54, 2025-02-01: 73, 2025-03-01: 77, 2025-04-01: 86, 2025-05-01: 73, 2025-06-01: 36, 2025-07-01: 27, 2025-08-01: 37, 2025-09-01: 69, 2025-10-01: 78, 2025-11-01: 74, 2025-12-01: 67, 2026-01-01: 76, 2026-02-01: 97, 2026-03-01: 100, 2026-04-05: 68, 2026-04-12: 67"
"Stretch island","Stretch Island is a small island with a land area of 1.2179 square kilometers (300.95 acres) located in the United States. It has a population of 162 people as of the 2010 census, making it a sparsely populated area. The island is primarily residential and appeals to individuals seeking a quiet, rural lifestyle.","business, food-beverage, food, retail, cpg","true","252.99999999999997%","2900","Exploding","exponential","Non-seasonal","Low","Positive","declining","Past 5 years","https://signails.com/topics/stretch-island","{""facebook"":176,""linkedin"":23,""twitter"":1,""pinterest"":359,""reddit"":38,""tiktok"":16,""youtube"":30}","2021-04-01: 16, 2021-05-01: 17, 2021-06-01: 14, 2021-07-01: 17, 2021-08-01: 17, 2021-09-01: 15, 2021-10-01: 15, 2021-11-01: 16, 2021-12-01: 16, 2022-01-01: 18, 2022-02-01: 15, 2022-03-01: 17, 2022-04-01: 18, 2022-05-01: 16, 2022-06-01: 17, 2022-07-01: 20, 2022-08-01: 15, 2022-09-01: 15, 2022-10-01: 14, 2022-11-01: 15, 2022-12-01: 14, 2023-01-01: 14, 2023-02-01: 15, 2023-03-01: 17, 2023-04-01: 15, 2023-05-01: 17, 2023-06-01: 13, 2023-07-01: 16, 2023-08-01: 15, 2023-09-01: 14, 2023-10-01: 13, 2023-11-01: 15, 2023-12-01: 13, 2024-01-01: 14, 2024-02-01: 15, 2024-03-01: 14, 2024-04-01: 14, 2024-05-01: 14, 2024-06-01: 15, 2024-07-01: 16, 2024-08-01: 16, 2024-09-01: 16, 2024-10-01: 14, 2024-11-01: 14, 2024-12-01: 15, 2025-01-01: 16, 2025-02-01: 13, 2025-03-01: 15, 2025-04-01: 15, 2025-05-01: 17, 2025-06-01: 19, 2025-07-01: 26, 2025-08-01: 50, 2025-09-01: 48, 2025-10-01: 42, 2025-11-01: 52, 2025-12-01: 38, 2026-01-01: 38, 2026-02-01: 100, 2026-03-01: 57, 2026-04-01: 60, 2026-04-05: 61, 2026-04-12: 62"
"Ube","A type of purple yam commonly used in Filipino cuisine, known for its vibrant purple color and sweet, nutty flavor. Ube is often utilized in desserts such as ice cream, cakes, and pastries, providing both visual appeal and a unique taste. It is particularly popular among those seeking nutritious ingredients rich in vitamins, minerals, and antioxidants.","business, food-beverage, food, retail, cpg","true","355%","368000","Exploding","constant","Seasonal","Average","Positive","growing","Past 5 years","https://signails.com/topics/ube","{""facebook"":1450000,""linkedin"":7590,""twitter"":4470,""pinterest"":78300,""reddit"":28500,""tiktok"":59700,""youtube"":70900}","2021-04-01: 23, 2021-05-01: 24, 2021-06-01: 24, 2021-07-01: 26, 2021-08-01: 25, 2021-09-01: 23, 2021-10-01: 23, 2021-11-01: 24, 2021-12-01: 24, 2022-01-01: 23, 2022-02-01: 24, 2022-03-01: 22, 2022-04-01: 26, 2022-05-01: 26, 2022-06-01: 28, 2022-07-01: 28, 2022-08-01: 25, 2022-09-01: 23, 2022-10-01: 25, 2022-11-01: 22, 2022-12-01: 25, 2023-01-01: 26, 2023-02-01: 26, 2023-03-01: 25, 2023-04-01: 29, 2023-05-01: 29, 2023-06-01: 29, 2023-07-01: 31, 2023-08-01: 26, 2023-09-01: 28, 2023-10-01: 29, 2023-11-01: 28, 2023-12-01: 29, 2024-01-01: 28, 2024-02-01: 31, 2024-03-01: 32, 2024-04-01: 35, 2024-05-01: 35, 2024-06-01: 35, 2024-07-01: 35, 2024-08-01: 34, 2024-09-01: 33, 2024-10-01: 38, 2024-11-01: 35, 2024-12-01: 36, 2025-01-01: 39, 2025-02-01: 39, 2025-03-01: 43, 2025-04-01: 43, 2025-05-01: 47, 2025-06-01: 44, 2025-07-01: 48, 2025-08-01: 49, 2025-09-01: 48, 2025-10-01: 50, 2025-11-01: 46, 2025-12-01: 48, 2026-01-01: 47, 2026-02-01: 49, 2026-03-01: 100, 2026-04-01: 82, 2026-03-29: 84, 2026-04-05: 81, 2026-04-12: 92"
"Bachan's","Bachan's is a brand known for its authentic Japanese barbecue sauce made from a multi-generational family recipe. The sauce is distinguished by its traditional ingredients and flavors, offering a unique taste experience that sets it apart from other barbecue sauces on the market. Bachan's primarily targets food enthusiasts and home cooks who appreciate authentic Japanese flavors and high-quality condiments.","business, food-beverage, retail, food, cpg","true","988.0000000000001%","14800","Exploding","constant","Non-seasonal","Low","Positive","declining","Past 5 years","https://signails.com/topics/bachans","{""facebook"":2940,""linkedin"":327,""twitter"":37,""pinterest"":1110,""reddit"":672,""tiktok"":880,""youtube"":1180}","2021-04-01: 7, 2021-05-01: 8, 2021-06-01: 8, 2021-07-01: 10, 2021-08-01: 9, 2021-09-01: 9, 2021-10-01: 9, 2021-11-01: 8, 2021-12-01: 11, 2022-01-01: 11, 2022-02-01: 13, 2022-03-01: 18, 2022-04-01: 23, 2022-05-01: 26, 2022-06-01: 39, 2022-07-01: 29, 2022-08-01: 27, 2022-09-01: 48, 2022-10-01: 50, 2022-11-01: 47, 2022-12-01: 58, 2023-01-01: 74, 2023-02-01: 63, 2023-03-01: 66, 2023-04-01: 67, 2023-05-01: 72, 2023-06-01: 74, 2023-07-01: 71, 2023-08-01: 69, 2023-09-01: 65, 2023-10-01: 63, 2023-11-01: 50, 2023-12-01: 58, 2024-01-01: 58, 2024-02-01: 80, 2024-03-01: 58, 2024-04-01: 55, 2024-05-01: 69, 2024-06-01: 78, 2024-07-01: 100, 2024-08-01: 72, 2024-09-01: 70, 2024-10-01: 58, 2024-11-01: 51, 2024-12-01: 60, 2025-01-01: 58, 2025-02-01: 63, 2025-03-01: 70, 2025-04-01: 62, 2025-05-01: 64, 2025-06-01: 61, 2025-07-01: 56, 2025-08-01: 78, 2025-09-01: 67, 2025-10-01: 53, 2025-11-01: 48, 2025-12-01: 52, 2026-01-01: 65, 2026-02-01: 84, 2026-03-01: 84, 2026-04-01: 87, 2026-04-05: 75, 2026-04-12: 72"
"Lychee tea","Flavored tea that incorporates the sweet and aromatic essence of lychee fruit, a tropical fruit known for its juicy and fragrant qualities. Lychee tea can be made using black, green, or oolong tea as a base, and it is often enjoyed both hot and iced, offering a unique and exotic flavor profile. This tea is popular among individuals seeking a refreshing beverage with potential health benefits, including antioxidants from the tea base and vitamins from the lychee fruit.","business, food-beverage, industry, beverages, retail, food","false","52%","9900","Exploding","exponential","Seasonal","Low","Positive","stationary","Past 5 years","https://signails.com/topics/lychee-tea","{""facebook"":2330,""linkedin"":14,""twitter"":60,""pinterest"":682,""reddit"":36,""tiktok"":925,""youtube"":613}","2021-04-01: 66, 2021-05-01: 66, 2021-06-01: 66, 2021-07-01: 65, 2021-08-01: 60, 2021-09-01: 54, 2021-10-01: 53, 2021-11-01: 51, 2021-12-01: 56, 2022-01-01: 69, 2022-02-01: 61, 2022-03-01: 66, 2022-04-01: 82, 2022-05-01: 68, 2022-06-01: 84, 2022-07-01: 75, 2022-08-01: 64, 2022-09-01: 63, 2022-10-01: 59, 2022-11-01: 56, 2022-12-01: 64, 2023-01-01: 68, 2023-02-01: 69, 2023-03-01: 73, 2023-04-01: 77, 2023-05-01: 76, 2023-06-01: 78, 2023-07-01: 74, 2023-08-01: 72, 2023-09-01: 65, 2023-10-01: 65, 2023-11-01: 59, 2023-12-01: 67, 2024-01-01: 70, 2024-02-01: 70, 2024-03-01: 80, 2024-04-01: 69, 2024-05-01: 72, 2024-06-01: 73, 2024-07-01: 71, 2024-08-01: 71, 2024-09-01: 65, 2024-10-01: 69, 2024-11-01: 63, 2024-12-01: 71, 2025-01-01: 75, 2025-02-01: 75, 2025-03-01: 83, 2025-04-01: 77, 2025-05-01: 82, 2025-06-01: 88, 2025-07-01: 88, 2025-08-01: 97, 2025-09-01: 81, 2025-10-01: 78, 2025-11-01: 87, 2025-12-01: 79, 2026-01-01: 82, 2026-02-01: 100, 2026-03-01: 95, 2026-04-01: 100, 2026-04-05: 83, 2026-04-12: 88"
"Alpha foods","Company that produces plant-based food products aimed at helping consumers maintain their health. Their offerings are made from non-dairy and genetically modified organism-free ingredients, providing cholesterol-free options with enhanced protein content, differentiating them from competitors. Alpha Foods primarily targets health-conscious consumers and those seeking plant-based dietary alternatives.","business, food-beverage, food, cpg, supply-chain","true","57.99999999999999%","12100","Exploding","exponential","Seasonal","Low","Positive","growing","Past 5 years","https://signails.com/topics/alpha-foods","{""facebook"":845,""linkedin"":124,""twitter"":14,""pinterest"":295,""reddit"":60,""tiktok"":33,""youtube"":118}","2021-04-01: 37, 2021-05-01: 43, 2021-06-01: 38, 2021-07-01: 40, 2021-08-01: 41, 2021-09-01: 41, 2021-10-01: 37, 2021-11-01: 35, 2021-12-01: 29, 2022-01-01: 44, 2022-02-01: 49, 2022-03-01: 44, 2022-04-01: 41, 2022-05-01: 40, 2022-06-01: 37, 2022-07-01: 36, 2022-08-01: 35, 2022-09-01: 35, 2022-10-01: 33, 2022-11-01: 40, 2022-12-01: 35, 2023-01-01: 42, 2023-02-01: 43, 2023-03-01: 45, 2023-04-01: 44, 2023-05-01: 41, 2023-06-01: 37, 2023-07-01: 40, 2023-08-01: 38, 2023-09-01: 37, 2023-10-01: 40, 2023-11-01: 40, 2023-12-01: 28, 2024-01-01: 36, 2024-02-01: 41, 2024-03-01: 37, 2024-04-01: 38, 2024-05-01: 33, 2024-06-01: 35, 2024-07-01: 35, 2024-08-01: 35, 2024-09-01: 40, 2024-10-01: 33, 2024-11-01: 35, 2024-12-01: 30, 2025-01-01: 35, 2025-02-01: 37, 2025-03-01: 37, 2025-04-01: 34, 2025-05-01: 35, 2025-06-01: 36, 2025-07-01: 42, 2025-08-01: 84, 2025-09-01: 85, 2025-10-01: 77, 2025-11-01: 84, 2025-12-01: 72, 2026-01-01: 75, 2026-02-01: 100, 2026-03-01: 91, 2026-04-01: 68, 2026-04-05: 65, 2026-04-12: 67"
"Healthy Crunch","Company that focuses on creating whole, raw snacks that are both delicious and nutritious. Known for their kale chips made from fresh, organic kale and hand-crafted dressings using all-natural ingredients, Healthy Crunch differentiates itself by emphasizing the use of local ingredients and promoting healthy eating. The target demographic includes health-conscious individuals seeking nutritious snack options made from high-quality, natural ingredients.","business, health, food-beverage, nutrition, food, cpg","true","94%","1600","Exploding","exponential","Seasonal","Average","Positive","growing","Past 5 years","https://signails.com/topics/healthy-crunch","{""facebook"":2170,""linkedin"":30,""twitter"":14,""pinterest"":2020,""reddit"":32,""tiktok"":216,""youtube"":311}","2021-04-01: 43, 2021-05-01: 49, 2021-06-01: 42, 2021-07-01: 43, 2021-08-01: 49, 2021-09-01: 44, 2021-10-01: 41, 2021-11-01: 36, 2021-12-01: 31, 2022-01-01: 61, 2022-02-01: 51, 2022-03-01: 51, 2022-04-01: 46, 2022-05-01: 49, 2022-06-01: 51, 2022-07-01: 44, 2022-08-01: 49, 2022-09-01: 47, 2022-10-01: 44, 2022-11-01: 36, 2022-12-01: 33, 2023-01-01: 63, 2023-02-01: 60, 2023-03-01: 59, 2023-04-01: 59, 2023-05-01: 51, 2023-06-01: 58, 2023-07-01: 52, 2023-08-01: 53, 2023-09-01: 53, 2023-10-01: 50, 2023-11-01: 46, 2023-12-01: 43, 2024-01-01: 63, 2024-02-01: 58, 2024-03-01: 68, 2024-04-01: 63, 2024-05-01: 53, 2024-06-01: 57, 2024-07-01: 56, 2024-08-01: 56, 2024-09-01: 65, 2024-10-01: 61, 2024-11-01: 57, 2024-12-01: 52, 2025-01-01: 92, 2025-02-01: 77, 2025-03-01: 81, 2025-04-01: 80, 2025-05-01: 72, 2025-06-01: 76, 2025-07-01: 79, 2025-08-01: 92, 2025-09-01: 82, 2025-10-01: 75, 2025-11-01: 76, 2025-12-01: 74, 2026-01-01: 100, 2026-02-01: 99, 2026-03-01: 100, 2026-04-01: 95, 2026-03-29: 83, 2026-04-05: 83, 2026-04-12: 79"
"arabica","Arabica coffee, scientifically known as Coffea arabica, is one of the most popular and widely consumed types of coffee in the world. It is known for its smooth, complex flavor and lower acidity compared to other coffee varieties like Robusta, and is typically grown at higher altitudes, contributing to its nuanced flavor profile. Arabica coffee is particularly favored by coffee enthusiasts and specialty coffee markets due to its superior taste and quality.","business, food-beverage, retail, food, beverages","true","110.00000000000001%","368000","Exploding","exponential","Seasonal","Average","Neutral","growing","Past 5 years","https://signails.com/topics/arabica","{""facebook"":243000,""linkedin"":6620,""twitter"":1320,""pinterest"":30800,""reddit"":4580,""tiktok"":20300,""youtube"":27800}","2021-04-01: 45, 2021-05-01: 41, 2021-06-01: 40, 2021-07-01: 38, 2021-08-01: 43, 2021-09-01: 42, 2021-10-01: 49, 2021-11-01: 47, 2021-12-01: 42, 2022-01-01: 48, 2022-02-01: 47, 2022-03-01: 48, 2022-04-01: 46, 2022-05-01: 48, 2022-06-01: 45, 2022-07-01: 45, 2022-08-01: 53, 2022-09-01: 49, 2022-10-01: 50, 2022-11-01: 51, 2022-12-01: 54, 2023-01-01: 55, 2023-02-01: 58, 2023-03-01: 55, 2023-04-01: 53, 2023-05-01: 55, 2023-06-01: 56, 2023-07-01: 56, 2023-08-01: 59, 2023-09-01: 53, 2023-10-01: 57, 2023-11-01: 58, 2023-12-01: 61, 2024-01-01: 61, 2024-02-01: 60, 2024-03-01: 59, 2024-04-01: 63, 2024-05-01: 61, 2024-06-01: 61, 2024-07-01: 61, 2024-08-01: 63, 2024-09-01: 68, 2024-10-01: 60, 2024-11-01: 68, 2024-12-01: 70, 2025-01-01: 70, 2025-02-01: 75, 2025-03-01: 66, 2025-04-01: 66, 2025-05-01: 70, 2025-06-01: 67, 2025-07-01: 73, 2025-08-01: 92, 2025-09-01: 99, 2025-10-01: 96, 2025-11-01: 100, 2025-12-01: 97, 2026-01-01: 91, 2026-02-01: 93, 2026-03-01: 94, 2026-04-01: 86, 2026-04-05: 86, 2026-04-12: 82"
"Refrigerator truck","A vehicle designed to transport perishable goods at specific temperatures. It is equipped with a refrigeration unit to maintain the desired temperature inside the cargo area and is commonly used for transporting food, pharmaceuticals, and other temperature-sensitive products. This type of truck is essential for industries that require strict temperature control to ensure the quality and safety of their products during transit.","business, food-beverage, industry, supply-chain, manufacturing, food","false","133%","12100","Exploding","exponential","Seasonal","Low","Positive","growing","Past 5 years","https://signails.com/topics/refrigerator-truck","{""facebook"":3900,""linkedin"":70,""twitter"":14,""pinterest"":424,""reddit"":16,""tiktok"":97,""youtube"":393}","2021-04-01: 33, 2021-05-01: 43, 2021-06-01: 38, 2021-07-01: 43, 2021-08-01: 39, 2021-09-01: 37, 2021-10-01: 32, 2021-11-01: 36, 2021-12-01: 31, 2022-01-01: 32, 2022-02-01: 33, 2022-03-01: 34, 2022-04-01: 40, 2022-05-01: 40, 2022-06-01: 42, 2022-07-01: 41, 2022-08-01: 36, 2022-09-01: 39, 2022-10-01: 32, 2022-11-01: 29, 2022-12-01: 28, 2023-01-01: 29, 2023-02-01: 27, 2023-03-01: 33, 2023-04-01: 33, 2023-05-01: 35, 2023-06-01: 37, 2023-07-01: 38, 2023-08-01: 34, 2023-09-01: 32, 2023-10-01: 27, 2023-11-01: 29, 2023-12-01: 25, 2024-01-01: 28, 2024-02-01: 32, 2024-03-01: 30, 2024-04-01: 33, 2024-05-01: 35, 2024-06-01: 36, 2024-07-01: 40, 2024-08-01: 36, 2024-09-01: 34, 2024-10-01: 33, 2024-11-01: 37, 2024-12-01: 33, 2025-01-01: 33, 2025-02-01: 32, 2025-03-01: 35, 2025-04-01: 36, 2025-05-01: 44, 2025-06-01: 46, 2025-07-01: 61, 2025-08-01: 84, 2025-09-01: 76, 2025-10-01: 58, 2025-11-01: 71, 2025-12-01: 63, 2026-01-01: 59, 2026-02-01: 96, 2026-03-01: 90, 2026-04-01: 100, 2026-04-05: 88, 2026-04-12: 95"
"Aromat","Food seasoning invented in Switzerland by Walter Obrist for Knorr Thayngen, the Swiss branch of the German food company Knorr, in 1952. Aromat is known for its unique blend of spices and flavor enhancers, making it a versatile addition to various dishes, enhancing their taste profile. It is popular among home cooks and professional chefs who seek to add a distinctive flavor to their culinary creations.","business, food-beverage, food, cpg","true","178%","60500","Exploding","exponential","Seasonal","Average","Positive","growing","Past 5 years","https://signails.com/topics/aromat","{""facebook"":49600,""linkedin"":456,""twitter"":188,""pinterest"":4460,""reddit"":1540,""tiktok"":7270,""youtube"":3110}","2021-04-01: 37, 2021-05-01: 36, 2021-06-01: 29, 2021-07-01: 32, 2021-08-01: 33, 2021-09-01: 32, 2021-10-01: 33, 2021-11-01: 35, 2021-12-01: 33, 2022-01-01: 42, 2022-02-01: 41, 2022-03-01: 40, 2022-04-01: 42, 2022-05-01: 35, 2022-06-01: 35, 2022-07-01: 37, 2022-08-01: 39, 2022-09-01: 44, 2022-10-01: 44, 2022-11-01: 49, 2022-12-01: 47, 2023-01-01: 49, 2023-02-01: 49, 2023-03-01: 43, 2023-04-01: 43, 2023-05-01: 43, 2023-06-01: 45, 2023-07-01: 44, 2023-08-01: 49, 2023-09-01: 47, 2023-10-01: 48, 2023-11-01: 56, 2023-12-01: 51, 2024-01-01: 55, 2024-02-01: 56, 2024-03-01: 52, 2024-04-01: 45, 2024-05-01: 50, 2024-06-01: 45, 2024-07-01: 47, 2024-08-01: 49, 2024-09-01: 52, 2024-10-01: 49, 2024-11-01: 49, 2024-12-01: 58, 2025-01-01: 63, 2025-02-01: 63, 2025-03-01: 57, 2025-04-01: 50, 2025-05-01: 53, 2025-06-01: 49, 2025-07-01: 57, 2025-08-01: 59, 2025-09-01: 58, 2025-10-01: 61, 2025-11-01: 92, 2025-12-01: 99, 2026-01-01: 70, 2026-02-01: 62, 2026-03-01: 66, 2026-04-01: 100, 2026-04-05: 49, 2026-04-12: 46"
"Parkside","Luxury apartment complex located in Houston, Texas, adjacent to Discovery Green. Parkside Residences offers contemporary design, a variety of amenities, and stunning views from its 43rd-floor rooftop observation deck, differentiating itself with its prime location and high-end features. The complex primarily targets affluent individuals and families seeking upscale urban living with convenient access to downtown Houston's attractions.","business, food-beverage, food, real-estate","true","74%","1000000","Exploding","constant","Seasonal","Low","Neutral","stationary","Past 5 years","https://signails.com/topics/parkside","{""facebook"":848000,""linkedin"":12300,""twitter"":2090,""pinterest"":21600,""reddit"":15900,""tiktok"":19500,""youtube"":84800}","2021-04-01: 58, 2021-05-01: 53, 2021-06-01: 48, 2021-07-01: 43, 2021-08-01: 44, 2021-09-01: 44, 2021-10-01: 46, 2021-11-01: 46, 2021-12-01: 42, 2022-01-01: 51, 2022-02-01: 57, 2022-03-01: 56, 2022-04-01: 57, 2022-05-01: 55, 2022-06-01: 49, 2022-07-01: 47, 2022-08-01: 49, 2022-09-01: 46, 2022-10-01: 49, 2022-11-01: 48, 2022-12-01: 43, 2023-01-01: 53, 2023-02-01: 62, 2023-03-01: 59, 2023-04-01: 61, 2023-05-01: 64, 2023-06-01: 54, 2023-07-01: 50, 2023-08-01: 54, 2023-09-01: 60, 2023-10-01: 56, 2023-11-01: 59, 2023-12-01: 54, 2024-01-01: 56, 2024-02-01: 61, 2024-03-01: 73, 2024-04-01: 76, 2024-05-01: 74, 2024-06-01: 66, 2024-07-01: 65, 2024-08-01: 70, 2024-09-01: 68, 2024-10-01: 70, 2024-11-01: 73, 2024-12-01: 71, 2025-01-01: 67, 2025-02-01: 70, 2025-03-01: 89, 2025-04-01: 84, 2025-05-01: 83, 2025-06-01: 76, 2025-07-01: 69, 2025-08-01: 79, 2025-09-01: 84, 2025-10-01: 75, 2025-11-01: 70, 2025-12-01: 64, 2026-01-01: 66, 2026-02-01: 77, 2026-03-01: 100, 2026-04-01: 92, 2026-04-05: 78, 2026-04-12: 75"
"Bamboo cutlery","Eco-friendly utensils made from bamboo, offering a sustainable alternative to plastic cutlery. Bamboo cutlery is durable, lightweight, and biodegradable, making it an environmentally responsible choice for reducing plastic waste. It is particularly beneficial for environmentally conscious consumers seeking sustainable dining options.","business, food-beverage, industry, lifestyle, ecommerce, retail, eco, food","false","8%","2900","Exploding","exponential","Non-seasonal","Average","Positive","growing","Past 5 years","https://signails.com/topics/bamboo-cutlery","{""facebook"":2640,""linkedin"":25,""twitter"":1,""pinterest"":2620,""reddit"":22,""tiktok"":136,""youtube"":253}","2021-04-01: 49, 2021-05-01: 54, 2021-06-01: 48, 2021-07-01: 52, 2021-08-01: 56, 2021-09-01: 50, 2021-10-01: 48, 2021-11-01: 53, 2021-12-01: 48, 2022-01-01: 39, 2022-02-01: 41, 2022-03-01: 38, 2022-04-01: 37, 2022-05-01: 34, 2022-06-01: 33, 2022-07-01: 38, 2022-08-01: 35, 2022-09-01: 31, 2022-10-01: 30, 2022-11-01: 34, 2022-12-01: 30, 2023-01-01: 34, 2023-02-01: 30, 2023-03-01: 27, 2023-04-01: 33, 2023-05-01: 30, 2023-06-01: 34, 2023-07-01: 29, 2023-08-01: 29, 2023-09-01: 22, 2023-10-01: 33, 2023-11-01: 31, 2023-12-01: 33, 2024-01-01: 28, 2024-02-01: 32, 2024-03-01: 34, 2024-04-01: 33, 2024-05-01: 36, 2024-06-01: 29, 2024-07-01: 30, 2024-08-01: 32, 2024-09-01: 29, 2024-10-01: 30, 2024-11-01: 36, 2024-12-01: 33, 2025-01-01: 38, 2025-02-01: 31, 2025-03-01: 33, 2025-04-01: 33, 2025-05-01: 33, 2025-06-01: 42, 2025-07-01: 39, 2025-08-01: 64, 2025-09-01: 70, 2025-10-01: 43, 2025-11-01: 48, 2025-12-01: 47, 2026-01-01: 37, 2026-02-01: 100, 2026-03-01: 53, 2026-04-05: 60, 2026-04-12: 78"
"Brave robot","Brand that produces vegan ice cream, ice cream sandwiches, and cake mix using synthesized milk proteins from Perfect Day. Their products are animal-free and lactose-free, offering a dairy-like experience without the use of animal products, which differentiates them from traditional dairy and other vegan alternatives. Brave Robot primarily targets consumers seeking plant-based, lactose-free, and environmentally friendly dessert options.","business, technology, food-beverage, food, cpg, supply-chain","true","0%","320","Falling","exponential","Non-seasonal","Average","Positive","growing","Past 5 years","https://signails.com/topics/brave-robot","{""facebook"":276,""linkedin"":14,""twitter"":14,""pinterest"":85,""reddit"":122,""tiktok"":49,""youtube"":213}","2021-04-01: 49, 2021-05-01: 63, 2021-06-01: 100, 2021-07-01: 78, 2021-08-01: 64, 2021-09-01: 38, 2021-10-01: 28, 2021-11-01: 25, 2021-12-01: 22, 2022-01-01: 31, 2022-02-01: 27, 2022-03-01: 33, 2022-04-01: 35, 2022-05-01: 40, 2022-06-01: 44, 2022-07-01: 59, 2022-08-01: 42, 2022-09-01: 30, 2022-10-01: 25, 2022-11-01: 27, 2022-12-01: 23, 2023-01-01: 28, 2023-02-01: 27, 2023-03-01: 28, 2023-04-01: 20, 2023-05-01: 16, 2023-06-01: 18, 2023-07-01: 21, 2023-08-01: 20, 2023-09-01: 17, 2023-10-01: 19, 2023-11-01: 17, 2023-12-01: 18, 2024-01-01: 18, 2024-02-01: 23, 2024-03-01: 23, 2024-04-01: 24, 2024-05-01: 23, 2024-06-01: 18, 2024-07-01: 21, 2024-08-01: 20, 2024-09-01: 24, 2024-10-01: 30, 2024-11-01: 30, 2024-12-01: 30, 2025-01-01: 32, 2025-02-01: 48, 2025-03-01: 31, 2025-04-01: 29, 2025-05-01: 32, 2025-06-01: 31, 2025-07-01: 30, 2025-08-01: 55, 2025-09-01: 52, 2025-10-01: 41, 2025-11-01: 47, 2025-12-01: 50, 2026-01-01: 44, 2026-02-01: 64, 2026-03-01: 49, 2026-04-05: 45, 2026-04-12: 46"
"Mouth foods","Mouth Foods Inc. is a company that operates a network of food commerce sites, offering a variety of products including beverages, condiments, candy, snacks, spreads, and other foods. The company differentiates itself by providing a curated selection of artisanal and small-batch food items, catering to niche markets and food enthusiasts. Mouth Foods primarily targets customers across the United States who are interested in unique, high-quality food products.","business, food-beverage, ecommerce, retail, food","true","85%","210","Exploding","exponential","Seasonal","Low","Positive","growing","Past 5 years","https://signails.com/topics/mouth-foods","{""facebook"":812,""linkedin"":45,""twitter"":20,""pinterest"":14,""reddit"":14,""tiktok"":14,""youtube"":24}","2021-04-01: 42, 2021-05-01: 41, 2021-06-01: 42, 2021-07-01: 41, 2021-08-01: 39, 2021-09-01: 41, 2021-10-01: 41, 2021-11-01: 37, 2021-12-01: 38, 2022-01-01: 44, 2022-02-01: 43, 2022-03-01: 46, 2022-04-01: 49, 2022-05-01: 44, 2022-06-01: 46, 2022-07-01: 50, 2022-08-01: 47, 2022-09-01: 51, 2022-10-01: 48, 2022-11-01: 46, 2022-12-01: 45, 2023-01-01: 52, 2023-02-01: 52, 2023-03-01: 52, 2023-04-01: 52, 2023-05-01: 53, 2023-06-01: 50, 2023-07-01: 48, 2023-08-01: 49, 2023-09-01: 53, 2023-10-01: 53, 2023-11-01: 49, 2023-12-01: 46, 2024-01-01: 51, 2024-02-01: 51, 2024-03-01: 54, 2024-04-01: 54, 2024-05-01: 48, 2024-06-01: 48, 2024-07-01: 49, 2024-08-01: 45, 2024-09-01: 53, 2024-10-01: 53, 2024-11-01: 52, 2024-12-01: 46, 2025-01-01: 54, 2025-02-01: 61, 2025-03-01: 56, 2025-04-01: 56, 2025-05-01: 54, 2025-06-01: 53, 2025-07-01: 56, 2025-08-01: 63, 2025-09-01: 70, 2025-10-01: 71, 2025-11-01: 68, 2025-12-01: 64, 2026-01-01: 68, 2026-02-01: 84, 2026-03-01: 100, 2026-04-01: 76, 2026-04-05: 74, 2026-04-12: 72"
"Qerko","A company that offers a suite of features designed to enhance the dining experience and streamline restaurant operations. It provides fast checkout, tableside ordering, loyalty programs, and verified reviews, differentiating itself by integrating multiple functionalities into a single platform. Qerko primarily targets restaurants and hospitality businesses looking to improve customer service and operational efficiency.","business, technology, food-beverage, productivity, retail, food","true","5000%","4400","Exploding","constant","Seasonal","Average","Positive","stationary","Past 5 years","https://signails.com/topics/qerko","{""facebook"":1010,""linkedin"":278,""twitter"":17,""pinterest"":15,""reddit"":21,""tiktok"":14,""youtube"":56}","2021-04-01: 17, 2021-05-01: 0, 2021-06-01: 22, 2021-07-01: 21, 2021-08-01: 26, 2021-09-01: 26, 2021-10-01: 26, 2021-11-01: 23, 2021-12-01: 16, 2022-01-01: 25, 2022-02-01: 38, 2022-03-01: 28, 2022-04-01: 32, 2022-05-01: 45, 2022-06-01: 33, 2022-07-01: 28, 2022-08-01: 46, 2022-09-01: 36, 2022-10-01: 41, 2022-11-01: 34, 2022-12-01: 40, 2023-01-01: 39, 2023-02-01: 33, 2023-03-01: 29, 2023-04-01: 43, 2023-05-01: 36, 2023-06-01: 49, 2023-07-01: 45, 2023-08-01: 100, 2023-09-01: 53, 2023-10-01: 40, 2023-11-01: 43, 2023-12-01: 43, 2024-01-01: 47, 2024-02-01: 58, 2024-03-01: 46, 2024-04-01: 46, 2024-05-01: 52, 2024-06-01: 86, 2024-07-01: 72, 2024-08-01: 52, 2024-09-01: 53, 2024-10-01: 62, 2024-11-01: 67, 2024-12-01: 54, 2025-01-01: 38, 2025-02-01: 49, 2025-03-01: 43, 2025-04-01: 46, 2025-05-01: 55, 2025-06-01: 70, 2025-07-01: 54, 2025-08-01: 63, 2025-09-01: 65, 2025-10-01: 69, 2025-11-01: 75, 2025-12-01: 43, 2026-01-01: 55, 2026-02-01: 63, 2026-03-01: 72, 2026-04-01: 51, 2026-04-05: 46, 2026-04-12: 47"
"violife","Brand specializing in vegan and dairy-free cheese alternatives. They offer a variety of products including slices, blocks, shreds, and spreads, all made from plant-based ingredients, and are known for being free from dairy, lactose, gluten, soy, nuts, and preservatives. Violife products are suitable for people with various dietary restrictions, particularly those following a vegan lifestyle or looking to reduce their dairy intake.","business, food-beverage, lifestyle, retail, food, eco","true","-3%","18100","Falling","exponential","Seasonal","Low","Positive","growing","Past 5 years","https://signails.com/topics/violife","{""facebook"":6950,""linkedin"":440,""twitter"":37,""pinterest"":1010,""reddit"":2980,""tiktok"":560,""youtube"":598}","2021-04-01: 82, 2021-05-01: 67, 2021-06-01: 69, 2021-07-01: 66, 2021-08-01: 69, 2021-09-01: 62, 2021-10-01: 63, 2021-11-01: 70, 2021-12-01: 69, 2022-01-01: 87, 2022-02-01: 79, 2022-03-01: 74, 2022-04-01: 67, 2022-05-01: 67, 2022-06-01: 69, 2022-07-01: 70, 2022-08-01: 68, 2022-09-01: 62, 2022-10-01: 67, 2022-11-01: 68, 2022-12-01: 69, 2023-01-01: 76, 2023-02-01: 74, 2023-03-01: 60, 2023-04-01: 61, 2023-05-01: 54, 2023-06-01: 64, 2023-07-01: 65, 2023-08-01: 56, 2023-09-01: 57, 2023-10-01: 56, 2023-11-01: 59, 2023-12-01: 63, 2024-01-01: 70, 2024-02-01: 67, 2024-03-01: 69, 2024-04-01: 61, 2024-05-01: 58, 2024-06-01: 58, 2024-07-01: 59, 2024-08-01: 61, 2024-09-01: 58, 2024-10-01: 57, 2024-11-01: 54, 2024-12-01: 67, 2025-01-01: 63, 2025-02-01: 55, 2025-03-01: 63, 2025-04-01: 60, 2025-05-01: 50, 2025-06-01: 50, 2025-07-01: 57, 2025-08-01: 65, 2025-09-01: 61, 2025-10-01: 61, 2025-11-01: 71, 2025-12-01: 70, 2026-01-01: 60, 2026-02-01: 55, 2026-03-01: 61, 2026-04-01: 65, 2026-04-05: 70, 2026-04-12: 62"
"Crodino","A non-alcoholic bitter aperitif produced since 1964, known for its distinctive orange color and unique flavor derived from herbal extracts and sugar. Manufactured by Gruppo Campari, Crodino stands out due to its blend of botanicals that are left to infuse for six months, offering a complex and refreshing taste. It is primarily consumed in Italy and other European countries, appealing to individuals seeking a sophisticated, non-alcoholic beverage option.","business, food-beverage, industry, beverages, food, manufacturing","false","93%","74000","Exploding","constant","Seasonal","Low","Positive","declining","Past 5 years","https://signails.com/topics/crodino","{""facebook"":4050,""linkedin"":231,""twitter"":14,""pinterest"":919,""reddit"":136,""tiktok"":244,""youtube"":573}","2021-04-01: 29, 2021-05-01: 42, 2021-06-01: 56, 2021-07-01: 64, 2021-08-01: 57, 2021-09-01: 41, 2021-10-01: 32, 2021-11-01: 23, 2021-12-01: 32, 2022-01-01: 33, 2022-02-01: 32, 2022-03-01: 34, 2022-04-01: 47, 2022-05-01: 56, 2022-06-01: 71, 2022-07-01: 71, 2022-08-01: 73, 2022-09-01: 47, 2022-10-01: 40, 2022-11-01: 32, 2022-12-01: 45, 2023-01-01: 46, 2023-02-01: 42, 2023-03-01: 42, 2023-04-01: 58, 2023-05-01: 60, 2023-06-01: 81, 2023-07-01: 79, 2023-08-01: 84, 2023-09-01: 62, 2023-10-01: 54, 2023-11-01: 35, 2023-12-01: 52, 2024-01-01: 45, 2024-02-01: 46, 2024-03-01: 53, 2024-04-01: 58, 2024-05-01: 77, 2024-06-01: 90, 2024-07-01: 88, 2024-08-01: 97, 2024-09-01: 62, 2024-10-01: 47, 2024-11-01: 40, 2024-12-01: 57, 2025-01-01: 50, 2025-02-01: 45, 2025-03-01: 55, 2025-04-01: 73, 2025-05-01: 87, 2025-06-01: 96, 2025-07-01: 98, 2025-08-01: 100, 2025-09-01: 61, 2025-10-01: 48, 2025-11-01: 43, 2025-12-01: 56, 2026-01-01: 50, 2026-02-01: 46, 2026-03-01: 56, 2026-04-05: 57, 2026-04-12: 57"
"Crêpe","Thin pancakes originating from France, made from a batter of flour, eggs, milk, and salt. They can be filled with a variety of ingredients, with sweet crêpes often containing sugar, fruit, or chocolate, and savory crêpes, known as galettes, including cheese, ham, eggs, or vegetables. Crêpes are enjoyed by a wide range of people, from those seeking a sweet dessert to those looking for a savory meal option.","business, food-beverage, food, cooking","false","5%","22200","Exploding","exponential","Seasonal","Average","Positive","stationary","Past 5 years","https://signails.com/topics/crepe","{""facebook"":203000,""linkedin"":1500,""twitter"":791,""pinterest"":65600,""reddit"":5280,""tiktok"":11800,""youtube"":13200}","2021-04-01: 44, 2021-05-01: 40, 2021-06-01: 28, 2021-07-01: 33, 2021-08-01: 34, 2021-09-01: 28, 2021-10-01: 37, 2021-11-01: 38, 2021-12-01: 34, 2022-01-01: 53, 2022-02-01: 77, 2022-03-01: 41, 2022-04-01: 39, 2022-05-01: 32, 2022-06-01: 33, 2022-07-01: 35, 2022-08-01: 35, 2022-09-01: 36, 2022-10-01: 40, 2022-11-01: 39, 2022-12-01: 40, 2023-01-01: 51, 2023-02-01: 82, 2023-03-01: 39, 2023-04-01: 37, 2023-05-01: 36, 2023-06-01: 27, 2023-07-01: 34, 2023-08-01: 37, 2023-09-01: 30, 2023-10-01: 38, 2023-11-01: 39, 2023-12-01: 39, 2024-01-01: 49, 2024-02-01: 72, 2024-03-01: 42, 2024-04-01: 33, 2024-05-01: 32, 2024-06-01: 30, 2024-07-01: 31, 2024-08-01: 31, 2024-09-01: 37, 2024-10-01: 37, 2024-11-01: 32, 2024-12-01: 35, 2025-01-01: 47, 2025-02-01: 69, 2025-03-01: 37, 2025-04-01: 31, 2025-05-01: 30, 2025-06-01: 28, 2025-07-01: 31, 2025-08-01: 41, 2025-09-01: 37, 2025-10-01: 41, 2025-11-01: 38, 2025-12-01: 35, 2026-01-01: 46, 2026-02-01: 72, 2026-03-01: 38, 2026-04-01: 42, 2026-04-05: 36, 2026-04-12: 36"
"Bori","Pre-Islamic traditional religion of the Hausa people of West Africa, involving practices such as magic and spirit possession. This form of animism, also known as Maguzanci, plays a significant cultural and religious role among the Hausa people, emphasizing the interaction with spirits and the supernatural. Bori primarily benefits the Hausa community by preserving their cultural heritage and providing a spiritual framework for understanding the world.","business, food-beverage, lifestyle, food, art","true","76%","90500","Exploding","exponential","Non-seasonal","Low","Positive","stationary","Past 5 years","https://signails.com/topics/bori","{""facebook"":349000,""linkedin"":5770,""twitter"":2840,""pinterest"":24900,""reddit"":8790,""tiktok"":31400,""youtube"":89700}","2021-04-01: 51, 2021-05-01: 57, 2021-06-01: 61, 2021-07-01: 66, 2021-08-01: 57, 2021-09-01: 50, 2021-10-01: 54, 2021-11-01: 52, 2021-12-01: 56, 2022-01-01: 62, 2022-02-01: 68, 2022-03-01: 68, 2022-04-01: 65, 2022-05-01: 66, 2022-06-01: 71, 2022-07-01: 73, 2022-08-01: 70, 2022-09-01: 65, 2022-10-01: 65, 2022-11-01: 63, 2022-12-01: 63, 2023-01-01: 66, 2023-02-01: 69, 2023-03-01: 66, 2023-04-01: 84, 2023-05-01: 71, 2023-06-01: 78, 2023-07-01: 78, 2023-08-01: 70, 2023-09-01: 65, 2023-10-01: 67, 2023-11-01: 64, 2023-12-01: 69, 2024-01-01: 70, 2024-02-01: 69, 2024-03-01: 70, 2024-04-01: 71, 2024-05-01: 72, 2024-06-01: 72, 2024-07-01: 72, 2024-08-01: 74, 2024-09-01: 76, 2024-10-01: 75, 2024-11-01: 76, 2024-12-01: 76, 2025-01-01: 77, 2025-02-01: 75, 2025-03-01: 73, 2025-04-01: 75, 2025-05-01: 76, 2025-06-01: 77, 2025-07-01: 78, 2025-08-01: 86, 2025-09-01: 91, 2025-10-01: 100, 2025-11-01: 87, 2025-12-01: 92, 2026-01-01: 88, 2026-02-01: 100, 2026-03-01: 90, 2026-04-05: 89, 2026-04-12: 89"
"Shortstack","Versatile platform designed to help users create and manage various types of digital marketing campaigns, including contests, giveaways, landing pages, and forms. It is known for its user-friendly interface and robust features, which enable businesses to engage their audience and collect valuable data efficiently. Shortstack is suitable for businesses of all sizes looking to enhance their digital marketing efforts and improve audience interaction.","business, technology, food-beverage, software, food, marketing, productivity","true","45%","40500","Exploding","stationary","Non-seasonal","Low","Positive","stationary","Past 5 years","https://signails.com/topics/shortstack","{""facebook"":3290,""linkedin"":245,""twitter"":1910,""pinterest"":1210,""reddit"":8750,""tiktok"":814,""youtube"":1670}","2021-04-01: 48, 2021-05-01: 49, 2021-06-01: 48, 2021-07-01: 46, 2021-08-01: 70, 2021-09-01: 53, 2021-10-01: 45, 2021-11-01: 49, 2021-12-01: 47, 2022-01-01: 55, 2022-02-01: 51, 2022-03-01: 52, 2022-04-01: 54, 2022-05-01: 61, 2022-06-01: 57, 2022-07-01: 58, 2022-08-01: 49, 2022-09-01: 49, 2022-10-01: 52, 2022-11-01: 48, 2022-12-01: 49, 2023-01-01: 55, 2023-02-01: 52, 2023-03-01: 51, 2023-04-01: 56, 2023-05-01: 53, 2023-06-01: 58, 2023-07-01: 65, 2023-08-01: 56, 2023-09-01: 55, 2023-10-01: 52, 2023-11-01: 55, 2023-12-01: 57, 2024-01-01: 58, 2024-02-01: 71, 2024-03-01: 63, 2024-04-01: 58, 2024-05-01: 71, 2024-06-01: 75, 2024-07-01: 69, 2024-08-01: 70, 2024-09-01: 67, 2024-10-01: 68, 2024-11-01: 74, 2024-12-01: 75, 2025-01-01: 73, 2025-02-01: 69, 2025-03-01: 71, 2025-04-01: 72, 2025-05-01: 76, 2025-06-01: 75, 2025-07-01: 74, 2025-08-01: 67, 2025-09-01: 68, 2025-10-01: 68, 2025-11-01: 68, 2025-12-01: 69, 2026-01-01: 66, 2026-02-01: 83, 2026-03-01: 73, 2026-04-01: 71, 2026-04-05: 59, 2026-04-12: 62"
"culvers","Fast-food restaurant chain that originated in Sauk City, Wisconsin, in 1984, known for its ButterBurgers and Fresh Frozen Custard. Culver's differentiates itself by using fresh, never frozen beef for its burgers and offering a diverse menu that includes chicken sandwiches, seafood, salads, sides, and soups. The primary target demographic includes fast-food enthusiasts looking for high-quality, freshly prepared meals with a variety of options.","business, food-beverage, industry, retail, food, cpg","true","-16%","5000000","Falling","exponential","Seasonal","Low","Positive","declining","Past 5 years","https://signails.com/topics/culvers-1","{""facebook"":12700,""linkedin"":1690,""twitter"":772,""pinterest"":939,""reddit"":19400,""tiktok"":8200,""youtube"":3150}","2021-04-01: 90, 2021-05-01: 100, 2021-06-01: 95, 2021-07-01: 98, 2021-08-01: 85, 2021-09-01: 85, 2021-10-01: 85, 2021-11-01: 69, 2021-12-01: 78, 2022-01-01: 69, 2022-02-01: 61, 2022-03-01: 56, 2022-04-01: 58, 2022-05-01: 61, 2022-06-01: 59, 2022-07-01: 58, 2022-08-01: 52, 2022-09-01: 50, 2022-10-01: 50, 2022-11-01: 43, 2022-12-01: 46, 2023-01-01: 54, 2023-02-01: 58, 2023-03-01: 62, 2023-04-01: 67, 2023-05-01: 65, 2023-06-01: 67, 2023-07-01: 59, 2023-08-01: 54, 2023-09-01: 51, 2023-10-01: 52, 2023-11-01: 48, 2023-12-01: 49, 2024-01-01: 46, 2024-02-01: 56, 2024-03-01: 59, 2024-04-01: 59, 2024-05-01: 61, 2024-06-01: 66, 2024-07-01: 61, 2024-08-01: 56, 2024-09-01: 52, 2024-10-01: 55, 2024-11-01: 47, 2024-12-01: 50, 2025-01-01: 51, 2025-02-01: 64, 2025-03-01: 65, 2025-04-01: 56, 2025-05-01: 60, 2025-06-01: 68, 2025-07-01: 79, 2025-08-01: 65, 2025-09-01: 54, 2025-10-01: 54, 2025-11-01: 53, 2025-12-01: 62, 2026-01-01: 60, 2026-02-01: 71, 2026-03-01: 84, 2026-04-01: 84, 2026-04-05: 95, 2026-04-12: 97"
"blends","Blends refer to the combination of two or more elements to create a new entity with distinct characteristics. In various contexts, such as linguistics, coffee, wine, technology, and textiles, blends serve to enhance or create unique properties by merging different components. The concept of blends is valuable to industries and individuals seeking innovation, improved functionality, or unique experiences through the integration of diverse elements.","business, fashion, food-beverage, retail, food, alcohol","true","80%","673000","Exploding","exponential","Seasonal","Low","Neutral","growing","Past 5 years","https://signails.com/topics/blends","{""facebook"":1760000,""linkedin"":16200,""twitter"":6170,""pinterest"":1120000,""reddit"":15500,""tiktok"":51100,""youtube"":68700}","2021-04-01: 50, 2021-05-01: 49, 2021-06-01: 45, 2021-07-01: 45, 2021-08-01: 45, 2021-09-01: 48, 2021-10-01: 50, 2021-11-01: 50, 2021-12-01: 50, 2022-01-01: 56, 2022-02-01: 58, 2022-03-01: 51, 2022-04-01: 53, 2022-05-01: 51, 2022-06-01: 46, 2022-07-01: 44, 2022-08-01: 46, 2022-09-01: 53, 2022-10-01: 53, 2022-11-01: 53, 2022-12-01: 47, 2023-01-01: 52, 2023-02-01: 55, 2023-03-01: 50, 2023-04-01: 51, 2023-05-01: 48, 2023-06-01: 44, 2023-07-01: 44, 2023-08-01: 42, 2023-09-01: 48, 2023-10-01: 51, 2023-11-01: 53, 2023-12-01: 48, 2024-01-01: 53, 2024-02-01: 53, 2024-03-01: 50, 2024-04-01: 51, 2024-05-01: 50, 2024-06-01: 45, 2024-07-01: 44, 2024-08-01: 48, 2024-09-01: 55, 2024-10-01: 58, 2024-11-01: 55, 2024-12-01: 52, 2025-01-01: 58, 2025-02-01: 58, 2025-03-01: 60, 2025-04-01: 58, 2025-05-01: 62, 2025-06-01: 58, 2025-07-01: 60, 2025-08-01: 77, 2025-09-01: 80, 2025-10-01: 81, 2025-11-01: 81, 2025-12-01: 75, 2026-01-01: 78, 2026-02-01: 100, 2026-03-01: 90, 2026-04-01: 88, 2026-04-05: 81, 2026-04-12: 81"
"Culver's","Culver's is a fast-food restaurant chain primarily located in the Midwestern United States, known for its signature ButterBurgers and fresh frozen custard. The chain differentiates itself by using fresh, never frozen beef for its burgers and offering a variety of menu items including chicken sandwiches, fish, salads, and soups, all made with quality ingredients. Culver's targets customers who appreciate high-quality fast food and friendly service, contributing to its growth to over 700 locations across the United States.","business, food-beverage, industry, retail, food","true","16%","4090000","Exploding","constant","Seasonal","Average","Positive","declining","Past 5 years","https://signails.com/topics/culvers","{""facebook"":75700,""linkedin"":8120,""twitter"":1170,""pinterest"":3890,""reddit"":9420,""tiktok"":5950,""youtube"":6190}","2021-04-01: 49, 2021-05-01: 51, 2021-06-01: 49, 2021-07-01: 55, 2021-08-01: 47, 2021-09-01: 46, 2021-10-01: 46, 2021-11-01: 37, 2021-12-01: 41, 2022-01-01: 39, 2022-02-01: 42, 2022-03-01: 66, 2022-04-01: 67, 2022-05-01: 74, 2022-06-01: 82, 2022-07-01: 95, 2022-08-01: 85, 2022-09-01: 77, 2022-10-01: 79, 2022-11-01: 62, 2022-12-01: 66, 2023-01-01: 67, 2023-02-01: 70, 2023-03-01: 77, 2023-04-01: 78, 2023-05-01: 71, 2023-06-01: 75, 2023-07-01: 98, 2023-08-01: 86, 2023-09-01: 78, 2023-10-01: 73, 2023-11-01: 67, 2023-12-01: 72, 2024-01-01: 66, 2024-02-01: 78, 2024-03-01: 82, 2024-04-01: 85, 2024-05-01: 89, 2024-06-01: 91, 2024-07-01: 100, 2024-08-01: 97, 2024-09-01: 83, 2024-10-01: 91, 2024-11-01: 75, 2024-12-01: 78, 2025-01-01: 75, 2025-02-01: 62, 2025-03-01: 87, 2025-04-01: 85, 2025-05-01: 88, 2025-06-01: 86, 2025-07-01: 76, 2025-08-01: 85, 2025-09-01: 82, 2025-10-01: 87, 2025-11-01: 76, 2025-12-01: 62, 2026-01-01: 57, 2026-02-01: 67, 2026-03-01: 63, 2026-04-01: 59, 2026-04-05: 64, 2026-04-12: 63"
"Melinda's","Latin-owned small business specializing in all-natural vegetable and fruit products, particularly known for their gourmet hot sauces and condiments. Melinda's differentiates itself by offering a wide range of heat levels and flavors, including popular products like the Pepper Sauce Challenge Collection, Hot Sauce Variety Pack, and Craft Wing Collection. Their target demographic includes hot sauce enthusiasts and individuals seeking high-quality, flavorful condiments.","business, food-beverage, lifestyle, retail, education, food","true","60%","60500","Exploding","constant","Non-seasonal","Average","Positive","stationary","Past 5 years","https://signails.com/topics/melindas","{""facebook"":24400,""linkedin"":367,""twitter"":145,""pinterest"":4100,""reddit"":1840,""tiktok"":1180,""youtube"":2980}","2021-04-01: 44, 2021-05-01: 53, 2021-06-01: 44, 2021-07-01: 49, 2021-08-01: 45, 2021-09-01: 41, 2021-10-01: 41, 2021-11-01: 46, 2021-12-01: 48, 2022-01-01: 45, 2022-02-01: 56, 2022-03-01: 58, 2022-04-01: 55, 2022-05-01: 54, 2022-06-01: 47, 2022-07-01: 53, 2022-08-01: 59, 2022-09-01: 57, 2022-10-01: 62, 2022-11-01: 55, 2022-12-01: 61, 2023-01-01: 69, 2023-02-01: 64, 2023-03-01: 73, 2023-04-01: 69, 2023-05-01: 80, 2023-06-01: 69, 2023-07-01: 65, 2023-08-01: 53, 2023-09-01: 62, 2023-10-01: 58, 2023-11-01: 65, 2023-12-01: 86, 2024-01-01: 85, 2024-02-01: 86, 2024-03-01: 78, 2024-04-01: 79, 2024-05-01: 77, 2024-06-01: 83, 2024-07-01: 77, 2024-08-01: 78, 2024-09-01: 88, 2024-10-01: 90, 2024-11-01: 80, 2024-12-01: 88, 2025-01-01: 100, 2025-02-01: 80, 2025-03-01: 74, 2025-04-01: 74, 2025-05-01: 82, 2025-06-01: 78, 2025-07-01: 76, 2025-08-01: 87, 2025-09-01: 74, 2025-10-01: 82, 2025-11-01: 80, 2025-12-01: 84, 2026-01-01: 75, 2026-02-01: 73, 2026-03-01: 69, 2026-04-01: 85, 2026-04-05: 82, 2026-04-12: 85"
"mavuno","Term that translates to 'harvest' in English, commonly used in agricultural contexts. It signifies the process of gathering mature crops from the fields, which is a crucial phase in the farming cycle, ensuring food supply and economic stability for farmers. The concept of mavuno is particularly relevant to farmers, agricultural workers, and communities dependent on farming for their livelihood.","business, food-beverage, ecommerce, retail, food, cpg","true","67%","2900","Exploding","constant","Non-seasonal","Low","Positive","stationary","Past 5 years","https://signails.com/topics/mavuno","{""facebook"":32400,""linkedin"":632,""twitter"":300,""pinterest"":383,""reddit"":16,""tiktok"":5680,""youtube"":3820}","2021-04-01: 9, 2021-05-01: 9, 2021-06-01: 10, 2021-07-01: 11, 2021-08-01: 9, 2021-09-01: 11, 2021-10-01: 11, 2021-11-01: 10, 2021-12-01: 8, 2022-01-01: 11, 2022-02-01: 11, 2022-03-01: 9, 2022-04-01: 9, 2022-05-01: 10, 2022-06-01: 11, 2022-07-01: 12, 2022-08-01: 11, 2022-09-01: 13, 2022-10-01: 15, 2022-11-01: 12, 2022-12-01: 9, 2023-01-01: 12, 2023-02-01: 11, 2023-03-01: 11, 2023-04-01: 10, 2023-05-01: 11, 2023-06-01: 11, 2023-07-01: 12, 2023-08-01: 12, 2023-09-01: 14, 2023-10-01: 12, 2023-11-01: 12, 2023-12-01: 11, 2024-01-01: 12, 2024-02-01: 11, 2024-03-01: 13, 2024-04-01: 10, 2024-05-01: 10, 2024-06-01: 12, 2024-07-01: 13, 2024-08-01: 13, 2024-09-01: 16, 2024-10-01: 14, 2024-11-01: 13, 2024-12-01: 12, 2025-01-01: 15, 2025-02-01: 14, 2025-03-01: 14, 2025-04-01: 13, 2025-05-01: 13, 2025-06-01: 13, 2025-07-01: 13, 2025-08-01: 15, 2025-09-01: 15, 2025-10-01: 16, 2025-11-01: 13, 2025-12-01: 12, 2026-01-01: 13, 2026-02-01: 14, 2026-03-01: 18, 2026-04-01: 15, 2026-04-05: 68, 2026-04-12: 67"
"De Cecco","Italian company founded in 1886 that produces high-quality dried pasta, flour, and other related food products. Known for using traditional methods, such as slow drying at low temperatures, De Cecco ensures the quality and authenticity of its pasta, setting it apart from competitors. The company's products are primarily targeted at consumers who value premium, authentic Italian food products and sustainability.","business, food-beverage, industry, food, manufacturing, retail","true","56.99999999999999%","49500","Exploding","exponential","Seasonal","Average","Neutral","stationary","Past 5 years","https://signails.com/topics/de-cecco","{""facebook"":14200,""linkedin"":1980,""twitter"":447,""pinterest"":2670,""reddit"":581,""tiktok"":709,""youtube"":2240}","2021-04-01: 60, 2021-05-01: 54, 2021-06-01: 49, 2021-07-01: 59, 2021-08-01: 90, 2021-09-01: 64, 2021-10-01: 55, 2021-11-01: 50, 2021-12-01: 48, 2022-01-01: 65, 2022-02-01: 71, 2022-03-01: 64, 2022-04-01: 56, 2022-05-01: 58, 2022-06-01: 73, 2022-07-01: 58, 2022-08-01: 59, 2022-09-01: 79, 2022-10-01: 74, 2022-11-01: 56, 2022-12-01: 56, 2023-01-01: 90, 2023-02-01: 74, 2023-03-01: 63, 2023-04-01: 58, 2023-05-01: 61, 2023-06-01: 77, 2023-07-01: 59, 2023-08-01: 61, 2023-09-01: 65, 2023-10-01: 70, 2023-11-01: 69, 2023-12-01: 62, 2024-01-01: 66, 2024-02-01: 68, 2024-03-01: 65, 2024-04-01: 56, 2024-05-01: 79, 2024-06-01: 76, 2024-07-01: 78, 2024-08-01: 71, 2024-09-01: 70, 2024-10-01: 70, 2024-11-01: 66, 2024-12-01: 69, 2025-01-01: 78, 2025-02-01: 69, 2025-03-01: 69, 2025-04-01: 67, 2025-05-01: 70, 2025-06-01: 69, 2025-07-01: 75, 2025-08-01: 84, 2025-09-01: 99, 2025-10-01: 100, 2025-11-01: 90, 2025-12-01: 75, 2026-01-01: 86, 2026-02-01: 85, 2026-03-01: 89, 2026-04-01: 85, 2026-04-05: 47, 2026-04-12: 48"
"Lieferando","Online food delivery service in Germany that offers a wide range of cuisines from over 29,000 restaurants. It provides a convenient platform for ordering various types of food, including pizza, sushi, burgers, and vegetarian dishes, differentiating itself with a vast selection and user-friendly interface. The service primarily targets busy individuals, families, and anyone looking for a quick and diverse meal option delivered to their doorstep.","business, food-beverage, ecommerce, food, retail","true","-53%","2240000","Falling","exponential","Seasonal","Average","Positive","stationary","Past 5 years","https://signails.com/topics/lieferando","{""facebook"":8650,""linkedin"":1400,""twitter"":414,""pinterest"":237,""reddit"":1270,""tiktok"":1580,""youtube"":1470}","2021-04-01: 91, 2021-05-01: 96, 2021-06-01: 81, 2021-07-01: 82, 2021-08-01: 82, 2021-09-01: 72, 2021-10-01: 80, 2021-11-01: 81, 2021-12-01: 86, 2022-01-01: 98, 2022-02-01: 91, 2022-03-01: 77, 2022-04-01: 83, 2022-05-01: 79, 2022-06-01: 80, 2022-07-01: 83, 2022-08-01: 72, 2022-09-01: 70, 2022-10-01: 78, 2022-11-01: 72, 2022-12-01: 86, 2023-01-01: 72, 2023-02-01: 70, 2023-03-01: 64, 2023-04-01: 68, 2023-05-01: 63, 2023-06-01: 59, 2023-07-01: 64, 2023-08-01: 59, 2023-09-01: 58, 2023-10-01: 68, 2023-11-01: 63, 2023-12-01: 67, 2024-01-01: 59, 2024-02-01: 55, 2024-03-01: 55, 2024-04-01: 51, 2024-05-01: 52, 2024-06-01: 57, 2024-07-01: 53, 2024-08-01: 53, 2024-09-01: 51, 2024-10-01: 51, 2024-11-01: 51, 2024-12-01: 55, 2025-01-01: 49, 2025-02-01: 50, 2025-03-01: 51, 2025-04-01: 49, 2025-05-01: 48, 2025-06-01: 48, 2025-07-01: 47, 2025-08-01: 51, 2025-09-01: 45, 2025-10-01: 48, 2025-11-01: 47, 2025-12-01: 47, 2026-01-01: 47, 2026-02-01: 42, 2026-03-01: 41, 2026-04-01: 45, 2026-04-05: 69, 2026-04-12: 68"
"Elevar","Platform designed to simplify tracking and user identification, thereby improving ad performance through enhanced analytics. Elevar differentiates itself by offering tools that reduce costs associated with digital marketing and data management, providing businesses with more accurate and actionable insights. The platform is primarily targeted at businesses looking to optimize their digital marketing strategies and improve overall data management efficiency.","software, marketing, startup, company, technology, design, ecommerce, gardening-agriculture, food, industry, energy, manufacturing, business, retail","true","-9%","18100","Falling","exponential","Seasonal","Average","undefined","declining","Past 5 years","https://signails.com/topics/elevar","{""facebook"":603000,""linkedin"":8460,""twitter"":3710,""pinterest"":29300,""reddit"":5820,""tiktok"":26000,""youtube"":34200}","2021-04-01: 94, 2021-05-01: 100, 2021-06-01: 96, 2021-07-01: 73, 2021-08-01: 78, 2021-09-01: 82, 2021-10-01: 79, 2021-11-01: 83, 2021-12-01: 59, 2022-01-01: 68, 2022-02-01: 89, 2022-03-01: 100, 2022-04-01: 92, 2022-05-01: 96, 2022-06-01: 96, 2022-07-01: 72, 2022-08-01: 80, 2022-09-01: 89, 2022-10-01: 87, 2022-11-01: 88, 2022-12-01: 63, 2023-01-01: 67, 2023-02-01: 81, 2023-03-01: 90, 2023-04-01: 82, 2023-05-01: 88, 2023-06-01: 88, 2023-07-01: 68, 2023-08-01: 79, 2023-09-01: 86, 2023-10-01: 84, 2023-11-01: 84, 2023-12-01: 63, 2024-01-01: 71, 2024-02-01: 76, 2024-03-01: 78, 2024-04-01: 87, 2024-05-01: 87, 2024-06-01: 75, 2024-07-01: 66, 2024-08-01: 78, 2024-09-01: 80, 2024-10-01: 81, 2024-11-01: 81, 2024-12-01: 55, 2025-01-01: 64, 2025-02-01: 74, 2025-03-01: 78, 2025-04-01: 72, 2025-05-01: 81, 2025-06-01: 76, 2025-07-01: 71, 2025-08-01: 83, 2025-09-01: 87, 2025-10-01: 83, 2025-11-01: 82, 2025-12-01: 69, 2026-01-01: 72, 2026-02-01: 78, 2026-03-01: 86, 2026-04-05: 76, 2026-04-12: 77"
"Giovanni Rana","Italian brand specializing in fresh pasta and ready-made sauces, founded in 1962 by Giovanni Rana in Verona, Italy. The company is known for its high-quality pasta products, including ravioli, tortellini, and tagliatelle, made using traditional Italian recipes and premium ingredients. Giovanni Rana's products and restaurants cater to pasta enthusiasts seeking authentic Italian cuisine.","business, food-beverage, retail, cooking, food","true","-43%","22200","Falling","exponential","Seasonal","Low","Neutral","growing","Past 5 years","https://signails.com/topics/giovanni-rana","{""facebook"":2950,""linkedin"":411,""twitter"":42,""pinterest"":1980,""reddit"":110,""tiktok"":441,""youtube"":927}","2021-04-01: 48, 2021-05-01: 69, 2021-06-01: 31, 2021-07-01: 38, 2021-08-01: 40, 2021-09-01: 33, 2021-10-01: 47, 2021-11-01: 74, 2021-12-01: 64, 2022-01-01: 49, 2022-02-01: 52, 2022-03-01: 41, 2022-04-01: 39, 2022-05-01: 58, 2022-06-01: 31, 2022-07-01: 33, 2022-08-01: 32, 2022-09-01: 35, 2022-10-01: 44, 2022-11-01: 56, 2022-12-01: 66, 2023-01-01: 41, 2023-02-01: 37, 2023-03-01: 49, 2023-04-01: 45, 2023-05-01: 65, 2023-06-01: 47, 2023-07-01: 43, 2023-08-01: 51, 2023-09-01: 35, 2023-10-01: 40, 2023-11-01: 58, 2023-12-01: 89, 2024-01-01: 42, 2024-02-01: 61, 2024-03-01: 54, 2024-04-01: 38, 2024-05-01: 59, 2024-06-01: 31, 2024-07-01: 31, 2024-08-01: 30, 2024-09-01: 40, 2024-10-01: 48, 2024-11-01: 56, 2024-12-01: 86, 2025-01-01: 46, 2025-02-01: 48, 2025-03-01: 48, 2025-04-01: 42, 2025-05-01: 55, 2025-06-01: 30, 2025-07-01: 28, 2025-08-01: 35, 2025-09-01: 41, 2025-10-01: 43, 2025-11-01: 56, 2025-12-01: 60, 2026-01-01: 44, 2026-02-01: 41, 2026-03-01: 50, 2026-04-01: 39, 2026-04-05: 52, 2026-04-12: 59"
"wasa","Brand known for producing multigrain crispbreads that are non-GMO and fat-free. Wasa offers a variety of crispbreads that cater to health-conscious consumers looking for nutritious and convenient snack options. The target demographic includes individuals seeking healthy, low-fat, and non-GMO snack alternatives.","business, food-beverage, industry, food, manufacturing, cpg","true","-17%","151000000","Falling","stationary","Seasonal","Low","Positive","stationary","Past 5 years","https://signails.com/topics/wasa","{""facebook"":374000,""linkedin"":5610,""twitter"":3690,""pinterest"":10900,""reddit"":2020,""tiktok"":32300,""youtube"":35700}","2021-04-01: 90, 2021-05-01: 84, 2021-06-01: 84, 2021-07-01: 79, 2021-08-01: 82, 2021-09-01: 84, 2021-10-01: 82, 2021-11-01: 80, 2021-12-01: 71, 2022-01-01: 73, 2022-02-01: 83, 2022-03-01: 82, 2022-04-01: 76, 2022-05-01: 78, 2022-06-01: 83, 2022-07-01: 82, 2022-08-01: 79, 2022-09-01: 78, 2022-10-01: 94, 2022-11-01: 80, 2022-12-01: 66, 2023-01-01: 72, 2023-02-01: 80, 2023-03-01: 79, 2023-04-01: 72, 2023-05-01: 81, 2023-06-01: 73, 2023-07-01: 75, 2023-08-01: 78, 2023-09-01: 76, 2023-10-01: 75, 2023-11-01: 69, 2023-12-01: 63, 2024-01-01: 71, 2024-02-01: 77, 2024-03-01: 76, 2024-04-01: 78, 2024-05-01: 81, 2024-06-01: 73, 2024-07-01: 76, 2024-08-01: 77, 2024-09-01: 77, 2024-10-01: 77, 2024-11-01: 74, 2024-12-01: 63, 2025-01-01: 73, 2025-02-01: 76, 2025-03-01: 78, 2025-04-01: 75, 2025-05-01: 80, 2025-06-01: 77, 2025-07-01: 74, 2025-08-01: 76, 2025-09-01: 82, 2025-10-01: 76, 2025-11-01: 75, 2025-12-01: 64, 2026-01-01: 73, 2026-02-01: 71, 2026-03-01: 76, 2026-04-01: 70, 2026-04-05: 89, 2026-04-12: 89"
"Grana","Stacks of structures called thylakoids found within chloroplasts in plant cells. These thylakoids are membrane-bound compartments where the light-dependent reactions of photosynthesis occur, and their stacking into grana increases the surface area, thereby maximizing the efficiency of photosynthesis. Grana are essential for plants and other photosynthetic organisms to efficiently convert light energy into chemical energy.","business, fashion, food-beverage, retail, food, clothing","true","36%","135000","Exploding","constant","Seasonal","Low","Positive","growing","Past 5 years","https://signails.com/topics/grana","{""facebook"":270000,""linkedin"":7340,""twitter"":6650,""pinterest"":55600,""reddit"":59300,""tiktok"":27100,""youtube"":69600}","2021-04-01: 72, 2021-05-01: 79, 2021-06-01: 76, 2021-07-01: 82, 2021-08-01: 79, 2021-09-01: 71, 2021-10-01: 75, 2021-11-01: 76, 2021-12-01: 75, 2022-01-01: 78, 2022-02-01: 86, 2022-03-01: 83, 2022-04-01: 82, 2022-05-01: 82, 2022-06-01: 80, 2022-07-01: 82, 2022-08-01: 83, 2022-09-01: 79, 2022-10-01: 84, 2022-11-01: 81, 2022-12-01: 85, 2023-01-01: 83, 2023-02-01: 82, 2023-03-01: 83, 2023-04-01: 83, 2023-05-01: 80, 2023-06-01: 82, 2023-07-01: 86, 2023-08-01: 95, 2023-09-01: 83, 2023-10-01: 88, 2023-11-01: 87, 2023-12-01: 93, 2024-01-01: 88, 2024-02-01: 88, 2024-03-01: 90, 2024-04-01: 87, 2024-05-01: 94, 2024-06-01: 87, 2024-07-01: 91, 2024-08-01: 89, 2024-09-01: 91, 2024-10-01: 88, 2024-11-01: 92, 2024-12-01: 96, 2025-01-01: 87, 2025-02-01: 90, 2025-03-01: 91, 2025-04-01: 86, 2025-05-01: 92, 2025-06-01: 89, 2025-07-01: 89, 2025-08-01: 96, 2025-09-01: 88, 2025-10-01: 98, 2025-11-01: 95, 2025-12-01: 100, 2026-01-01: 92, 2026-02-01: 96, 2026-03-01: 98, 2026-04-05: 90, 2026-04-12: 88"
"taqueria","A taqueria is a type of Mexican restaurant that specializes in tacos and other Mexican dishes. These establishments are known for their vibrant flavors, use of fresh ingredients, and often, their homemade salsas and sauces, offering a variety of taco fillings such as beef, chicken, pork, and vegetarian options. Taquerias typically attract individuals who enjoy casual dining experiences and authentic Mexican cuisine.","business, food-beverage, food, retail","false","2%","673000","Exploding","exponential","Seasonal","Low","Positive","declining","Past 5 years","https://signails.com/topics/taqueria","{""facebook"":2840000,""linkedin"":7610,""twitter"":1810,""pinterest"":19700,""reddit"":8790,""tiktok"":47600,""youtube"":18600}","2021-04-01: 88, 2021-05-01: 91, 2021-06-01: 90, 2021-07-01: 98, 2021-08-01: 100, 2021-09-01: 86, 2021-10-01: 89, 2021-11-01: 83, 2021-12-01: 87, 2022-01-01: 80, 2022-02-01: 81, 2022-03-01: 79, 2022-04-01: 81, 2022-05-01: 84, 2022-06-01: 85, 2022-07-01: 86, 2022-08-01: 81, 2022-09-01: 79, 2022-10-01: 75, 2022-11-01: 70, 2022-12-01: 74, 2023-01-01: 80, 2023-02-01: 78, 2023-03-01: 79, 2023-04-01: 81, 2023-05-01: 85, 2023-06-01: 82, 2023-07-01: 88, 2023-08-01: 82, 2023-09-01: 77, 2023-10-01: 76, 2023-11-01: 71, 2023-12-01: 77, 2024-01-01: 71, 2024-02-01: 78, 2024-03-01: 84, 2024-04-01: 82, 2024-05-01: 87, 2024-06-01: 87, 2024-07-01: 82, 2024-08-01: 85, 2024-09-01: 79, 2024-10-01: 75, 2024-11-01: 70, 2024-12-01: 77, 2025-01-01: 74, 2025-02-01: 75, 2025-03-01: 80, 2025-04-01: 83, 2025-05-01: 84, 2025-06-01: 88, 2025-07-01: 83, 2025-08-01: 89, 2025-09-01: 75, 2025-10-01: 82, 2025-11-01: 82, 2025-12-01: 86, 2026-01-01: 84, 2026-02-01: 92, 2026-03-01: 89, 2026-04-01: 93, 2026-04-05: 89, 2026-04-12: 91"
"planted","Planted is a plant-based food company that creates meat alternatives made from natural, non-GMO ingredients. Specializing in products such as plant-based chicken, pulled pork, and kebab, Planted focuses on taste, texture, and nutritional value to offer an authentic meat-like experience without animal products. Planted targets health-conscious consumers, vegetarians, vegans, and flexitarians seeking sustainable and nutritious meat alternatives.","eco, food-beverage, food, company, diets","true","40%","74000","Exploding","exponential","Seasonal","Average","Positive","declining","Past 5 years","https://signails.com/topics/planted","{""facebook"":1270000,""linkedin"":12700,""twitter"":14000,""pinterest"":171000,""reddit"":69100,""tiktok"":23300,""youtube"":205000}","2021-04-01: 68, 2021-05-01: 73, 2021-06-01: 56, 2021-07-01: 44, 2021-08-01: 41, 2021-09-01: 46, 2021-10-01: 44, 2021-11-01: 39, 2021-12-01: 33, 2022-01-01: 40, 2022-02-01: 48, 2022-03-01: 58, 2022-04-01: 69, 2022-05-01: 79, 2022-06-01: 64, 2022-07-01: 50, 2022-08-01: 47, 2022-09-01: 49, 2022-10-01: 46, 2022-11-01: 40, 2022-12-01: 36, 2023-01-01: 40, 2023-02-01: 47, 2023-03-01: 50, 2023-04-01: 63, 2023-05-01: 79, 2023-06-01: 61, 2023-07-01: 45, 2023-08-01: 42, 2023-09-01: 46, 2023-10-01: 46, 2023-11-01: 40, 2023-12-01: 35, 2024-01-01: 41, 2024-02-01: 48, 2024-03-01: 58, 2024-04-01: 72, 2024-05-01: 82, 2024-06-01: 63, 2024-07-01: 48, 2024-08-01: 47, 2024-09-01: 51, 2024-10-01: 48, 2024-11-01: 44, 2024-12-01: 40, 2025-01-01: 46, 2025-02-01: 50, 2025-03-01: 70, 2025-04-01: 90, 2025-05-01: 100, 2025-06-01: 73, 2025-07-01: 60, 2025-08-01: 67, 2025-09-01: 68, 2025-10-01: 67, 2025-11-01: 60, 2025-12-01: 54, 2026-01-01: 65, 2026-02-01: 77, 2026-03-01: 95, 2026-04-05: 110, 2026-04-12: 117"
"Monin","A well-known brand recognized for its wide range of flavored syrups, commonly used in beverages such as coffee, cocktails, and sodas. Founded in 1912 by Georges Monin in Bourges, France, the company offers a variety of products including syrups, fruit purees, gourmet sauces, and concentrates, distinguishing itself with high-quality ingredients and diverse flavor options. Monin's products are popular in both commercial and home settings for adding flavor to drinks and culinary creations.","beverages, food, company, food-beverage, industry, manufacturing, product","true","64%","135000","Exploding","exponential","Seasonal","Low","Positive","stationary","Past 5 years","https://signails.com/topics/monin","{""facebook"":90700,""linkedin"":9350,""twitter"":1240,""pinterest"":19800,""reddit"":4450,""tiktok"":8920,""youtube"":10400}","2021-04-01: 47, 2021-05-01: 47, 2021-06-01: 51, 2021-07-01: 53, 2021-08-01: 48, 2021-09-01: 48, 2021-10-01: 51, 2021-11-01: 55, 2021-12-01: 62, 2022-01-01: 50, 2022-02-01: 48, 2022-03-01: 52, 2022-04-01: 51, 2022-05-01: 53, 2022-06-01: 57, 2022-07-01: 63, 2022-08-01: 59, 2022-09-01: 54, 2022-10-01: 52, 2022-11-01: 53, 2022-12-01: 63, 2023-01-01: 53, 2023-02-01: 54, 2023-03-01: 51, 2023-04-01: 53, 2023-05-01: 55, 2023-06-01: 66, 2023-07-01: 63, 2023-08-01: 61, 2023-09-01: 66, 2023-10-01: 60, 2023-11-01: 68, 2023-12-01: 74, 2024-01-01: 58, 2024-02-01: 55, 2024-03-01: 59, 2024-04-01: 59, 2024-05-01: 66, 2024-06-01: 71, 2024-07-01: 71, 2024-08-01: 72, 2024-09-01: 70, 2024-10-01: 67, 2024-11-01: 72, 2024-12-01: 80, 2025-01-01: 64, 2025-02-01: 66, 2025-03-01: 67, 2025-04-01: 74, 2025-05-01: 81, 2025-06-01: 82, 2025-07-01: 88, 2025-08-01: 97, 2025-09-01: 100, 2025-10-01: 88, 2025-11-01: 95, 2025-12-01: 93, 2026-01-01: 70, 2026-02-01: 72, 2026-03-01: 77, 2026-04-05: 79, 2026-04-12: 79"
"Sproud milk","Plant-based milk alternative that is low in sugar, carbohydrates, and calories, but high in protein. It is designed to have a lower climate impact compared to other plant-based milks, making it a more sustainable choice. Sproud milk is suitable for health-conscious individuals and those seeking environmentally friendly dietary options.","health, food-beverage, lifestyle, beverages, eco, food","true","527%","12100","Exploding","constant","Seasonal","Low","Positive","growing","Past 5 years","https://signails.com/topics/sproud-milk","{""facebook"":15,""linkedin"":0,""twitter"":0,""pinterest"":14,""reddit"":1,""tiktok"":57,""youtube"":19}","2021-04-01: 15, 2021-05-01: 17, 2021-06-01: 19, 2021-07-01: 23, 2021-08-01: 21, 2021-09-01: 23, 2021-10-01: 22, 2021-11-01: 20, 2021-12-01: 19, 2022-01-01: 16, 2022-02-01: 24, 2022-03-01: 22, 2022-04-01: 13, 2022-05-01: 18, 2022-06-01: 18, 2022-07-01: 19, 2022-08-01: 17, 2022-09-01: 17, 2022-10-01: 20, 2022-11-01: 23, 2022-12-01: 11, 2023-01-01: 20, 2023-02-01: 18, 2023-03-01: 20, 2023-04-01: 13, 2023-05-01: 13, 2023-06-01: 12, 2023-07-01: 14, 2023-08-01: 13, 2023-09-01: 20, 2023-10-01: 12, 2023-11-01: 16, 2023-12-01: 11, 2024-01-01: 21, 2024-02-01: 22, 2024-03-01: 24, 2024-04-01: 30, 2024-05-01: 66, 2024-06-01: 59, 2024-07-01: 55, 2024-08-01: 69, 2024-09-01: 60, 2024-10-01: 55, 2024-11-01: 49, 2024-12-01: 47, 2025-01-01: 54, 2025-02-01: 61, 2025-03-01: 71, 2025-04-01: 80, 2025-05-01: 71, 2025-06-01: 72, 2025-07-01: 67, 2025-08-01: 100, 2025-09-01: 92, 2025-10-01: 91, 2025-11-01: 77, 2025-12-01: 68, 2026-01-01: 83, 2026-02-01: 95, 2026-03-01: 94, 2026-04-05: 77, 2026-04-12: 88"
"Wooden Utensil Set","A collection of kitchen tools crafted from wood, typically including items like spoons, spatulas, and tongs. These utensils are valued for their durability, natural appearance, and their ability to be gentle on cookware surfaces, particularly non-stick pans. Wooden utensil sets are often chosen by environmentally conscious consumers due to their biodegradable nature and use of sustainable materials.","cooking, food, product, home, lifestyle, kitchen, eco, home-decor","false","411.00000000000006%","27100","Exploding","exponential","Non-seasonal","Low","Positive","growing","Past 5 years","https://signails.com/topics/wooden-utensil-set","{""facebook"":845,""linkedin"":0,""twitter"":0,""pinterest"":896,""reddit"":5,""tiktok"":243,""youtube"":86}","2021-04-01: 9, 2021-05-01: 10, 2021-06-01: 7, 2021-07-01: 7, 2021-08-01: 6, 2021-09-01: 8, 2021-10-01: 9, 2021-11-01: 15, 2021-12-01: 12, 2022-01-01: 11, 2022-02-01: 10, 2022-03-01: 8, 2022-04-01: 9, 2022-05-01: 9, 2022-06-01: 10, 2022-07-01: 9, 2022-08-01: 7, 2022-09-01: 8, 2022-10-01: 9, 2022-11-01: 10, 2022-12-01: 11, 2023-01-01: 10, 2023-02-01: 12, 2023-03-01: 9, 2023-04-01: 11, 2023-05-01: 8, 2023-06-01: 8, 2023-07-01: 8, 2023-08-01: 8, 2023-09-01: 10, 2023-10-01: 9, 2023-11-01: 14, 2023-12-01: 20, 2024-01-01: 13, 2024-02-01: 12, 2024-03-01: 12, 2024-04-01: 10, 2024-05-01: 10, 2024-06-01: 10, 2024-07-01: 15, 2024-08-01: 12, 2024-09-01: 10, 2024-10-01: 21, 2024-11-01: 45, 2024-12-01: 66, 2025-01-01: 40, 2025-02-01: 27, 2025-03-01: 28, 2025-04-01: 19, 2025-05-01: 19, 2025-06-01: 24, 2025-07-01: 29, 2025-08-01: 41, 2025-09-01: 42, 2025-10-01: 32, 2025-11-01: 48, 2025-12-01: 54, 2026-01-01: 39, 2026-02-01: 100, 2026-03-01: 46, 2026-04-05: 32, 2026-04-12: 14"
"Perfect Day Milk","Perfect Day Milk is a dairy product created using animal-free dairy proteins produced through a fermentation process involving fungi. This innovative method allows for the production of sustainable and environmentally friendly dairy products without the need for bovine milk, differentiating it from traditional dairy products. Perfect Day Milk is targeted at environmentally conscious consumers and those seeking plant-based or lactose-free dairy alternatives.","technology, food-beverage, lifestyle, food, eco, gardening-agriculture","true","178%","320","Exploding","exponential","Non-seasonal","Average","Positive","declining","Past 5 years","https://signails.com/topics/perfect-day-milk","{""facebook"":1,""linkedin"":94,""twitter"":83,""pinterest"":1,""reddit"":16,""tiktok"":3760,""youtube"":20}","2021-04-01: 9, 2021-05-01: 11, 2021-06-01: 15, 2021-07-01: 9, 2021-08-01: 17, 2021-09-01: 14, 2021-10-01: 12, 2021-11-01: 14, 2021-12-01: 9, 2022-01-01: 13, 2022-02-01: 12, 2022-03-01: 13, 2022-04-01: 13, 2022-05-01: 15, 2022-06-01: 11, 2022-07-01: 10, 2022-08-01: 9, 2022-09-01: 10, 2022-10-01: 9, 2022-11-01: 12, 2022-12-01: 13, 2023-01-01: 13, 2023-02-01: 13, 2023-03-01: 18, 2023-04-01: 9, 2023-05-01: 10, 2023-06-01: 11, 2023-07-01: 7, 2023-08-01: 6, 2023-09-01: 10, 2023-10-01: 9, 2023-11-01: 7, 2023-12-01: 9, 2024-01-01: 9, 2024-02-01: 11, 2024-03-01: 9, 2024-04-01: 7, 2024-05-01: 12, 2024-06-01: 12, 2024-07-01: 8, 2024-08-01: 9, 2024-09-01: 10, 2024-10-01: 7, 2024-11-01: 7, 2024-12-01: 12, 2025-01-01: 11, 2025-02-01: 12, 2025-03-01: 12, 2025-04-01: 10, 2025-05-01: 8, 2025-06-01: 8, 2025-07-01: 12, 2025-08-01: 23, 2025-09-01: 21, 2025-10-01: 23, 2025-11-01: 20, 2025-12-01: 21, 2026-01-01: 24, 2026-02-01: 38, 2026-03-01: 25, 2026-04-05: 50, 2026-04-12: 47"
"Insect based food","Insect-based food is a nutritious and sustainable alternative to traditional livestock, offering high protein, essential vitamins and minerals, and mostly unsaturated fats. It is environmentally friendly due to its lower resource requirements and high feed conversion efficiency, making it a viable option for reducing the environmental impact of food production. This type of food primarily targets environmentally conscious consumers and those seeking alternative protein sources.","health, food-beverage, lifestyle, nutrition, eco, food","false","117%","210","Exploding","exponential","Seasonal","Average","Neutral","growing","Past 5 years","https://signails.com/topics/insect-based-food","{""facebook"":135,""linkedin"":86,""twitter"":18,""pinterest"":19,""reddit"":20,""tiktok"":16,""youtube"":45}","2021-04-01: 19, 2021-05-01: 18, 2021-06-01: 19, 2021-07-01: 18, 2021-08-01: 11, 2021-09-01: 20, 2021-10-01: 25, 2021-11-01: 29, 2021-12-01: 21, 2022-01-01: 19, 2022-02-01: 19, 2022-03-01: 31, 2022-04-01: 45, 2022-05-01: 32, 2022-06-01: 25, 2022-07-01: 24, 2022-08-01: 15, 2022-09-01: 26, 2022-10-01: 32, 2022-11-01: 21, 2022-12-01: 24, 2023-01-01: 30, 2023-02-01: 37, 2023-03-01: 38, 2023-04-01: 38, 2023-05-01: 33, 2023-06-01: 26, 2023-07-01: 16, 2023-08-01: 20, 2023-09-01: 24, 2023-10-01: 27, 2023-11-01: 32, 2023-12-01: 26, 2024-01-01: 32, 2024-02-01: 47, 2024-03-01: 46, 2024-04-01: 56, 2024-05-01: 41, 2024-06-01: 25, 2024-07-01: 16, 2024-08-01: 21, 2024-09-01: 25, 2024-10-01: 25, 2024-11-01: 31, 2024-12-01: 22, 2025-01-01: 36, 2025-02-01: 41, 2025-03-01: 50, 2025-04-01: 62, 2025-05-01: 38, 2025-06-01: 24, 2025-07-01: 25, 2025-08-01: 32, 2025-09-01: 49, 2025-10-01: 48, 2025-11-01: 47, 2025-12-01: 50, 2026-01-01: 55, 2026-02-01: 87, 2026-03-01: 100, 2026-04-01: 39, 2026-04-05: 62, 2026-04-12: 61"
"Burger holder","A reusable shell designed to hold burgers, making it easier to eat them without making a mess. It helps reduce plastic and paper waste and is suitable for both home use and restaurants, emphasizing its environmental benefits. The burger holder is BPA-free, making it safe for food use and appealing to eco-conscious consumers and food establishments.","food, cooking, food-beverage, product, home, lifestyle, eco, kitchen","false","229%","880","Exploding","exponential","Non-seasonal","Low","Neutral","growing","Past 5 years","https://signails.com/topics/burger-holder","{""facebook"":240,""linkedin"":21,""twitter"":15,""pinterest"":160,""reddit"":15,""tiktok"":77,""youtube"":81}","2021-04-01: 14, 2021-05-01: 17, 2021-06-01: 16, 2021-07-01: 15, 2021-08-01: 16, 2021-09-01: 17, 2021-10-01: 14, 2021-11-01: 15, 2021-12-01: 15, 2022-01-01: 16, 2022-02-01: 16, 2022-03-01: 18, 2022-04-01: 15, 2022-05-01: 15, 2022-06-01: 20, 2022-07-01: 19, 2022-08-01: 17, 2022-09-01: 16, 2022-10-01: 29, 2022-11-01: 27, 2022-12-01: 24, 2023-01-01: 20, 2023-02-01: 14, 2023-03-01: 15, 2023-04-01: 17, 2023-05-01: 23, 2023-06-01: 18, 2023-07-01: 19, 2023-08-01: 20, 2023-09-01: 17, 2023-10-01: 18, 2023-11-01: 16, 2023-12-01: 20, 2024-01-01: 19, 2024-02-01: 17, 2024-03-01: 16, 2024-04-01: 16, 2024-05-01: 17, 2024-06-01: 15, 2024-07-01: 18, 2024-08-01: 22, 2024-09-01: 16, 2024-10-01: 14, 2024-11-01: 17, 2024-12-01: 17, 2025-01-01: 22, 2025-02-01: 16, 2025-03-01: 19, 2025-04-01: 17, 2025-05-01: 18, 2025-06-01: 21, 2025-07-01: 25, 2025-08-01: 70, 2025-09-01: 52, 2025-10-01: 33, 2025-11-01: 47, 2025-12-01: 51, 2026-01-01: 45, 2026-02-01: 89, 2026-03-01: 46, 2026-04-05: 44, 2026-04-12: 46"
"Good meat","Good Meat is a company that produces real meat without traditional animal slaughter, aiming to create sustainable and ethical meat products. It differentiates itself by using advanced cellular agriculture techniques to cultivate meat in a lab environment, reducing the environmental impact and ethical concerns associated with conventional meat production. Good Meat primarily targets environmentally conscious consumers and those concerned with animal welfare, offering an alternative to traditional meat products.","food-beverage, lifestyle, food, eco, gardening-agriculture","true","28.000000000000004%","4400","Exploding","exponential","Seasonal","Average","Positive","growing","Past 5 years","https://signails.com/topics/good-meat","{""facebook"":10100,""linkedin"":276,""twitter"":243,""pinterest"":647,""reddit"":664,""tiktok"":581,""youtube"":1520}","2021-04-01: 25, 2021-05-01: 16, 2021-06-01: 15, 2021-07-01: 15, 2021-08-01: 15, 2021-09-01: 15, 2021-10-01: 15, 2021-11-01: 16, 2021-12-01: 17, 2022-01-01: 19, 2022-02-01: 18, 2022-03-01: 19, 2022-04-01: 28, 2022-05-01: 17, 2022-06-01: 18, 2022-07-01: 19, 2022-08-01: 17, 2022-09-01: 17, 2022-10-01: 18, 2022-11-01: 18, 2022-12-01: 18, 2023-01-01: 19, 2023-02-01: 19, 2023-03-01: 21, 2023-04-01: 29, 2023-05-01: 18, 2023-06-01: 19, 2023-07-01: 25, 2023-08-01: 19, 2023-09-01: 20, 2023-10-01: 19, 2023-11-01: 19, 2023-12-01: 20, 2024-01-01: 22, 2024-02-01: 22, 2024-03-01: 35, 2024-04-01: 19, 2024-05-01: 19, 2024-06-01: 20, 2024-07-01: 19, 2024-08-01: 20, 2024-09-01: 20, 2024-10-01: 21, 2024-11-01: 22, 2024-12-01: 24, 2025-01-01: 26, 2025-02-01: 24, 2025-03-01: 26, 2025-04-01: 37, 2025-05-01: 23, 2025-06-01: 23, 2025-07-01: 22, 2025-08-01: 26, 2025-09-01: 24, 2025-10-01: 27, 2025-11-01: 33, 2025-12-01: 35, 2026-01-01: 35, 2026-02-01: 33, 2026-03-01: 32, 2026-04-05: 66, 2026-04-12: 63"
"Stainless Steel Pan","Cookware crafted from an alloy of iron, carbon, and chromium, known for its durability and resistance to rust and corrosion. These pans are favored for their ability to evenly distribute heat, making them ideal for tasks like browning, searing, and deglazing, while also being non-reactive with acidic foods. Stainless steel pans are popular among home cooks and professional chefs who require reliable and versatile cooking tools.","cooking, food, food-beverage, eco, product","undefined","484.99999999999994%","165000","Exploding","constant","Seasonal","Low","Positive","growing","Past 5 years","https://signails.com/topics/stainless-steel-pan","{""facebook"":6080,""linkedin"":36,""twitter"":14,""pinterest"":4410,""reddit"":1930,""tiktok"":2780,""youtube"":2370}","2021-04-01: 13, 2021-05-01: 14, 2021-06-01: 13, 2021-07-01: 13, 2021-08-01: 14, 2021-09-01: 14, 2021-10-01: 15, 2021-11-01: 17, 2021-12-01: 17, 2022-01-01: 18, 2022-02-01: 16, 2022-03-01: 15, 2022-04-01: 15, 2022-05-01: 12, 2022-06-01: 14, 2022-07-01: 14, 2022-08-01: 14, 2022-09-01: 14, 2022-10-01: 16, 2022-11-01: 21, 2022-12-01: 22, 2023-01-01: 23, 2023-02-01: 20, 2023-03-01: 19, 2023-04-01: 19, 2023-05-01: 20, 2023-06-01: 20, 2023-07-01: 23, 2023-08-01: 22, 2023-09-01: 23, 2023-10-01: 24, 2023-11-01: 30, 2023-12-01: 33, 2024-01-01: 34, 2024-02-01: 32, 2024-03-01: 32, 2024-04-01: 29, 2024-05-01: 30, 2024-06-01: 29, 2024-07-01: 33, 2024-08-01: 40, 2024-09-01: 42, 2024-10-01: 44, 2024-11-01: 64, 2024-12-01: 72, 2025-01-01: 72, 2025-02-01: 67, 2025-03-01: 59, 2025-04-01: 51, 2025-05-01: 48, 2025-06-01: 50, 2025-07-01: 52, 2025-08-01: 70, 2025-09-01: 68, 2025-10-01: 72, 2025-11-01: 100, 2025-12-01: 88, 2026-01-01: 82, 2026-02-01: 94, 2026-03-01: 76, 2026-03-29: 56, 2026-04-05: 52, 2026-04-12: 53"
"Plastic free wrap","Plastic-free wrap refers to environmentally friendly alternatives to traditional plastic wrap used for food storage and packaging. These alternatives include materials such as wax wraps, compostable cling wrap, reusable natural fiber bags, clean glass jars, and baking paper, which are often biodegradable or reusable. Plastic-free wrap is primarily targeted at environmentally conscious consumers seeking sustainable options to reduce plastic waste.","home, food-beverage, lifestyle, kitchen, food, eco","false","324%","20","Exploding","exponential","Non-seasonal","Average","Positive","growing","Past 5 years","https://signails.com/topics/plastic-free-wrap","{""facebook"":14,""linkedin"":20,""twitter"":0,""pinterest"":22,""reddit"":0,""tiktok"":1,""youtube"":14}","2021-04-01: 24, 2021-05-01: 21, 2021-06-01: 16, 2021-07-01: 16, 2021-08-01: 16, 2021-09-01: 14, 2021-10-01: 19, 2021-11-01: 16, 2021-12-01: 16, 2022-01-01: 26, 2022-02-01: 18, 2022-03-01: 24, 2022-04-01: 19, 2022-05-01: 18, 2022-06-01: 15, 2022-07-01: 28, 2022-08-01: 18, 2022-09-01: 15, 2022-10-01: 15, 2022-11-01: 22, 2022-12-01: 14, 2023-01-01: 14, 2023-02-01: 16, 2023-03-01: 18, 2023-04-01: 16, 2023-05-01: 17, 2023-06-01: 13, 2023-07-01: 19, 2023-08-01: 15, 2023-09-01: 15, 2023-10-01: 16, 2023-11-01: 20, 2023-12-01: 13, 2024-01-01: 17, 2024-02-01: 13, 2024-03-01: 14, 2024-04-01: 19, 2024-05-01: 15, 2024-06-01: 15, 2024-07-01: 14, 2024-08-01: 13, 2024-09-01: 15, 2024-10-01: 15, 2024-11-01: 22, 2024-12-01: 21, 2025-01-01: 18, 2025-02-01: 16, 2025-03-01: 24, 2025-04-01: 18, 2025-05-01: 18, 2025-06-01: 18, 2025-07-01: 23, 2025-08-01: 56, 2025-09-01: 61, 2025-10-01: 51, 2025-11-01: 56, 2025-12-01: 64, 2026-01-01: 43, 2026-02-01: 100, 2026-03-01: 78, 2026-04-01: 89, 2026-04-05: 72, 2026-04-12: 68"
"Brami","Brand offering pasta made from lupini beans, known for being nutrient-packed and suitable for modern lifestyles. The pasta is distinguished by its high protein and fiber content, low carbohydrate levels, and gluten-free nature, making it a healthier alternative to traditional pasta. Brami's products are primarily targeted at health-conscious consumers, including those following gluten-free, low-carb, or plant-based diets.","grocery, food-beverage, food, startup, eco","true","62%","9900","Exploding","exponential","Seasonal","Low","Positive","growing","Past 5 years","https://signails.com/topics/brami","{""facebook"":16800,""linkedin"":3040,""twitter"":271,""pinterest"":17700,""reddit"":479,""tiktok"":2840,""youtube"":3280}","2021-04-01: 52, 2021-05-01: 48, 2021-06-01: 43, 2021-07-01: 42, 2021-08-01: 49, 2021-09-01: 49, 2021-10-01: 41, 2021-11-01: 55, 2021-12-01: 50, 2022-01-01: 62, 2022-02-01: 64, 2022-03-01: 64, 2022-04-01: 61, 2022-05-01: 73, 2022-06-01: 68, 2022-07-01: 64, 2022-08-01: 58, 2022-09-01: 57, 2022-10-01: 48, 2022-11-01: 50, 2022-12-01: 41, 2023-01-01: 44, 2023-02-01: 48, 2023-03-01: 44, 2023-04-01: 47, 2023-05-01: 53, 2023-06-01: 50, 2023-07-01: 44, 2023-08-01: 42, 2023-09-01: 42, 2023-10-01: 39, 2023-11-01: 42, 2023-12-01: 34, 2024-01-01: 41, 2024-02-01: 42, 2024-03-01: 48, 2024-04-01: 48, 2024-05-01: 47, 2024-06-01: 52, 2024-07-01: 47, 2024-08-01: 45, 2024-09-01: 41, 2024-10-01: 39, 2024-11-01: 41, 2024-12-01: 39, 2025-01-01: 53, 2025-02-01: 50, 2025-03-01: 56, 2025-04-01: 54, 2025-05-01: 53, 2025-06-01: 57, 2025-07-01: 52, 2025-08-01: 60, 2025-09-01: 61, 2025-10-01: 67, 2025-11-01: 72, 2025-12-01: 54, 2026-01-01: 76, 2026-02-01: 100, 2026-03-01: 92, 2026-04-01: 94, 2026-03-29: 88, 2026-04-05: 84, 2026-04-12: 90"
"Seaweed chips","Snack made from seaweed, offering a healthier alternative to traditional chips due to their nutritional benefits. These chips are available in various flavors and are particularly popular in many regions, especially in Asia, for their unique taste and health advantages. They are primarily targeted at health-conscious consumers seeking nutritious snack options.","food, food-beverage, grocery, health, lifestyle, nutrition, eco","false","96%","14800","Exploding","exponential","Seasonal","Average","Positive","declining","Past 5 years","https://signails.com/topics/seaweed-chips","{""facebook"":1860,""linkedin"":16,""twitter"":14,""pinterest"":966,""reddit"":95,""tiktok"":643,""youtube"":571}","2021-04-01: 48, 2021-05-01: 49, 2021-06-01: 41, 2021-07-01: 45, 2021-08-01: 46, 2021-09-01: 54, 2021-10-01: 88, 2021-11-01: 68, 2021-12-01: 46, 2022-01-01: 77, 2022-02-01: 59, 2022-03-01: 57, 2022-04-01: 54, 2022-05-01: 54, 2022-06-01: 56, 2022-07-01: 56, 2022-08-01: 60, 2022-09-01: 62, 2022-10-01: 56, 2022-11-01: 53, 2022-12-01: 44, 2023-01-01: 64, 2023-02-01: 72, 2023-03-01: 61, 2023-04-01: 61, 2023-05-01: 56, 2023-06-01: 51, 2023-07-01: 56, 2023-08-01: 60, 2023-09-01: 56, 2023-10-01: 55, 2023-11-01: 48, 2023-12-01: 55, 2024-01-01: 65, 2024-02-01: 65, 2024-03-01: 63, 2024-04-01: 65, 2024-05-01: 69, 2024-06-01: 61, 2024-07-01: 58, 2024-08-01: 60, 2024-09-01: 61, 2024-10-01: 62, 2024-11-01: 63, 2024-12-01: 56, 2025-01-01: 81, 2025-02-01: 76, 2025-03-01: 67, 2025-04-01: 72, 2025-05-01: 70, 2025-06-01: 70, 2025-07-01: 81, 2025-08-01: 100, 2025-09-01: 88, 2025-10-01: 82, 2025-11-01: 83, 2025-12-01: 80, 2026-01-01: 96, 2026-02-01: 93, 2026-03-01: 94, 2026-03-29: 82, 2026-04-05: 81, 2026-04-12: 81"
"organic harvest","Organic harvest refers to the production of food through organic farming methods, which avoid the use of synthetic chemicals and genetically modified components. This method emphasizes the use of natural processes and materials to enhance soil fertility and control pests, resulting in food products with lower pesticide residues compared to conventionally produced foods. Organic harvest primarily benefits health-conscious consumers and environmentally aware individuals seeking sustainable and chemical-free food options.","food-beverage, industry, lifestyle, food, eco, gardening-agriculture","true","285%","49500","Exploding","exponential","Non-seasonal","Low","Positive","growing","Past 5 years","https://signails.com/topics/organic-harvest","{""facebook"":3520,""linkedin"":267,""twitter"":18,""pinterest"":730,""reddit"":106,""tiktok"":192,""youtube"":4840}","2021-04-01: 25, 2021-05-01: 26, 2021-06-01: 23, 2021-07-01: 24, 2021-08-01: 22, 2021-09-01: 22, 2021-10-01: 23, 2021-11-01: 20, 2021-12-01: 21, 2022-01-01: 27, 2022-02-01: 31, 2022-03-01: 40, 2022-04-01: 58, 2022-05-01: 54, 2022-06-01: 51, 2022-07-01: 52, 2022-08-01: 71, 2022-09-01: 64, 2022-10-01: 61, 2022-11-01: 60, 2022-12-01: 60, 2023-01-01: 72, 2023-02-01: 80, 2023-03-01: 75, 2023-04-01: 69, 2023-05-01: 78, 2023-06-01: 71, 2023-07-01: 77, 2023-08-01: 82, 2023-09-01: 78, 2023-10-01: 88, 2023-11-01: 97, 2023-12-01: 81, 2024-01-01: 95, 2024-02-01: 83, 2024-03-01: 80, 2024-04-01: 82, 2024-05-01: 80, 2024-06-01: 78, 2024-07-01: 65, 2024-08-01: 69, 2024-09-01: 64, 2024-10-01: 52, 2024-11-01: 46, 2024-12-01: 41, 2025-01-01: 38, 2025-02-01: 42, 2025-03-01: 41, 2025-04-01: 38, 2025-05-01: 35, 2025-06-01: 36, 2025-07-01: 38, 2025-08-01: 53, 2025-09-01: 59, 2025-10-01: 58, 2025-11-01: 45, 2025-12-01: 36, 2026-01-01: 39, 2026-02-01: 72, 2026-03-01: 60, 2026-04-01: 100, 2026-04-05: 109, 2026-04-12: 112"
"Fungi meat","Fungi meat, also known as mycoprotein, is a meat substitute derived from filamentous fungal biomass. It offers a nutritious alternative to traditional meat products, with a texture that closely mimics meat fibrils, providing a similar culinary experience. This product is primarily targeted at vegetarians, vegans, and individuals seeking sustainable and healthy meat alternatives.","health, food-beverage, lifestyle, nutrition, food, eco, cpg, grocery","false","67%","50","Exploding","exponential","Seasonal","Average","Positive","growing","Past 5 years","https://signails.com/topics/fungi-meat","{""facebook"":19,""linkedin"":15,""twitter"":0,""pinterest"":19,""reddit"":1,""tiktok"":1,""youtube"":14}","2021-04-01: 24, 2021-05-01: 24, 2021-06-01: 27, 2021-07-01: 37, 2021-08-01: 21, 2021-09-01: 22, 2021-10-01: 19, 2021-11-01: 29, 2021-12-01: 22, 2022-01-01: 37, 2022-02-01: 33, 2022-03-01: 37, 2022-04-01: 38, 2022-05-01: 41, 2022-06-01: 28, 2022-07-01: 29, 2022-08-01: 25, 2022-09-01: 38, 2022-10-01: 41, 2022-11-01: 35, 2022-12-01: 23, 2023-01-01: 26, 2023-02-01: 38, 2023-03-01: 32, 2023-04-01: 30, 2023-05-01: 35, 2023-06-01: 18, 2023-07-01: 25, 2023-08-01: 28, 2023-09-01: 35, 2023-10-01: 31, 2023-11-01: 24, 2023-12-01: 27, 2024-01-01: 27, 2024-02-01: 45, 2024-03-01: 31, 2024-04-01: 35, 2024-05-01: 43, 2024-06-01: 20, 2024-07-01: 24, 2024-08-01: 35, 2024-09-01: 36, 2024-10-01: 29, 2024-11-01: 39, 2024-12-01: 33, 2025-01-01: 26, 2025-02-01: 43, 2025-03-01: 42, 2025-04-01: 38, 2025-05-01: 37, 2025-06-01: 24, 2025-07-01: 24, 2025-08-01: 50, 2025-09-01: 56, 2025-10-01: 57, 2025-11-01: 61, 2025-12-01: 66, 2026-01-01: 50, 2026-02-01: 100, 2026-03-01: 81, 2026-04-01: 40, 2026-04-05: 60, 2026-04-12: 71"
"Water filter straw","A water filter straw is a portable filtration device that allows users to drink directly from natural water sources by filtering out contaminants like bacteria, parasites, and microplastics. The straw uses built-in filtration technology, typically consisting of activated carbon and membrane filters, to make water safe for consumption in outdoor or emergency settings. It is popular among hikers, campers, and survivalists who need a lightweight and convenient solution for accessing clean drinking water in remote areas.","food-beverage, food, eco, beverages, technology","undefined","355%","1800","Exploding","exponential","Seasonal","Low","Positive","growing","Past 5 years","https://signails.com/topics/water-filter-straw","{""facebook"":504,""linkedin"":14,""twitter"":16,""pinterest"":829,""reddit"":17,""tiktok"":636,""youtube"":347}","2021-04-01: 17, 2021-05-01: 19, 2021-06-01: 19, 2021-07-01: 26, 2021-08-01: 25, 2021-09-01: 22, 2021-10-01: 16, 2021-11-01: 13, 2021-12-01: 17, 2022-01-01: 17, 2022-02-01: 20, 2022-03-01: 30, 2022-04-01: 23, 2022-05-01: 26, 2022-06-01: 31, 2022-07-01: 34, 2022-08-01: 40, 2022-09-01: 35, 2022-10-01: 29, 2022-11-01: 25, 2022-12-01: 27, 2023-01-01: 30, 2023-02-01: 35, 2023-03-01: 28, 2023-04-01: 28, 2023-05-01: 30, 2023-06-01: 27, 2023-07-01: 28, 2023-08-01: 32, 2023-09-01: 36, 2023-10-01: 33, 2023-11-01: 30, 2023-12-01: 34, 2024-01-01: 34, 2024-02-01: 39, 2024-03-01: 34, 2024-04-01: 33, 2024-05-01: 30, 2024-06-01: 32, 2024-07-01: 36, 2024-08-01: 35, 2024-09-01: 32, 2024-10-01: 38, 2024-11-01: 34, 2024-12-01: 35, 2025-01-01: 38, 2025-02-01: 40, 2025-03-01: 40, 2025-04-01: 39, 2025-05-01: 43, 2025-06-01: 53, 2025-07-01: 48, 2025-08-01: 59, 2025-09-01: 50, 2025-10-01: 55, 2025-11-01: 45, 2025-12-01: 46, 2026-01-01: 54, 2026-02-01: 81, 2026-03-01: 90, 2026-04-01: 100, 2026-04-05: 83, 2026-04-12: 85"
"Boodle","Term that can refer to a large quantity of something, especially money. It can also denote a bribe or other illicit payment, particularly in a political context, or refer to stolen goods, loot, booty, or swag. The term is often used in discussions about corruption, theft, and illegal financial activities.","finance, food-beverage, personal-finance, food","true","62%","74000","Exploding","constant","Seasonal","Average","Positive","growing","Past 5 years","https://signails.com/topics/boodle","{""facebook"":115000,""linkedin"":1470,""twitter"":405,""pinterest"":5000,""reddit"":846,""tiktok"":3400,""youtube"":21700}","2021-04-01: 53, 2021-05-01: 50, 2021-06-01: 48, 2021-07-01: 43, 2021-08-01: 42, 2021-09-01: 41, 2021-10-01: 43, 2021-11-01: 47, 2021-12-01: 52, 2022-01-01: 46, 2022-02-01: 50, 2022-03-01: 50, 2022-04-01: 59, 2022-05-01: 56, 2022-06-01: 57, 2022-07-01: 54, 2022-08-01: 53, 2022-09-01: 66, 2022-10-01: 54, 2022-11-01: 57, 2022-12-01: 60, 2023-01-01: 57, 2023-02-01: 62, 2023-03-01: 59, 2023-04-01: 65, 2023-05-01: 65, 2023-06-01: 57, 2023-07-01: 54, 2023-08-01: 58, 2023-09-01: 65, 2023-10-01: 67, 2023-11-01: 64, 2023-12-01: 64, 2024-01-01: 69, 2024-02-01: 70, 2024-03-01: 71, 2024-04-01: 77, 2024-05-01: 70, 2024-06-01: 60, 2024-07-01: 50, 2024-08-01: 58, 2024-09-01: 74, 2024-10-01: 78, 2024-11-01: 71, 2024-12-01: 76, 2025-01-01: 82, 2025-02-01: 81, 2025-03-01: 71, 2025-04-01: 81, 2025-05-01: 84, 2025-06-01: 53, 2025-07-01: 50, 2025-08-01: 62, 2025-09-01: 78, 2025-10-01: 74, 2025-11-01: 72, 2025-12-01: 67, 2026-01-01: 66, 2026-02-01: 69, 2026-03-01: 84, 2026-04-01: 81, 2026-04-05: 66, 2026-04-12: 71"
"Magic mushroom chocolate","A type of chocolate infused with psilocybin mushrooms, known for their psychoactive effects. These chocolates have been linked to significant health warnings and reports of severe illnesses and hospitalizations. The FDA advises against their consumption due to safety concerns.","health, food-beverage, food, cpg, mental-health","false","336%","14800","Exploding","constant","Seasonal","Low","Neutral","growing","Past 5 years","https://signails.com/topics/magic-mushroom-chocolate","{""facebook"":136,""linkedin"":0,""twitter"":14,""pinterest"":94,""reddit"":111,""tiktok"":44,""youtube"":47}","2021-04-01: 15, 2021-05-01: 14, 2021-06-01: 15, 2021-07-01: 14, 2021-08-01: 21, 2021-09-01: 14, 2021-10-01: 20, 2021-11-01: 24, 2021-12-01: 17, 2022-01-01: 27, 2022-02-01: 33, 2022-03-01: 24, 2022-04-01: 28, 2022-05-01: 29, 2022-06-01: 31, 2022-07-01: 35, 2022-08-01: 32, 2022-09-01: 27, 2022-10-01: 32, 2022-11-01: 36, 2022-12-01: 41, 2023-01-01: 50, 2023-02-01: 42, 2023-03-01: 45, 2023-04-01: 46, 2023-05-01: 47, 2023-06-01: 53, 2023-07-01: 56, 2023-08-01: 50, 2023-09-01: 46, 2023-10-01: 48, 2023-11-01: 43, 2023-12-01: 52, 2024-01-01: 53, 2024-02-01: 53, 2024-03-01: 47, 2024-04-01: 54, 2024-05-01: 52, 2024-06-01: 64, 2024-07-01: 58, 2024-08-01: 55, 2024-09-01: 50, 2024-10-01: 55, 2024-11-01: 57, 2024-12-01: 56, 2025-01-01: 54, 2025-02-01: 54, 2025-03-01: 56, 2025-04-01: 50, 2025-05-01: 51, 2025-06-01: 54, 2025-07-01: 48, 2025-08-01: 63, 2025-09-01: 57, 2025-10-01: 56, 2025-11-01: 53, 2025-12-01: 57, 2026-01-01: 47, 2026-02-01: 43, 2026-03-01: 50, 2026-04-01: 61, 2026-04-05: 69, 2026-04-12: 67"
"Fruit riot","This is a snack product consisting of frozen fruits coated in a sour candy-coating, marketed as a low-calorie treat. It differentiates itself by combining the natural sweetness of fruits with a tangy candy layer, offering a unique taste experience while being mindful of calorie intake. The target demographic includes health-conscious individuals and those seeking a flavorful yet low-calorie snack option.","health, food-beverage, lifestyle, nutrition, food, cpg","false","7500%","135000","Exploding","constant","Non-seasonal","Low","Neutral","declining","Past 5 years","https://signails.com/topics/fruit-riot-7Db8hSNW","{""facebook"":1020,""linkedin"":7,""twitter"":340,""pinterest"":165,""reddit"":314,""tiktok"":7990,""youtube"":723}","2021-04-01: 1, 2021-05-01: 1, 2021-06-01: 1, 2021-07-01: 0, 2021-08-01: 1, 2021-09-01: 0, 2021-10-01: 0, 2021-11-01: 1, 2021-12-01: 1, 2022-01-01: 1, 2022-02-01: 1, 2022-03-01: 1, 2022-04-01: 1, 2022-05-01: 1, 2022-06-01: 1, 2022-07-01: 0, 2022-08-01: 1, 2022-09-01: 1, 2022-10-01: 1, 2022-11-01: 1, 2022-12-01: 0, 2023-01-01: 1, 2023-02-01: 1, 2023-03-01: 1, 2023-04-01: 1, 2023-05-01: 1, 2023-06-01: 1, 2023-07-01: 1, 2023-08-01: 1, 2023-09-01: 1, 2023-10-01: 1, 2023-11-01: 1, 2023-12-01: 5, 2024-01-01: 15, 2024-02-01: 52, 2024-03-01: 74, 2024-04-01: 82, 2024-05-01: 52, 2024-06-01: 43, 2024-07-01: 29, 2024-08-01: 34, 2024-09-01: 27, 2024-10-01: 27, 2024-11-01: 26, 2024-12-01: 25, 2025-01-01: 51, 2025-02-01: 74, 2025-03-01: 55, 2025-04-01: 55, 2025-05-01: 100, 2025-06-01: 81, 2025-07-01: 58, 2025-08-01: 52, 2025-09-01: 46, 2025-10-01: 42, 2025-11-01: 37, 2025-12-01: 34, 2026-01-01: 52, 2026-02-01: 49, 2026-03-01: 76, 2026-04-05: 58, 2026-04-12: 58"
"Qamaria yemeni coffee","This coffee company specializes in sourcing its beans from Haraz, Yemen, a region renowned for its rare coffee due to unique elevation, soil, and climate conditions. It distinguishes itself by providing a cozy and international atmosphere at its Houston, Texas location, offering a distinctive coffee experience. The target demographic includes coffee enthusiasts and individuals seeking unique, high-quality coffee experiences from international sources.","food-beverage, lifestyle, food, beverages","true","8500%","22200","Exploding","constant","Non-seasonal","Average","Positive","growing","Past 5 years","https://signails.com/topics/qamaria-yemeni-coffee-9g4rQJxF","{""facebook"":747,""linkedin"":37,""twitter"":13,""pinterest"":74,""reddit"":77,""tiktok"":621,""youtube"":82}","2021-04-01: 0, 2021-05-01: 0, 2021-06-01: 0, 2021-07-01: 0, 2021-08-01: 2, 2021-09-01: 0, 2021-10-01: 0, 2021-11-01: 0, 2021-12-01: 0, 2022-01-01: 0, 2022-02-01: 0, 2022-03-01: 0, 2022-04-01: 0, 2022-05-01: 0, 2022-06-01: 0, 2022-07-01: 0, 2022-08-01: 1, 2022-09-01: 1, 2022-10-01: 1, 2022-11-01: 2, 2022-12-01: 2, 2023-01-01: 2, 2023-02-01: 7, 2023-03-01: 11, 2023-04-01: 15, 2023-05-01: 9, 2023-06-01: 10, 2023-07-01: 12, 2023-08-01: 10, 2023-09-01: 8, 2023-10-01: 10, 2023-11-01: 11, 2023-12-01: 13, 2024-01-01: 13, 2024-02-01: 13, 2024-03-01: 21, 2024-04-01: 20, 2024-05-01: 26, 2024-06-01: 21, 2024-07-01: 34, 2024-08-01: 36, 2024-09-01: 34, 2024-10-01: 32, 2024-11-01: 31, 2024-12-01: 39, 2025-01-01: 34, 2025-02-01: 50, 2025-03-01: 64, 2025-04-01: 63, 2025-05-01: 56, 2025-06-01: 49, 2025-07-01: 51, 2025-08-01: 56, 2025-09-01: 56, 2025-10-01: 56, 2025-11-01: 70, 2025-12-01: 76, 2026-01-01: 80, 2026-02-01: 96, 2026-03-01: 100, 2026-04-01: 86, 2026-03-29: 88, 2026-04-05: 87, 2026-04-12: 88"
"Psilocybin chocolate","Chocolate bars infused with the psychedelic compound psilocybin, often used for microdosing. These products have recently come under scrutiny due to severe illnesses linked to their consumption, particularly from brands like Diamond Shruumz, prompting an FDA investigation. Psilocybin chocolate is typically targeted at individuals seeking the psychoactive effects of psilocybin in a more palatable form, though it poses significant health risks.","health, food-beverage, industry, food, mental-health","false","300%","8100","Exploding","exponential","Seasonal","Low","Positive","stationary","Past 5 years","https://signails.com/topics/psilocybin-chocolate","{""facebook"":21,""linkedin"":1,""twitter"":0,""pinterest"":16,""reddit"":103,""tiktok"":1,""youtube"":15}","2021-04-01: 22, 2021-05-01: 21, 2021-06-01: 18, 2021-07-01: 21, 2021-08-01: 20, 2021-09-01: 23, 2021-10-01: 29, 2021-11-01: 27, 2021-12-01: 30, 2022-01-01: 34, 2022-02-01: 53, 2022-03-01: 37, 2022-04-01: 39, 2022-05-01: 32, 2022-06-01: 35, 2022-07-01: 47, 2022-08-01: 46, 2022-09-01: 44, 2022-10-01: 43, 2022-11-01: 42, 2022-12-01: 46, 2023-01-01: 54, 2023-02-01: 56, 2023-03-01: 50, 2023-04-01: 65, 2023-05-01: 52, 2023-06-01: 58, 2023-07-01: 63, 2023-08-01: 43, 2023-09-01: 39, 2023-10-01: 44, 2023-11-01: 50, 2023-12-01: 50, 2024-01-01: 54, 2024-02-01: 53, 2024-03-01: 55, 2024-04-01: 49, 2024-05-01: 58, 2024-06-01: 65, 2024-07-01: 52, 2024-08-01: 54, 2024-09-01: 52, 2024-10-01: 47, 2024-11-01: 46, 2024-12-01: 42, 2025-01-01: 43, 2025-02-01: 44, 2025-03-01: 38, 2025-04-01: 43, 2025-05-01: 46, 2025-06-01: 46, 2025-07-01: 58, 2025-08-01: 100, 2025-09-01: 87, 2025-10-01: 79, 2025-11-01: 72, 2025-12-01: 76, 2026-01-01: 71, 2026-02-01: 65, 2026-03-01: 79, 2026-04-01: 84, 2026-04-05: 52, 2026-04-12: 58"
"Rowhome coffee","Coffee shop located in Philadelphia, Pennsylvania, known for celebrating local comfort food and serving high-quality coffee from around the world. Rowhome Coffee differentiates itself by offering a unique blend of local cuisine and premium coffee, with two locations providing various service options including dine-in, takeout, and delivery. The target demographic includes coffee enthusiasts and locals seeking a blend of Philadelphia's culinary traditions and exceptional coffee experiences.","food-beverage, food, beverages","true","-32%","2900","Falling","exponential","Non-seasonal","Average","Positive","declining","Past 5 years","https://signails.com/topics/rowhome-coffee","{""facebook"":68,""linkedin"":1,""twitter"":1,""pinterest"":16,""reddit"":17,""tiktok"":15,""youtube"":16}","2021-04-01: 54, 2021-05-01: 44, 2021-06-01: 58, 2021-07-01: 43, 2021-08-01: 56, 2021-09-01: 45, 2021-10-01: 56, 2021-11-01: 29, 2021-12-01: 42, 2022-01-01: 36, 2022-02-01: 51, 2022-03-01: 62, 2022-04-01: 79, 2022-05-01: 55, 2022-06-01: 56, 2022-07-01: 44, 2022-08-01: 59, 2022-09-01: 64, 2022-10-01: 43, 2022-11-01: 67, 2022-12-01: 41, 2023-01-01: 43, 2023-02-01: 64, 2023-03-01: 42, 2023-04-01: 50, 2023-05-01: 48, 2023-06-01: 35, 2023-07-01: 30, 2023-08-01: 28, 2023-09-01: 39, 2023-10-01: 39, 2023-11-01: 31, 2023-12-01: 41, 2024-01-01: 39, 2024-02-01: 49, 2024-03-01: 23, 2024-04-01: 41, 2024-05-01: 40, 2024-06-01: 30, 2024-07-01: 24, 2024-08-01: 50, 2024-09-01: 31, 2024-10-01: 38, 2024-11-01: 33, 2024-12-01: 0, 2025-01-01: 20, 2025-02-01: 0, 2025-03-01: 30, 2025-04-01: 34, 2025-05-01: 42, 2025-06-01: 53, 2025-07-01: 48, 2025-08-01: 47, 2025-09-01: 63, 2025-10-01: 29, 2025-11-01: 53, 2025-12-01: 48, 2026-01-01: 35, 2026-02-01: 49, 2026-03-01: 40, 2026-04-01: 30, 2026-04-05: 54, 2026-04-12: 28"
"Wagyu beef tallow","Rendered fat from Wagyu cattle, known for its rich flavor and high smoke point, used in various culinary applications. Wagyu beef tallow is popular in paleo and keto diets due to its nutritional profile and versatility in cooking, offering a unique taste and texture compared to other animal fats. It primarily appeals to culinary enthusiasts, chefs, and individuals following specific dietary regimens seeking high-quality cooking fats.","food-beverage, cooking, food, diets","false","162%","9900","Exploding","exponential","Non-seasonal","Average","Positive","growing","Past 5 years","https://signails.com/topics/wagyu-beef-tallow","{""facebook"":968,""linkedin"":14,""twitter"":14,""pinterest"":135,""reddit"":77,""tiktok"":209,""youtube"":115}","2021-04-01: 8, 2021-05-01: 26, 2021-06-01: 66, 2021-07-01: 22, 2021-08-01: 15, 2021-09-01: 18, 2021-10-01: 31, 2021-11-01: 26, 2021-12-01: 24, 2022-01-01: 36, 2022-02-01: 23, 2022-03-01: 25, 2022-04-01: 25, 2022-05-01: 33, 2022-06-01: 38, 2022-07-01: 36, 2022-08-01: 64, 2022-09-01: 64, 2022-10-01: 90, 2022-11-01: 83, 2022-12-01: 100, 2023-01-01: 77, 2023-02-01: 57, 2023-03-01: 40, 2023-04-01: 38, 2023-05-01: 37, 2023-06-01: 43, 2023-07-01: 58, 2023-08-01: 38, 2023-09-01: 34, 2023-10-01: 27, 2023-11-01: 36, 2023-12-01: 60, 2024-01-01: 35, 2024-02-01: 31, 2024-03-01: 40, 2024-04-01: 30, 2024-05-01: 35, 2024-06-01: 40, 2024-07-01: 46, 2024-08-01: 43, 2024-09-01: 49, 2024-10-01: 41, 2024-11-01: 44, 2024-12-01: 69, 2025-01-01: 53, 2025-02-01: 47, 2025-03-01: 56, 2025-04-01: 47, 2025-05-01: 43, 2025-06-01: 48, 2025-07-01: 47, 2025-08-01: 57, 2025-09-01: 37, 2025-10-01: 48, 2025-11-01: 44, 2025-12-01: 51, 2026-01-01: 46, 2026-02-01: 40, 2026-03-01: 42, 2026-04-01: 68, 2026-04-05: 61, 2026-04-12: 59"
"Plant-based meat","Food product made from plant ingredients designed to replicate the taste, texture, and nutritional profile of animal-based meat. Plant-based meat offers a more sustainable and environmentally friendly alternative to traditional meat by reducing the need for animal farming and associated environmental impacts. It is primarily targeted at vegetarians, vegans, and environmentally conscious consumers seeking meat alternatives.","health, food-beverage, nutrition, diets, food","false","369%","18100","Exploding","exponential","Seasonal","Low","Positive","declining","Past 5 years","https://signails.com/topics/plant-based-meat-1","{""facebook"":4720,""linkedin"":2680,""twitter"":250,""pinterest"":1750,""reddit"":818,""tiktok"":385,""youtube"":1560}","2021-04-01: 18, 2021-05-01: 16, 2021-06-01: 14, 2021-07-01: 14, 2021-08-01: 13, 2021-09-01: 17, 2021-10-01: 17, 2021-11-01: 19, 2021-12-01: 15, 2022-01-01: 27, 2022-02-01: 28, 2022-03-01: 26, 2022-04-01: 28, 2022-05-01: 24, 2022-06-01: 23, 2022-07-01: 22, 2022-08-01: 23, 2022-09-01: 23, 2022-10-01: 27, 2022-11-01: 19, 2022-12-01: 18, 2023-01-01: 23, 2023-02-01: 22, 2023-03-01: 21, 2023-04-01: 23, 2023-05-01: 21, 2023-06-01: 15, 2023-07-01: 15, 2023-08-01: 17, 2023-09-01: 18, 2023-10-01: 21, 2023-11-01: 22, 2023-12-01: 17, 2024-01-01: 22, 2024-02-01: 23, 2024-03-01: 22, 2024-04-01: 24, 2024-05-01: 18, 2024-06-01: 17, 2024-07-01: 16, 2024-08-01: 17, 2024-09-01: 22, 2024-10-01: 20, 2024-11-01: 25, 2024-12-01: 19, 2025-01-01: 19, 2025-02-01: 23, 2025-03-01: 26, 2025-04-01: 24, 2025-05-01: 20, 2025-06-01: 23, 2025-07-01: 26, 2025-08-01: 99, 2025-09-01: 85, 2025-10-01: 99, 2025-11-01: 97, 2025-12-01: 86, 2026-01-01: 78, 2026-02-01: 100, 2026-03-01: 93, 2026-04-01: 75, 2026-04-05: 52, 2026-04-12: 50"
"Insectdog","Dog food that uses insect protein as a primary ingredient, designed to be easily digestible and to nourish the skin, fur, gut flora, and immune system of dogs. Insectdog differentiates itself by offering a sustainable and hypoallergenic alternative to traditional meat-based dog foods, which can be beneficial for dogs with food sensitivities or allergies. This product is primarily targeted at environmentally conscious pet owners and those seeking healthier, allergy-friendly options for their dogs.","cpg, food, pets, industry","false","300%","4400","Exploding","exponential","Non-seasonal","Average","Positive","declining","Past 5 years","https://signails.com/topics/insectdog","{""facebook"":134,""linkedin"":1,""twitter"":1,""pinterest"":14,""reddit"":0,""tiktok"":1,""youtube"":17}","2021-04-01: 12, 2021-05-01: 16, 2021-06-01: 13, 2021-07-01: 12, 2021-08-01: 8, 2021-09-01: 10, 2021-10-01: 18, 2021-11-01: 12, 2021-12-01: 15, 2022-01-01: 21, 2022-02-01: 17, 2022-03-01: 14, 2022-04-01: 16, 2022-05-01: 16, 2022-06-01: 13, 2022-07-01: 9, 2022-08-01: 12, 2022-09-01: 16, 2022-10-01: 13, 2022-11-01: 20, 2022-12-01: 14, 2023-01-01: 18, 2023-02-01: 15, 2023-03-01: 14, 2023-04-01: 14, 2023-05-01: 14, 2023-06-01: 16, 2023-07-01: 16, 2023-08-01: 13, 2023-09-01: 23, 2023-10-01: 17, 2023-11-01: 14, 2023-12-01: 15, 2024-01-01: 13, 2024-02-01: 13, 2024-03-01: 15, 2024-04-01: 11, 2024-05-01: 9, 2024-06-01: 16, 2024-07-01: 14, 2024-08-01: 12, 2024-09-01: 13, 2024-10-01: 12, 2024-11-01: 13, 2024-12-01: 12, 2025-01-01: 8, 2025-02-01: 13, 2025-03-01: 13, 2025-04-01: 7, 2025-05-01: 11, 2025-06-01: 13, 2025-07-01: 20, 2025-08-01: 41, 2025-09-01: 30, 2025-10-01: 28, 2025-11-01: 45, 2025-12-01: 11, 2026-01-01: 14, 2026-02-01: 16, 2026-03-01: 100, 2026-04-01: 64, 2026-04-05: 96, 2026-04-12: 100"
"Psilocybin edibles","Psilocybin edibles are food products infused with psilocybin, a psychoactive compound found in certain mushrooms, commonly known as 'magic mushrooms.' These edibles, which can take the form of chocolates, gummies, and other confectioneries, are used to induce altered states of consciousness, euphoria, and hallucinations. They are primarily targeted at individuals seeking recreational experiences or exploring potential therapeutic benefits for conditions like depression and anxiety.","health, food-beverage, mental-health, food","false","20%","880","Exploding","exponential","Non-seasonal","Average","Neutral","growing","Past 5 years","https://signails.com/topics/psilocybin-edibles","{""facebook"":23,""linkedin"":14,""twitter"":0,""pinterest"":0,""reddit"":23,""tiktok"":0,""youtube"":0}","2021-04-01: 25, 2021-05-01: 45, 2021-06-01: 24, 2021-07-01: 24, 2021-08-01: 28, 2021-09-01: 32, 2021-10-01: 0, 2021-11-01: 0, 2021-12-01: 26, 2022-01-01: 32, 2022-02-01: 29, 2022-03-01: 30, 2022-04-01: 17, 2022-05-01: 27, 2022-06-01: 37, 2022-07-01: 39, 2022-08-01: 47, 2022-09-01: 24, 2022-10-01: 0, 2022-11-01: 40, 2022-12-01: 41, 2023-01-01: 37, 2023-02-01: 37, 2023-03-01: 23, 2023-04-01: 43, 2023-05-01: 25, 2023-06-01: 38, 2023-07-01: 43, 2023-08-01: 28, 2023-09-01: 28, 2023-10-01: 37, 2023-11-01: 43, 2023-12-01: 37, 2024-01-01: 35, 2024-02-01: 48, 2024-03-01: 46, 2024-04-01: 28, 2024-05-01: 48, 2024-06-01: 45, 2024-07-01: 56, 2024-08-01: 39, 2024-09-01: 43, 2024-10-01: 32, 2024-11-01: 37, 2024-12-01: 50, 2025-01-01: 41, 2025-02-01: 38, 2025-03-01: 34, 2025-04-01: 51, 2025-05-01: 49, 2025-06-01: 46, 2025-07-01: 0, 2025-08-01: 80, 2025-09-01: 62, 2025-10-01: 38, 2025-11-01: 51, 2025-12-01: 100, 2026-01-01: 80, 2026-02-01: 60, 2026-03-01: 53, 2026-04-01: 54, 2026-04-05: 8, 2026-04-12: 8"
"Einspanner ","A traditional Viennese coffee beverage consisting of a hot espresso topped with cool whipped cream. This combination creates a rich and creamy texture, offering a unique contrast between the hot coffee and the cold cream, making it a distinctive choice among coffee drinks. The Einspanner is particularly popular among coffee enthusiasts who appreciate classic European coffee traditions and enjoy a luxurious coffee experience.","beverages, food-beverage, food","false","1186%","40500","Exploding","constant","Seasonal","Low","Positive","growing","Past 5 years","https://signails.com/topics/einspanner","{""facebook"":2610,""linkedin"":16,""twitter"":18,""pinterest"":627,""reddit"":276,""tiktok"":1820,""youtube"":784}","2021-04-01: 7, 2021-05-01: 7, 2021-06-01: 6, 2021-07-01: 11, 2021-08-01: 14, 2021-09-01: 8, 2021-10-01: 8, 2021-11-01: 9, 2021-12-01: 10, 2022-01-01: 15, 2022-02-01: 12, 2022-03-01: 13, 2022-04-01: 14, 2022-05-01: 14, 2022-06-01: 14, 2022-07-01: 19, 2022-08-01: 26, 2022-09-01: 17, 2022-10-01: 20, 2022-11-01: 15, 2022-12-01: 18, 2023-01-01: 18, 2023-02-01: 18, 2023-03-01: 24, 2023-04-01: 24, 2023-05-01: 18, 2023-06-01: 23, 2023-07-01: 26, 2023-08-01: 30, 2023-09-01: 28, 2023-10-01: 25, 2023-11-01: 23, 2023-12-01: 30, 2024-01-01: 31, 2024-02-01: 34, 2024-03-01: 36, 2024-04-01: 43, 2024-05-01: 40, 2024-06-01: 42, 2024-07-01: 46, 2024-08-01: 47, 2024-09-01: 44, 2024-10-01: 45, 2024-11-01: 42, 2024-12-01: 44, 2025-01-01: 56, 2025-02-01: 58, 2025-03-01: 67, 2025-04-01: 76, 2025-05-01: 83, 2025-06-01: 78, 2025-07-01: 81, 2025-08-01: 100, 2025-09-01: 92, 2025-10-01: 85, 2025-11-01: 78, 2025-12-01: 71, 2026-01-01: 83, 2026-02-01: 78, 2026-03-01: 90, 2026-04-05: 85, 2026-04-12: 87"
"Strawberry matcha","This is a combination of matcha green tea and strawberry flavor, often used in beverages and desserts for its distinctive taste and potential health benefits. The blend offers a unique flavor profile that combines the earthy notes of matcha with the sweet and fruity essence of strawberries, appealing to those seeking a refreshing and nutritious option. Strawberry matcha is particularly popular among health-conscious individuals and tea enthusiasts looking for innovative and flavorful drink options.","health, food-beverage, lifestyle, beverages, food, nutrition","false","1600%","40500","Exploding","constant","Non-seasonal","Average","Positive","growing","Past 5 years","https://signails.com/topics/strawberry-matcha-xcSg7Auu","{""facebook"":37900,""linkedin"":95,""twitter"":292,""pinterest"":29400,""reddit"":962,""tiktok"":32200,""youtube"":7170}","2021-04-01: 5, 2021-05-01: 5, 2021-06-01: 4, 2021-07-01: 4, 2021-08-01: 4, 2021-09-01: 3, 2021-10-01: 3, 2021-11-01: 3, 2021-12-01: 3, 2022-01-01: 5, 2022-02-01: 5, 2022-03-01: 7, 2022-04-01: 9, 2022-05-01: 7, 2022-06-01: 7, 2022-07-01: 7, 2022-08-01: 7, 2022-09-01: 5, 2022-10-01: 5, 2022-11-01: 4, 2022-12-01: 5, 2023-01-01: 6, 2023-02-01: 9, 2023-03-01: 18, 2023-04-01: 15, 2023-05-01: 12, 2023-06-01: 12, 2023-07-01: 11, 2023-08-01: 12, 2023-09-01: 10, 2023-10-01: 8, 2023-11-01: 8, 2023-12-01: 8, 2024-01-01: 9, 2024-02-01: 14, 2024-03-01: 22, 2024-04-01: 25, 2024-05-01: 26, 2024-06-01: 30, 2024-07-01: 28, 2024-08-01: 35, 2024-09-01: 36, 2024-10-01: 29, 2024-11-01: 27, 2024-12-01: 24, 2025-01-01: 33, 2025-02-01: 46, 2025-03-01: 54, 2025-04-01: 76, 2025-05-01: 96, 2025-06-01: 81, 2025-07-01: 98, 2025-08-01: 100, 2025-09-01: 61, 2025-10-01: 53, 2025-11-01: 53, 2025-12-01: 48, 2026-01-01: 67, 2026-02-01: 85, 2026-03-01: 85, 2026-04-05: 93, 2026-04-12: 95"
"Sanzo water","Sparkling water brand inspired by Asian flavors, using real fruit and containing no added sugars. Sanzo offers unique flavors like calamansi, a citrus fruit native to the Philippines, providing a refreshing and authentic taste. It is targeted at health-conscious consumers seeking a natural and flavorful alternative to traditional seltzers and sparkling waters.","food-beverage, beverages, food, cpg","true","109.00000000000001%","170","Exploding","exponential","Seasonal","Average","Positive","stationary","Past 5 years","https://signails.com/topics/sanzo-water","{""facebook"":0,""linkedin"":0,""twitter"":0,""pinterest"":14,""reddit"":0,""tiktok"":1,""youtube"":1}","2021-04-01: 40, 2021-05-01: 34, 2021-06-01: 23, 2021-07-01: 24, 2021-08-01: 39, 2021-09-01: 28, 2021-10-01: 16, 2021-11-01: 22, 2021-12-01: 0, 2022-01-01: 30, 2022-02-01: 39, 2022-03-01: 43, 2022-04-01: 48, 2022-05-01: 46, 2022-06-01: 87, 2022-07-01: 72, 2022-08-01: 42, 2022-09-01: 27, 2022-10-01: 46, 2022-11-01: 39, 2022-12-01: 39, 2023-01-01: 36, 2023-02-01: 42, 2023-03-01: 53, 2023-04-01: 43, 2023-05-01: 48, 2023-06-01: 61, 2023-07-01: 57, 2023-08-01: 51, 2023-09-01: 44, 2023-10-01: 43, 2023-11-01: 33, 2023-12-01: 27, 2024-01-01: 49, 2024-02-01: 39, 2024-03-01: 45, 2024-04-01: 57, 2024-05-01: 56, 2024-06-01: 100, 2024-07-01: 60, 2024-08-01: 59, 2024-09-01: 48, 2024-10-01: 38, 2024-11-01: 22, 2024-12-01: 40, 2025-01-01: 50, 2025-02-01: 52, 2025-03-01: 44, 2025-04-01: 52, 2025-05-01: 50, 2025-06-01: 67, 2025-07-01: 55, 2025-08-01: 69, 2025-09-01: 56, 2025-10-01: 59, 2025-11-01: 55, 2025-12-01: 53, 2026-01-01: 56, 2026-02-01: 62, 2026-03-01: 78, 2026-04-01: 71, 2026-04-05: 48, 2026-04-12: 37"
"Tandoori Mayonnaise","A condiment that combines the rich, smoky flavors of tandoori spices with the creamy texture of mayonnaise. This fusion provides a unique and flavorful twist to various dishes such as sandwiches, burgers, and wraps, enhancing their taste with a blend of Indian and Western culinary elements. Tandoori mayonnaise is particularly popular among food enthusiasts who enjoy experimenting with fusion cuisine and adding bold flavors to their meals.","food-beverage, cooking, food, cpg","false","-27%","18100","Falling","exponential","Seasonal","Low","Negative","growing","Past 5 years","https://signails.com/topics/tandoori-mayonnaise","{""facebook"":199,""linkedin"":15,""twitter"":0,""pinterest"":91,""reddit"":1,""tiktok"":16,""youtube"":498}","2021-04-01: 58, 2021-05-01: 90, 2021-06-01: 77, 2021-07-01: 68, 2021-08-01: 68, 2021-09-01: 61, 2021-10-01: 50, 2021-11-01: 43, 2021-12-01: 52, 2022-01-01: 78, 2022-02-01: 66, 2022-03-01: 67, 2022-04-01: 61, 2022-05-01: 73, 2022-06-01: 86, 2022-07-01: 89, 2022-08-01: 80, 2022-09-01: 85, 2022-10-01: 68, 2022-11-01: 75, 2022-12-01: 67, 2023-01-01: 85, 2023-02-01: 85, 2023-03-01: 99, 2023-04-01: 81, 2023-05-01: 79, 2023-06-01: 89, 2023-07-01: 100, 2023-08-01: 79, 2023-09-01: 87, 2023-10-01: 76, 2023-11-01: 72, 2023-12-01: 86, 2024-01-01: 71, 2024-02-01: 63, 2024-03-01: 75, 2024-04-01: 66, 2024-05-01: 63, 2024-06-01: 70, 2024-07-01: 67, 2024-08-01: 66, 2024-09-01: 56, 2024-10-01: 48, 2024-11-01: 55, 2024-12-01: 53, 2025-01-01: 48, 2025-02-01: 65, 2025-03-01: 62, 2025-04-01: 50, 2025-05-01: 52, 2025-06-01: 61, 2025-07-01: 73, 2025-08-01: 62, 2025-09-01: 59, 2025-10-01: 64, 2025-11-01: 59, 2025-12-01: 79, 2026-01-01: 64, 2026-02-01: 69, 2026-03-01: 73, 2026-04-01: 66, 2026-03-29: 55, 2026-04-05: 52, 2026-04-12: 50"
"MJ and Hungryman ","A website run by Min (MJ) Kwon, a Registered Dietitian Nutritionist, recipe developer, and baby-led feeding expert. It offers healthy and delicious baby and kid-friendly snack recipes that are veggie-forward and without added sugar, differentiating itself by focusing on nutritious, child-friendly meals. The primary audience includes parents and caregivers seeking nutritious and easy-to-prepare snacks for their children.","food-beverage, cooking, food","false","82%","1900","Exploding","constant","Seasonal","Average","Positive","stationary","Past 5 years","https://signails.com/topics/mj-and-hungryman","{""facebook"":90,""linkedin"":0,""twitter"":0,""pinterest"":1520,""reddit"":1,""tiktok"":1,""youtube"":0}","2021-04-01: 43, 2021-05-01: 28, 2021-06-01: 0, 2021-07-01: 33, 2021-08-01: 25, 2021-09-01: 28, 2021-10-01: 0, 2021-11-01: 23, 2021-12-01: 37, 2022-01-01: 61, 2022-02-01: 48, 2022-03-01: 24, 2022-04-01: 33, 2022-05-01: 36, 2022-06-01: 36, 2022-07-01: 50, 2022-08-01: 55, 2022-09-01: 57, 2022-10-01: 41, 2022-11-01: 59, 2022-12-01: 31, 2023-01-01: 66, 2023-02-01: 75, 2023-03-01: 94, 2023-04-01: 84, 2023-05-01: 69, 2023-06-01: 72, 2023-07-01: 72, 2023-08-01: 67, 2023-09-01: 68, 2023-10-01: 77, 2023-11-01: 69, 2023-12-01: 40, 2024-01-01: 63, 2024-02-01: 83, 2024-03-01: 76, 2024-04-01: 75, 2024-05-01: 65, 2024-06-01: 54, 2024-07-01: 80, 2024-08-01: 77, 2024-09-01: 91, 2024-10-01: 68, 2024-11-01: 64, 2024-12-01: 50, 2025-01-01: 67, 2025-02-01: 61, 2025-03-01: 70, 2025-04-01: 55, 2025-05-01: 46, 2025-06-01: 64, 2025-07-01: 58, 2025-08-01: 78, 2025-09-01: 100, 2025-10-01: 61, 2025-11-01: 68, 2025-12-01: 59, 2026-01-01: 53, 2026-02-01: 62, 2026-03-01: 43, 2026-04-01: 51, 2026-03-29: 54, 2026-04-05: 26, 2026-04-12: 14"
"Strawberry matcha latte","This beverage is a twist on the classic matcha latte, incorporating matcha green tea with milk and a strawberry flavor, often achieved by using iced matcha oat milk latte topped with blended strawberry sweet cream. The combination of earthy matcha and sweet strawberry creates a unique flavor profile that differentiates it from other flavored lattes. It is particularly appealing to those who enjoy innovative and refreshing tea-based drinks with a fruity twist.","health, food-beverage, lifestyle, beverages, food, nutrition","false","1017%","14800","Exploding","constant","Non-seasonal","Low","Positive","declining","Past 5 years","https://signails.com/topics/strawberry-matcha-latte-xzzicK3x","{""facebook"":7440,""linkedin"":16,""twitter"":122,""pinterest"":7920,""reddit"":300,""tiktok"":5220,""youtube"":2120}","2021-04-01: 6, 2021-05-01: 7, 2021-06-01: 6, 2021-07-01: 5, 2021-08-01: 6, 2021-09-01: 4, 2021-10-01: 5, 2021-11-01: 4, 2021-12-01: 4, 2022-01-01: 6, 2022-02-01: 6, 2022-03-01: 12, 2022-04-01: 15, 2022-05-01: 11, 2022-06-01: 11, 2022-07-01: 12, 2022-08-01: 13, 2022-09-01: 7, 2022-10-01: 6, 2022-11-01: 5, 2022-12-01: 7, 2023-01-01: 8, 2023-02-01: 13, 2023-03-01: 31, 2023-04-01: 23, 2023-05-01: 19, 2023-06-01: 17, 2023-07-01: 15, 2023-08-01: 16, 2023-09-01: 14, 2023-10-01: 12, 2023-11-01: 8, 2023-12-01: 9, 2024-01-01: 12, 2024-02-01: 18, 2024-03-01: 35, 2024-04-01: 42, 2024-05-01: 37, 2024-06-01: 38, 2024-07-01: 34, 2024-08-01: 37, 2024-09-01: 35, 2024-10-01: 30, 2024-11-01: 23, 2024-12-01: 20, 2025-01-01: 35, 2025-02-01: 47, 2025-03-01: 68, 2025-04-01: 82, 2025-05-01: 93, 2025-06-01: 88, 2025-07-01: 93, 2025-08-01: 100, 2025-09-01: 72, 2025-10-01: 48, 2025-11-01: 50, 2025-12-01: 45, 2026-01-01: 51, 2026-02-01: 60, 2026-03-01: 67, 2026-04-05: 67, 2026-04-12: 72"
"Portable coffee grinder","A compact device designed to grind coffee beans on the go, available in both manual and electric versions. Portable coffee grinders feature blade or burr grinding mechanisms and vary in capacity and price, with manual grinders being more affordable and quieter, while electric grinders offer convenience and speed. These grinders are ideal for coffee enthusiasts who travel frequently or have limited kitchen space.","home, food-beverage, ecommerce, kitchen, food, beverages","false","1329%","2400","Exploding","exponential","Non-seasonal","Low","Positive","growing","Past 5 years","https://signails.com/topics/portable-coffee-grinder","{""facebook"":412,""linkedin"":1,""twitter"":0,""pinterest"":444,""reddit"":15,""tiktok"":113,""youtube"":423}","2021-04-01: 6, 2021-05-01: 7, 2021-06-01: 6, 2021-07-01: 6, 2021-08-01: 8, 2021-09-01: 5, 2021-10-01: 8, 2021-11-01: 8, 2021-12-01: 9, 2022-01-01: 9, 2022-02-01: 6, 2022-03-01: 7, 2022-04-01: 7, 2022-05-01: 6, 2022-06-01: 6, 2022-07-01: 9, 2022-08-01: 8, 2022-09-01: 7, 2022-10-01: 7, 2022-11-01: 9, 2022-12-01: 10, 2023-01-01: 8, 2023-02-01: 6, 2023-03-01: 7, 2023-04-01: 9, 2023-05-01: 8, 2023-06-01: 9, 2023-07-01: 8, 2023-08-01: 9, 2023-09-01: 7, 2023-10-01: 7, 2023-11-01: 10, 2023-12-01: 12, 2024-01-01: 12, 2024-02-01: 9, 2024-03-01: 9, 2024-04-01: 8, 2024-05-01: 9, 2024-06-01: 9, 2024-07-01: 10, 2024-08-01: 9, 2024-09-01: 8, 2024-10-01: 9, 2024-11-01: 15, 2024-12-01: 16, 2025-01-01: 12, 2025-02-01: 10, 2025-03-01: 11, 2025-04-01: 10, 2025-05-01: 12, 2025-06-01: 12, 2025-07-01: 14, 2025-08-01: 36, 2025-09-01: 32, 2025-10-01: 27, 2025-11-01: 88, 2025-12-01: 33, 2026-01-01: 25, 2026-02-01: 70, 2026-03-01: 52, 2026-04-01: 100, 2026-03-29: 22, 2026-04-05: 26, 2026-04-12: 33"
"Whipped beef tallow","Whipped beef tallow is a culinary product made by rendering and whipping beef fat until it reaches a smooth, airy consistency. It is often used as a flavorful alternative to butter or oils in cooking, offering a rich, beefy taste and a spreadable texture ideal for enhancing dishes or as a standalone spread. Whipped beef tallow is commonly sought after by home chefs, food enthusiasts, and those who follow keto, paleo, or carnivore diets due to its high fat content and natural, additive-free composition.","cooking, food, grocery, food-beverage","undefined","6500%","4400","Exploding","constant","Non-seasonal","Low","Negative","growing","Past 5 years","https://signails.com/topics/whipped-beef-tallow","{""facebook"":2440,""linkedin"":1,""twitter"":1,""pinterest"":560,""reddit"":9,""tiktok"":1200,""youtube"":213}","2021-04-01: 0, 2021-05-01: 0, 2021-06-01: 0, 2021-07-01: 0, 2021-08-01: 0, 2021-09-01: 0, 2021-10-01: 0, 2021-11-01: 0, 2021-12-01: 0, 2022-01-01: 0, 2022-02-01: 0, 2022-03-01: 0, 2022-04-01: 0, 2022-05-01: 0, 2022-06-01: 0, 2022-07-01: 0, 2022-08-01: 0, 2022-09-01: 0, 2022-10-01: 0, 2022-11-01: 0, 2022-12-01: 4, 2023-01-01: 0, 2023-02-01: 5, 2023-03-01: 0, 2023-04-01: 0, 2023-05-01: 0, 2023-06-01: 0, 2023-07-01: 0, 2023-08-01: 0, 2023-09-01: 4, 2023-10-01: 0, 2023-11-01: 5, 2023-12-01: 9, 2024-01-01: 13, 2024-02-01: 15, 2024-03-01: 17, 2024-04-01: 13, 2024-05-01: 14, 2024-06-01: 14, 2024-07-01: 20, 2024-08-01: 31, 2024-09-01: 41, 2024-10-01: 38, 2024-11-01: 54, 2024-12-01: 76, 2025-01-01: 100, 2025-02-01: 85, 2025-03-01: 73, 2025-04-01: 58, 2025-05-01: 55, 2025-06-01: 47, 2025-07-01: 57, 2025-08-01: 57, 2025-09-01: 62, 2025-10-01: 61, 2025-11-01: 56, 2025-12-01: 67, 2026-01-01: 58, 2026-02-01: 80, 2026-03-01: 66, 2026-03-29: 51, 2026-04-05: 54, 2026-04-12: 55"
"Ceramic Air Fryer","A kitchen appliance designed to cook food by circulating hot air around it, using a ceramic cooking surface to enhance the crispiness and flavor of the food. Ceramic air fryers are valued for their ability to produce healthier meals with less oil compared to traditional frying methods, and they often come with features that make them easy to use and clean. These appliances are particularly appealing to health-conscious individuals and families looking for convenient and efficient cooking solutions.","product, cooking, food, food-beverage, home","undefined","1932.9999999999998%","8100","Exploding","exponential","Non-seasonal","Low","Positive","growing","Past 5 years","https://signails.com/topics/ceramic-air-fryer","{""facebook"":314,""linkedin"":0,""twitter"":2,""pinterest"":121,""reddit"":10,""tiktok"":77,""youtube"":93}","2021-04-01: 3, 2021-05-01: 3, 2021-06-01: 3, 2021-07-01: 3, 2021-08-01: 3, 2021-09-01: 3, 2021-10-01: 2, 2021-11-01: 6, 2021-12-01: 5, 2022-01-01: 5, 2022-02-01: 4, 2022-03-01: 4, 2022-04-01: 5, 2022-05-01: 4, 2022-06-01: 5, 2022-07-01: 6, 2022-08-01: 5, 2022-09-01: 6, 2022-10-01: 7, 2022-11-01: 9, 2022-12-01: 9, 2023-01-01: 8, 2023-02-01: 8, 2023-03-01: 7, 2023-04-01: 8, 2023-05-01: 7, 2023-06-01: 7, 2023-07-01: 8, 2023-08-01: 9, 2023-09-01: 9, 2023-10-01: 9, 2023-11-01: 13, 2023-12-01: 13, 2024-01-01: 13, 2024-02-01: 10, 2024-03-01: 11, 2024-04-01: 10, 2024-05-01: 10, 2024-06-01: 11, 2024-07-01: 12, 2024-08-01: 12, 2024-09-01: 12, 2024-10-01: 13, 2024-11-01: 20, 2024-12-01: 20, 2025-01-01: 18, 2025-02-01: 16, 2025-03-01: 15, 2025-04-01: 13, 2025-05-01: 13, 2025-06-01: 14, 2025-07-01: 18, 2025-08-01: 35, 2025-09-01: 36, 2025-10-01: 34, 2025-11-01: 48, 2025-12-01: 40, 2026-01-01: 58, 2026-02-01: 39, 2026-03-01: 61, 2026-04-05: 85, 2026-04-12: 85"
"Grass fed beef liver","The liver from cattle raised primarily on a grass diet, as opposed to grain. Grass-fed beef liver is often considered more nutritious, offering higher levels of vitamins A, B12, and D, as well as minerals like iron and zinc, and healthy fats including omega-3 fatty acids. It is particularly beneficial for health-conscious consumers seeking nutrient-dense organ meats with potential environmental benefits due to more sustainable farming practices.","health, food-beverage, industry, supplements, nutrition, food","false","614%","6600","Exploding","exponential","Seasonal","Low","Positive","declining","Past 5 years","https://signails.com/topics/grass-fed-beef-liver","{""facebook"":447,""linkedin"":14,""twitter"":14,""pinterest"":223,""reddit"":46,""tiktok"":440,""youtube"":108}","2021-04-01: 14, 2021-05-01: 14, 2021-06-01: 15, 2021-07-01: 13, 2021-08-01: 16, 2021-09-01: 15, 2021-10-01: 32, 2021-11-01: 21, 2021-12-01: 27, 2022-01-01: 28, 2022-02-01: 30, 2022-03-01: 31, 2022-04-01: 27, 2022-05-01: 27, 2022-06-01: 23, 2022-07-01: 28, 2022-08-01: 24, 2022-09-01: 27, 2022-10-01: 27, 2022-11-01: 22, 2022-12-01: 25, 2023-01-01: 28, 2023-02-01: 27, 2023-03-01: 27, 2023-04-01: 24, 2023-05-01: 24, 2023-06-01: 23, 2023-07-01: 25, 2023-08-01: 27, 2023-09-01: 23, 2023-10-01: 20, 2023-11-01: 23, 2023-12-01: 30, 2024-01-01: 35, 2024-02-01: 32, 2024-03-01: 30, 2024-04-01: 33, 2024-05-01: 34, 2024-06-01: 34, 2024-07-01: 34, 2024-08-01: 32, 2024-09-01: 37, 2024-10-01: 33, 2024-11-01: 40, 2024-12-01: 43, 2025-01-01: 57, 2025-02-01: 49, 2025-03-01: 51, 2025-04-01: 52, 2025-05-01: 63, 2025-06-01: 51, 2025-07-01: 58, 2025-08-01: 68, 2025-09-01: 66, 2025-10-01: 53, 2025-11-01: 55, 2025-12-01: 53, 2026-01-01: 51, 2026-02-01: 52, 2026-03-01: 71, 2026-04-01: 100, 2026-04-05: 89, 2026-04-12: 93"
"Pink matcha","Vibrant powder known for its pink color, derived from ingredients like beetroot, rose petals, strawberries, or dried dragon fruit. Unlike traditional green matcha, it is not made from tea leaves but from these colorful and flavorful components, offering a unique taste and aesthetic appeal. Pink matcha is popular among health-conscious individuals and those seeking visually appealing and flavorful alternatives to traditional matcha.","food-beverage, food, beverages, cooking","false","673%","6600","Exploding","exponential","Seasonal","Low","Neutral","growing","Past 5 years","https://signails.com/topics/pink-matcha","{""facebook"":1840,""linkedin"":15,""twitter"":17,""pinterest"":2660,""reddit"":33,""tiktok"":1060,""youtube"":448}","2021-04-01: 12, 2021-05-01: 11, 2021-06-01: 10, 2021-07-01: 8, 2021-08-01: 8, 2021-09-01: 9, 2021-10-01: 6, 2021-11-01: 6, 2021-12-01: 9, 2022-01-01: 11, 2022-02-01: 11, 2022-03-01: 13, 2022-04-01: 13, 2022-05-01: 12, 2022-06-01: 13, 2022-07-01: 14, 2022-08-01: 12, 2022-09-01: 10, 2022-10-01: 9, 2022-11-01: 10, 2022-12-01: 8, 2023-01-01: 13, 2023-02-01: 14, 2023-03-01: 19, 2023-04-01: 21, 2023-05-01: 17, 2023-06-01: 17, 2023-07-01: 17, 2023-08-01: 19, 2023-09-01: 18, 2023-10-01: 16, 2023-11-01: 14, 2023-12-01: 16, 2024-01-01: 17, 2024-02-01: 19, 2024-03-01: 20, 2024-04-01: 20, 2024-05-01: 20, 2024-06-01: 22, 2024-07-01: 23, 2024-08-01: 20, 2024-09-01: 21, 2024-10-01: 24, 2024-11-01: 27, 2024-12-01: 24, 2025-01-01: 31, 2025-02-01: 34, 2025-03-01: 51, 2025-04-01: 47, 2025-05-01: 50, 2025-06-01: 41, 2025-07-01: 51, 2025-08-01: 68, 2025-09-01: 58, 2025-10-01: 47, 2025-11-01: 54, 2025-12-01: 51, 2026-01-01: 56, 2026-02-01: 100, 2026-03-01: 69, 2026-04-01: 85, 2026-04-05: 77, 2026-04-12: 78"
"Smart Pizza Oven","A smart pizza oven is an advanced cooking appliance equipped with digital controls, sensors, and connectivity features that allow for precise temperature regulation and remote operation via mobile apps. It often includes preset cooking modes, real-time monitoring, and automated features to ensure consistent, high-quality pizza preparation with minimal user intervention. Smart pizza ovens are primarily targeted at home cooks and pizza enthusiasts seeking convenience, precision, and enhanced culinary performance in their cooking appliances.","food, cooking, food-beverage, home, kitchen","undefined","567%","210","Exploding","exponential","Seasonal","Average","Positive","growing","Past 5 years","https://signails.com/topics/smart-pizza-oven","{""facebook"":48,""linkedin"":5,""twitter"":4,""pinterest"":6,""reddit"":2,""tiktok"":3,""youtube"":54}","2021-04-01: 20, 2021-05-01: 15, 2021-06-01: 15, 2021-07-01: 13, 2021-08-01: 12, 2021-09-01: 9, 2021-10-01: 7, 2021-11-01: 12, 2021-12-01: 14, 2022-01-01: 13, 2022-02-01: 14, 2022-03-01: 15, 2022-04-01: 15, 2022-05-01: 14, 2022-06-01: 14, 2022-07-01: 13, 2022-08-01: 11, 2022-09-01: 13, 2022-10-01: 13, 2022-11-01: 17, 2022-12-01: 17, 2023-01-01: 16, 2023-02-01: 13, 2023-03-01: 16, 2023-04-01: 16, 2023-05-01: 14, 2023-06-01: 15, 2023-07-01: 15, 2023-08-01: 13, 2023-09-01: 12, 2023-10-01: 12, 2023-11-01: 21, 2023-12-01: 18, 2024-01-01: 12, 2024-02-01: 12, 2024-03-01: 16, 2024-04-01: 13, 2024-05-01: 15, 2024-06-01: 12, 2024-07-01: 13, 2024-08-01: 16, 2024-09-01: 12, 2024-10-01: 15, 2024-11-01: 18, 2024-12-01: 20, 2025-01-01: 16, 2025-02-01: 13, 2025-03-01: 14, 2025-04-01: 18, 2025-05-01: 17, 2025-06-01: 21, 2025-07-01: 22, 2025-08-01: 38, 2025-09-01: 39, 2025-10-01: 39, 2025-11-01: 44, 2025-12-01: 50, 2026-01-01: 38, 2026-02-01: 37, 2026-03-01: 55, 2026-04-01: 100, 2026-03-29: 39, 2026-04-05: 38, 2026-04-12: 35"
"Self Heating Bag","A self-heating bag is a portable container that uses an integrated chemical or thermal reaction to generate heat and warm its contents without the need for external heat sources. These bags typically contain a heating element activated by water or air exposure, commonly used for warming food or beverages in outdoor or emergency situations. Self-heating bags are primarily intended for campers, military personnel, emergency responders, and individuals in remote or power-limited environments seeking convenient, on-the-go heating solutions.","food, food-beverage, travel, lifestyle","undefined","9900%","110","Exploding","exponential","Non-seasonal","Average","Neutral","growing","Past 5 years","https://signails.com/topics/self-heating-bag","{""facebook"":6,""linkedin"":0,""twitter"":0,""pinterest"":6,""reddit"":0,""tiktok"":2,""youtube"":9}","2021-04-01: 0, 2021-05-01: 0, 2021-06-01: 0, 2021-07-01: 0, 2021-08-01: 0, 2021-09-01: 0, 2021-10-01: 0, 2021-11-01: 0, 2021-12-01: 0, 2022-01-01: 0, 2022-02-01: 0, 2022-03-01: 0, 2022-04-01: 8, 2022-05-01: 0, 2022-06-01: 9, 2022-07-01: 0, 2022-08-01: 11, 2022-09-01: 9, 2022-10-01: 0, 2022-11-01: 12, 2022-12-01: 10, 2023-01-01: 10, 2023-02-01: 0, 2023-03-01: 0, 2023-04-01: 11, 2023-05-01: 11, 2023-06-01: 0, 2023-07-01: 0, 2023-08-01: 0, 2023-09-01: 9, 2023-10-01: 13, 2023-11-01: 0, 2023-12-01: 0, 2024-01-01: 10, 2024-02-01: 0, 2024-03-01: 10, 2024-04-01: 12, 2024-05-01: 0, 2024-06-01: 0, 2024-07-01: 0, 2024-08-01: 0, 2024-09-01: 0, 2024-10-01: 0, 2024-11-01: 0, 2024-12-01: 13, 2025-01-01: 0, 2025-02-01: 0, 2025-03-01: 0, 2025-04-01: 0, 2025-05-01: 15, 2025-06-01: 0, 2025-07-01: 0, 2025-08-01: 18, 2025-09-01: 15, 2025-10-01: 10, 2025-11-01: 30, 2025-12-01: 25, 2026-01-01: 23, 2026-02-01: 52, 2026-03-01: 56, 2026-04-01: 100, 2026-03-29: 26, 2026-04-05: 30, 2026-04-12: 23"
"Birch juice","Nutrient-rich liquid extracted from birch trees, known for its detoxifying, anti-inflammatory, and hydrating properties. It is consumed as a beverage and used in skincare, valued for its potential health benefits, including immune support and skin health. Birch juice primarily appeals to health-conscious individuals and those seeking natural skincare solutions.","health, food-beverage, beverages, nutrition, food","false","1900%","12100","Exploding","constant","Seasonal","Low","Positive","growing","Past 5 years","https://signails.com/topics/birch-juice","{""facebook"":3610,""linkedin"":24,""twitter"":57,""pinterest"":2540,""reddit"":901,""tiktok"":1920,""youtube"":673}","2021-04-01: 6, 2021-05-01: 5, 2021-06-01: 4, 2021-07-01: 5, 2021-08-01: 4, 2021-09-01: 4, 2021-10-01: 3, 2021-11-01: 4, 2021-12-01: 3, 2022-01-01: 6, 2022-02-01: 5, 2022-03-01: 7, 2022-04-01: 7, 2022-05-01: 6, 2022-06-01: 6, 2022-07-01: 6, 2022-08-01: 5, 2022-09-01: 5, 2022-10-01: 8, 2022-11-01: 8, 2022-12-01: 11, 2023-01-01: 16, 2023-02-01: 12, 2023-03-01: 19, 2023-04-01: 21, 2023-05-01: 21, 2023-06-01: 21, 2023-07-01: 22, 2023-08-01: 22, 2023-09-01: 20, 2023-10-01: 17, 2023-11-01: 19, 2023-12-01: 20, 2024-01-01: 26, 2024-02-01: 30, 2024-03-01: 33, 2024-04-01: 34, 2024-05-01: 33, 2024-06-01: 32, 2024-07-01: 34, 2024-08-01: 33, 2024-09-01: 31, 2024-10-01: 26, 2024-11-01: 27, 2024-12-01: 27, 2025-01-01: 32, 2025-02-01: 35, 2025-03-01: 41, 2025-04-01: 43, 2025-05-01: 38, 2025-06-01: 46, 2025-07-01: 50, 2025-08-01: 75, 2025-09-01: 68, 2025-10-01: 61, 2025-11-01: 62, 2025-12-01: 52, 2026-01-01: 55, 2026-02-01: 62, 2026-03-01: 98, 2026-04-01: 100, 2026-03-29: 76, 2026-04-05: 73, 2026-04-12: 69"
"Smart food processor","A smart food processor is a kitchen appliance that automates food preparation tasks such as chopping, slicing, blending, and kneading, with added connectivity and intelligent features. Unlike traditional food processors, smart versions often include touchscreens, app integrations, preset programs, and sensor-based adjustments to enhance precision and user control. These devices are primarily aimed at home cooks, culinary enthusiasts, and busy individuals seeking convenience, versatility, and consistent results in meal preparation.","technology, ai, cooking, food, home, kitchen","undefined","2350%","260","Exploding","exponential","Seasonal","Average","Positive","stationary","Past 5 years","https://signails.com/topics/smart-food-processor","{""facebook"":110,""linkedin"":10,""twitter"":0,""pinterest"":41,""reddit"":1,""tiktok"":64,""youtube"":87}","2021-04-01: 2, 2021-05-01: 4, 2021-06-01: 4, 2021-07-01: 4, 2021-08-01: 4, 2021-09-01: 3, 2021-10-01: 4, 2021-11-01: 6, 2021-12-01: 4, 2022-01-01: 4, 2022-02-01: 4, 2022-03-01: 5, 2022-04-01: 3, 2022-05-01: 3, 2022-06-01: 3, 2022-07-01: 5, 2022-08-01: 4, 2022-09-01: 5, 2022-10-01: 4, 2022-11-01: 7, 2022-12-01: 8, 2023-01-01: 7, 2023-02-01: 7, 2023-03-01: 6, 2023-04-01: 6, 2023-05-01: 5, 2023-06-01: 4, 2023-07-01: 4, 2023-08-01: 3, 2023-09-01: 6, 2023-10-01: 5, 2023-11-01: 6, 2023-12-01: 9, 2024-01-01: 6, 2024-02-01: 6, 2024-03-01: 4, 2024-04-01: 5, 2024-05-01: 5, 2024-06-01: 4, 2024-07-01: 4, 2024-08-01: 5, 2024-09-01: 5, 2024-10-01: 6, 2024-11-01: 7, 2024-12-01: 9, 2025-01-01: 6, 2025-02-01: 5, 2025-03-01: 6, 2025-04-01: 6, 2025-05-01: 5, 2025-06-01: 5, 2025-07-01: 6, 2025-08-01: 15, 2025-09-01: 17, 2025-10-01: 17, 2025-11-01: 19, 2025-12-01: 17, 2026-01-01: 13, 2026-02-01: 18, 2026-03-01: 49, 2026-03-29: 19, 2026-04-05: 17, 2026-04-12: 15"
"High phenolic olive oil","A type of extra virgin olive oil that is particularly rich in phenolic compounds, known for their antioxidant properties. This high phenolic content is associated with numerous health benefits, including anti-inflammatory effects, improved cardiovascular health, and potential protective effects against certain types of cancer. It is often targeted at health-conscious consumers seeking premium quality olive oil with added health benefits.","health, food-beverage, nutrition, food, cpg, supplements","false","9900%","1000","Exploding","exponential","Non-seasonal","Average","Positive","declining","Past 5 years","https://signails.com/topics/high-phenolic-olive-oil","{""facebook"":114,""linkedin"":21,""twitter"":0,""pinterest"":36,""reddit"":38,""tiktok"":35,""youtube"":54}","2021-04-01: 0, 2021-05-01: 0, 2021-06-01: 5, 2021-07-01: 0, 2021-08-01: 0, 2021-09-01: 0, 2021-10-01: 0, 2021-11-01: 0, 2021-12-01: 0, 2022-01-01: 7, 2022-02-01: 0, 2022-03-01: 6, 2022-04-01: 0, 2022-05-01: 0, 2022-06-01: 0, 2022-07-01: 0, 2022-08-01: 0, 2022-09-01: 4, 2022-10-01: 0, 2022-11-01: 5, 2022-12-01: 5, 2023-01-01: 5, 2023-02-01: 4, 2023-03-01: 4, 2023-04-01: 5, 2023-05-01: 6, 2023-06-01: 5, 2023-07-01: 0, 2023-08-01: 0, 2023-09-01: 5, 2023-10-01: 4, 2023-11-01: 7, 2023-12-01: 8, 2024-01-01: 7, 2024-02-01: 9, 2024-03-01: 8, 2024-04-01: 12, 2024-05-01: 10, 2024-06-01: 8, 2024-07-01: 0, 2024-08-01: 7, 2024-09-01: 0, 2024-10-01: 6, 2024-11-01: 11, 2024-12-01: 8, 2025-01-01: 12, 2025-02-01: 8, 2025-03-01: 10, 2025-04-01: 12, 2025-05-01: 11, 2025-06-01: 19, 2025-07-01: 16, 2025-08-01: 70, 2025-09-01: 46, 2025-10-01: 55, 2025-11-01: 64, 2025-12-01: 49, 2026-01-01: 53, 2026-02-01: 62, 2026-03-01: 100, 2026-04-01: 55, 2026-03-29: 63, 2026-04-05: 61, 2026-04-12: 61"
"Nugget ice maker","Specialized appliances designed to produce nugget ice, known for its soft, chewable texture and ability to absorb flavors well. These machines range from countertop units to under-counter models, offering various production capacities and features such as built-in storage bins and air-cooled systems. Nugget ice makers are ideal for individuals and businesses that value the unique texture of nugget ice for beverages.","home, food-beverage, industry, kitchen, food, manufacturing","false","246%","110000","Exploding","constant","Seasonal","Low","Positive","declining","Past 5 years","https://signails.com/topics/nugget-ice-maker","{""facebook"":30500,""linkedin"":58,""twitter"":21,""pinterest"":5920,""reddit"":540,""tiktok"":6140,""youtube"":3000}","2021-04-01: 29, 2021-05-01: 28, 2021-06-01: 41, 2021-07-01: 41, 2021-08-01: 34, 2021-09-01: 23, 2021-10-01: 21, 2021-11-01: 37, 2021-12-01: 46, 2022-01-01: 35, 2022-02-01: 31, 2022-03-01: 28, 2022-04-01: 31, 2022-05-01: 31, 2022-06-01: 41, 2022-07-01: 52, 2022-08-01: 35, 2022-09-01: 29, 2022-10-01: 37, 2022-11-01: 52, 2022-12-01: 50, 2023-01-01: 38, 2023-02-01: 33, 2023-03-01: 30, 2023-04-01: 34, 2023-05-01: 42, 2023-06-01: 49, 2023-07-01: 53, 2023-08-01: 46, 2023-09-01: 39, 2023-10-01: 38, 2023-11-01: 57, 2023-12-01: 63, 2024-01-01: 40, 2024-02-01: 42, 2024-03-01: 39, 2024-04-01: 45, 2024-05-01: 56, 2024-06-01: 69, 2024-07-01: 69, 2024-08-01: 53, 2024-09-01: 48, 2024-10-01: 47, 2024-11-01: 68, 2024-12-01: 92, 2025-01-01: 49, 2025-02-01: 47, 2025-03-01: 47, 2025-04-01: 49, 2025-05-01: 56, 2025-06-01: 66, 2025-07-01: 74, 2025-08-01: 79, 2025-09-01: 64, 2025-10-01: 61, 2025-11-01: 98, 2025-12-01: 100, 2026-01-01: 62, 2026-02-01: 76, 2026-03-01: 83, 2026-04-01: 97, 2026-03-29: 48, 2026-04-05: 48, 2026-04-12: 48"
"Portable Wood Grill","A portable wood grill is a compact, transportable cooking device that uses wood as its primary fuel source, offering a smoky flavor and traditional grilling experience. Designed for ease of mobility, these grills often feature foldable legs, lightweight materials, and simple assembly, making them suitable for use in outdoor settings. Portable wood grills are primarily targeted at campers, picnickers, and outdoor cooking enthusiasts seeking an authentic and mobile grilling option.","travel, lifestyle, cooking, food, food-beverage","undefined","669%","140","Exploding","exponential","Seasonal","Average","Positive","stationary","Past 5 years","https://signails.com/topics/portable-wood-grill","{""facebook"":3,""linkedin"":0,""twitter"":0,""pinterest"":2,""reddit"":0,""tiktok"":0,""youtube"":1}","2021-04-01: 12, 2021-05-01: 13, 2021-06-01: 14, 2021-07-01: 13, 2021-08-01: 9, 2021-09-01: 12, 2021-10-01: 7, 2021-11-01: 9, 2021-12-01: 9, 2022-01-01: 11, 2022-02-01: 12, 2022-03-01: 11, 2022-04-01: 11, 2022-05-01: 12, 2022-06-01: 14, 2022-07-01: 14, 2022-08-01: 13, 2022-09-01: 11, 2022-10-01: 10, 2022-11-01: 8, 2022-12-01: 10, 2023-01-01: 8, 2023-02-01: 9, 2023-03-01: 8, 2023-04-01: 10, 2023-05-01: 14, 2023-06-01: 14, 2023-07-01: 12, 2023-08-01: 8, 2023-09-01: 8, 2023-10-01: 8, 2023-11-01: 9, 2023-12-01: 10, 2024-01-01: 7, 2024-02-01: 8, 2024-03-01: 8, 2024-04-01: 10, 2024-05-01: 16, 2024-06-01: 18, 2024-07-01: 17, 2024-08-01: 12, 2024-09-01: 10, 2024-10-01: 10, 2024-11-01: 13, 2024-12-01: 12, 2025-01-01: 10, 2025-02-01: 13, 2025-03-01: 11, 2025-04-01: 16, 2025-05-01: 17, 2025-06-01: 17, 2025-07-01: 17, 2025-08-01: 20, 2025-09-01: 17, 2025-10-01: 14, 2025-11-01: 14, 2025-12-01: 15, 2026-01-01: 10, 2026-02-01: 39, 2026-03-01: 36, 2026-04-01: 100, 2026-03-29: 30, 2026-04-05: 31, 2026-04-12: 40"
"Silicone Baby Feeding Set","A silicone baby feeding set is a collection of feeding essentials, such as bowls, plates, spoons, and bibs, made from food-grade, BPA-free silicone. These sets are designed to be soft, durable, and easy to clean, often featuring suction bases and flexible designs to prevent spills and enhance safety during mealtime. Silicone baby feeding sets are ideal for parents seeking practical, non-toxic, and reusable feeding tools for their babies and toddlers.","baby, food, food-beverage, lifestyle","undefined","875%","0","Exploding","exponential","Non-seasonal","Low","Positive","growing","Past 5 years","https://signails.com/topics/silicone-baby-feeding-set","{""facebook"":2200,""linkedin"":2,""twitter"":10,""pinterest"":1530,""reddit"":3,""tiktok"":450,""youtube"":142}","2021-04-01: 4, 2021-05-01: 0, 2021-06-01: 6, 2021-07-01: 8, 2021-08-01: 10, 2021-09-01: 12, 2021-10-01: 12, 2021-11-01: 14, 2021-12-01: 12, 2022-01-01: 12, 2022-02-01: 10, 2022-03-01: 11, 2022-04-01: 11, 2022-05-01: 12, 2022-06-01: 15, 2022-07-01: 13, 2022-08-01: 15, 2022-09-01: 13, 2022-10-01: 13, 2022-11-01: 17, 2022-12-01: 15, 2023-01-01: 18, 2023-02-01: 16, 2023-03-01: 16, 2023-04-01: 14, 2023-05-01: 15, 2023-06-01: 14, 2023-07-01: 21, 2023-08-01: 17, 2023-09-01: 17, 2023-10-01: 18, 2023-11-01: 19, 2023-12-01: 16, 2024-01-01: 17, 2024-02-01: 20, 2024-03-01: 17, 2024-04-01: 20, 2024-05-01: 19, 2024-06-01: 22, 2024-07-01: 20, 2024-08-01: 22, 2024-09-01: 18, 2024-10-01: 22, 2024-11-01: 16, 2024-12-01: 22, 2025-01-01: 24, 2025-02-01: 22, 2025-03-01: 22, 2025-04-01: 22, 2025-05-01: 20, 2025-06-01: 21, 2025-07-01: 25, 2025-08-01: 31, 2025-09-01: 32, 2025-10-01: 32, 2025-11-01: 32, 2025-12-01: 33, 2026-01-01: 25, 2026-02-01: 100, 2026-03-01: 39, 2026-03-29: 37, 2026-04-05: 41, 2026-04-12: 37"
"Malatang","Chinese street food that originated in Sichuan, known for its spicy and numbing broth. Malatang is similar to hot pot but is served in a more casual, street-food style, featuring a variety of ingredients like meats, vegetables, and noodles cooked in a flavorful broth. It primarily appeals to individuals who enjoy bold, spicy flavors and a communal dining experience.","food-beverage, cooking, food","false","733%","246000","Exploding","constant","Seasonal","Average","Positive","growing","Past 5 years","https://signails.com/topics/malatang","{""facebook"":34300,""linkedin"":171,""twitter"":203,""pinterest"":1140,""reddit"":1410,""tiktok"":18300,""youtube"":10700}","2021-04-01: 12, 2021-05-01: 12, 2021-06-01: 13, 2021-07-01: 10, 2021-08-01: 9, 2021-09-01: 9, 2021-10-01: 11, 2021-11-01: 12, 2021-12-01: 13, 2022-01-01: 13, 2022-02-01: 13, 2022-03-01: 14, 2022-04-01: 15, 2022-05-01: 15, 2022-06-01: 17, 2022-07-01: 19, 2022-08-01: 16, 2022-09-01: 17, 2022-10-01: 18, 2022-11-01: 18, 2022-12-01: 21, 2023-01-01: 23, 2023-02-01: 22, 2023-03-01: 21, 2023-04-01: 23, 2023-05-01: 24, 2023-06-01: 27, 2023-07-01: 28, 2023-08-01: 30, 2023-09-01: 28, 2023-10-01: 29, 2023-11-01: 29, 2023-12-01: 31, 2024-01-01: 35, 2024-02-01: 38, 2024-03-01: 39, 2024-04-01: 39, 2024-05-01: 43, 2024-06-01: 47, 2024-07-01: 49, 2024-08-01: 47, 2024-09-01: 52, 2024-10-01: 52, 2024-11-01: 49, 2024-12-01: 53, 2025-01-01: 56, 2025-02-01: 50, 2025-03-01: 56, 2025-04-01: 60, 2025-05-01: 61, 2025-06-01: 64, 2025-07-01: 73, 2025-08-01: 81, 2025-09-01: 79, 2025-10-01: 87, 2025-11-01: 88, 2025-12-01: 97, 2026-01-01: 97, 2026-02-01: 98, 2026-03-01: 92, 2026-04-01: 100, 2026-04-05: 93, 2026-04-12: 94"
"Crystal boba","A type of boba known for its translucent appearance and gelatin-like texture, made from the konjac plant. It is often added to milk teas or flavored ice teas, providing a unique texture and visual appeal compared to traditional tapioca pearls. Crystal boba is popular among bubble tea enthusiasts looking for a different texture and flavor experience.","food-beverage, food, beverages, cpg","false","-4%","22200","Falling","exponential","Seasonal","Low","Positive","declining","Past 5 years","https://signails.com/topics/crystal-boba","{""facebook"":762,""linkedin"":16,""twitter"":14,""pinterest"":464,""reddit"":46,""tiktok"":463,""youtube"":142}","2021-04-01: 89, 2021-05-01: 100, 2021-06-01: 87, 2021-07-01: 88, 2021-08-01: 68, 2021-09-01: 76, 2021-10-01: 66, 2021-11-01: 59, 2021-12-01: 66, 2022-01-01: 96, 2022-02-01: 85, 2022-03-01: 91, 2022-04-01: 91, 2022-05-01: 86, 2022-06-01: 87, 2022-07-01: 83, 2022-08-01: 81, 2022-09-01: 72, 2022-10-01: 65, 2022-11-01: 58, 2022-12-01: 70, 2023-01-01: 72, 2023-02-01: 80, 2023-03-01: 84, 2023-04-01: 93, 2023-05-01: 88, 2023-06-01: 81, 2023-07-01: 77, 2023-08-01: 77, 2023-09-01: 72, 2023-10-01: 65, 2023-11-01: 54, 2023-12-01: 63, 2024-01-01: 74, 2024-02-01: 82, 2024-03-01: 89, 2024-04-01: 85, 2024-05-01: 85, 2024-06-01: 98, 2024-07-01: 77, 2024-08-01: 77, 2024-09-01: 74, 2024-10-01: 62, 2024-11-01: 61, 2024-12-01: 57, 2025-01-01: 69, 2025-02-01: 82, 2025-03-01: 80, 2025-04-01: 84, 2025-05-01: 88, 2025-06-01: 94, 2025-07-01: 86, 2025-08-01: 84, 2025-09-01: 76, 2025-10-01: 73, 2025-11-01: 73, 2025-12-01: 70, 2026-01-01: 70, 2026-02-01: 93, 2026-03-01: 85, 2026-04-05: 89, 2026-04-12: 86"
"Black matcha","Finely ground powder made from black tea leaves, known for its unique flavor and health benefits. Black matcha is produced by grinding the leaves at a low temperature or through physical extraction, resulting in a fine powder that enhances its quality and taste. This product is particularly appealing to tea enthusiasts and health-conscious individuals seeking a rich, antioxidant-packed beverage.","health, food-beverage, beverages, food, nutrition","false","1088%","1300","Exploding","exponential","Seasonal","Average","Neutral","growing","Past 5 years","https://signails.com/topics/black-matcha","{""facebook"":520,""linkedin"":14,""twitter"":16,""pinterest"":403,""reddit"":20,""tiktok"":156,""youtube"":79}","2021-04-01: 9, 2021-05-01: 8, 2021-06-01: 7, 2021-07-01: 8, 2021-08-01: 8, 2021-09-01: 7, 2021-10-01: 7, 2021-11-01: 9, 2021-12-01: 8, 2022-01-01: 10, 2022-02-01: 10, 2022-03-01: 9, 2022-04-01: 11, 2022-05-01: 8, 2022-06-01: 9, 2022-07-01: 9, 2022-08-01: 10, 2022-09-01: 10, 2022-10-01: 11, 2022-11-01: 13, 2022-12-01: 10, 2023-01-01: 12, 2023-02-01: 12, 2023-03-01: 12, 2023-04-01: 11, 2023-05-01: 11, 2023-06-01: 11, 2023-07-01: 12, 2023-08-01: 11, 2023-09-01: 12, 2023-10-01: 12, 2023-11-01: 17, 2023-12-01: 13, 2024-01-01: 14, 2024-02-01: 15, 2024-03-01: 15, 2024-04-01: 15, 2024-05-01: 15, 2024-06-01: 15, 2024-07-01: 17, 2024-08-01: 20, 2024-09-01: 20, 2024-10-01: 21, 2024-11-01: 30, 2024-12-01: 24, 2025-01-01: 25, 2025-02-01: 28, 2025-03-01: 33, 2025-04-01: 35, 2025-05-01: 36, 2025-06-01: 35, 2025-07-01: 45, 2025-08-01: 81, 2025-09-01: 71, 2025-10-01: 65, 2025-11-01: 84, 2025-12-01: 55, 2026-01-01: 54, 2026-02-01: 100, 2026-03-01: 70, 2026-04-01: 95, 2026-03-29: 61, 2026-04-05: 66, 2026-04-12: 74"
"Unwashed eggs","Eggs that have not been cleaned or sanitized after being laid, retaining their natural protective coating called the 'bloom' or 'cuticle'. This coating helps to keep out bacteria and maintain freshness, making unwashed eggs less susceptible to contamination and spoilage compared to washed eggs. Unwashed eggs are commonly found in many European countries and are typically stored at room temperature, appealing to consumers who prefer natural food preservation methods.","food-beverage, industry, food, manufacturing, cpg","false","669%","1900","Exploding","exponential","Seasonal","Low","Neutral","stationary","Past 5 years","https://signails.com/topics/unwashed-eggs","{""facebook"":5710,""linkedin"":14,""twitter"":14,""pinterest"":254,""reddit"":45,""tiktok"":45,""youtube"":25}","2021-04-01: 17, 2021-05-01: 13, 2021-06-01: 14, 2021-07-01: 12, 2021-08-01: 14, 2021-09-01: 11, 2021-10-01: 11, 2021-11-01: 10, 2021-12-01: 8, 2022-01-01: 10, 2022-02-01: 12, 2022-03-01: 17, 2022-04-01: 25, 2022-05-01: 25, 2022-06-01: 26, 2022-07-01: 25, 2022-08-01: 21, 2022-09-01: 22, 2022-10-01: 18, 2022-11-01: 16, 2022-12-01: 13, 2023-01-01: 30, 2023-02-01: 28, 2023-03-01: 36, 2023-04-01: 34, 2023-05-01: 35, 2023-06-01: 34, 2023-07-01: 30, 2023-08-01: 30, 2023-09-01: 28, 2023-10-01: 29, 2023-11-01: 24, 2023-12-01: 23, 2024-01-01: 24, 2024-02-01: 35, 2024-03-01: 46, 2024-04-01: 55, 2024-05-01: 47, 2024-06-01: 43, 2024-07-01: 35, 2024-08-01: 41, 2024-09-01: 41, 2024-10-01: 33, 2024-11-01: 31, 2024-12-01: 25, 2025-01-01: 35, 2025-02-01: 55, 2025-03-01: 86, 2025-04-01: 91, 2025-05-01: 68, 2025-06-01: 66, 2025-07-01: 50, 2025-08-01: 62, 2025-09-01: 61, 2025-10-01: 59, 2025-11-01: 47, 2025-12-01: 41, 2026-01-01: 47, 2026-02-01: 54, 2026-03-01: 84, 2026-04-01: 100, 2026-04-05: 93, 2026-04-12: 90"
"Hojicha latte","A tea latte made from Japanese roasted green tea (hojicha), water, and milk. It is typically prepared using Hojicha Powder, which is produced from finely milled roasted tea leaves, allowing for the consumption of the entire tea leaves. This beverage is popular among tea enthusiasts who appreciate the unique, smoky flavor of roasted green tea and seek a comforting, warm drink.","health, food-beverage, beverages, food, nutrition","false","809%","27100","Exploding","exponential","Seasonal","Low","Positive","growing","Past 5 years","https://signails.com/topics/hojicha-latte","{""facebook"":4210,""linkedin"":18,""twitter"":42,""pinterest"":1110,""reddit"":306,""tiktok"":1790,""youtube"":1070}","2021-04-01: 9, 2021-05-01: 11, 2021-06-01: 12, 2021-07-01: 12, 2021-08-01: 13, 2021-09-01: 12, 2021-10-01: 11, 2021-11-01: 14, 2021-12-01: 11, 2022-01-01: 18, 2022-02-01: 13, 2022-03-01: 14, 2022-04-01: 17, 2022-05-01: 15, 2022-06-01: 12, 2022-07-01: 17, 2022-08-01: 18, 2022-09-01: 18, 2022-10-01: 16, 2022-11-01: 13, 2022-12-01: 17, 2023-01-01: 18, 2023-02-01: 20, 2023-03-01: 21, 2023-04-01: 23, 2023-05-01: 20, 2023-06-01: 19, 2023-07-01: 22, 2023-08-01: 25, 2023-09-01: 24, 2023-10-01: 25, 2023-11-01: 23, 2023-12-01: 28, 2024-01-01: 30, 2024-02-01: 29, 2024-03-01: 30, 2024-04-01: 35, 2024-05-01: 34, 2024-06-01: 36, 2024-07-01: 36, 2024-08-01: 38, 2024-09-01: 40, 2024-10-01: 42, 2024-11-01: 47, 2024-12-01: 39, 2025-01-01: 47, 2025-02-01: 53, 2025-03-01: 62, 2025-04-01: 62, 2025-05-01: 76, 2025-06-01: 66, 2025-07-01: 77, 2025-08-01: 90, 2025-09-01: 88, 2025-10-01: 91, 2025-11-01: 94, 2025-12-01: 74, 2026-01-01: 89, 2026-02-01: 78, 2026-03-01: 98, 2026-04-01: 100, 2026-04-05: 88, 2026-04-12: 85"
"Dog food topper","Products designed to be added to a dog's regular meals to improve taste and nutritional content. These toppers often include ingredients such as meats, vegetables, or supplements, providing additional nutrients and variety to a dog's diet. Dog food toppers are primarily targeted at pet owners looking to enhance their pets' eating experience and ensure a balanced diet.","pets, product, food","undefined","819.9999999999999%","22200","Exploding","exponential","Non-seasonal","Low","Positive","growing","Past 5 years","https://signails.com/topics/dog-food-topper","{""facebook"":778,""linkedin"":2,""twitter"":2,""pinterest"":1200,""reddit"":10,""tiktok"":323,""youtube"":194}","2021-04-01: 5, 2021-05-01: 4, 2021-06-01: 5, 2021-07-01: 5, 2021-08-01: 6, 2021-09-01: 6, 2021-10-01: 6, 2021-11-01: 6, 2021-12-01: 7, 2022-01-01: 7, 2022-02-01: 8, 2022-03-01: 7, 2022-04-01: 7, 2022-05-01: 7, 2022-06-01: 8, 2022-07-01: 9, 2022-08-01: 10, 2022-09-01: 8, 2022-10-01: 7, 2022-11-01: 9, 2022-12-01: 8, 2023-01-01: 8, 2023-02-01: 9, 2023-03-01: 10, 2023-04-01: 9, 2023-05-01: 9, 2023-06-01: 11, 2023-07-01: 11, 2023-08-01: 13, 2023-09-01: 11, 2023-10-01: 11, 2023-11-01: 10, 2023-12-01: 10, 2024-01-01: 11, 2024-02-01: 11, 2024-03-01: 13, 2024-04-01: 11, 2024-05-01: 11, 2024-06-01: 12, 2024-07-01: 11, 2024-08-01: 14, 2024-09-01: 12, 2024-10-01: 11, 2024-11-01: 12, 2024-12-01: 12, 2025-01-01: 13, 2025-02-01: 12, 2025-03-01: 13, 2025-04-01: 13, 2025-05-01: 13, 2025-06-01: 14, 2025-07-01: 15, 2025-08-01: 20, 2025-09-01: 20, 2025-10-01: 20, 2025-11-01: 17, 2025-12-01: 15, 2026-01-01: 18, 2026-02-01: 28, 2026-03-01: 46, 2026-04-05: 107, 2026-04-12: 114"
"daals","Lentils and pulses commonly used in South Asian cuisine, particularly in Indian, Pakistani, Bangladeshi, and Nepali dishes. Known for their high protein content and nutritional value, daals come in various types such as Toor Dal, Moong Dal, Masoor Dal, Chana Dal, and Urad Dal, each with unique flavors and textures. They are a staple food in these regions, often cooked with spices and served with rice or bread, catering to individuals seeking nutritious and protein-rich meals.","cooking, food, food-beverage","false","900%","135000","Exploding","constant","Seasonal","Low","Neutral","growing","Past 5 years","https://signails.com/topics/daals","{""facebook"":3280,""linkedin"":201,""twitter"":42,""pinterest"":485,""reddit"":135,""tiktok"":319,""youtube"":247}","2021-04-01: 12, 2021-05-01: 10, 2021-06-01: 9, 2021-07-01: 9, 2021-08-01: 9, 2021-09-01: 9, 2021-10-01: 9, 2021-11-01: 9, 2021-12-01: 8, 2022-01-01: 8, 2022-02-01: 7, 2022-03-01: 9, 2022-04-01: 9, 2022-05-01: 9, 2022-06-01: 9, 2022-07-01: 10, 2022-08-01: 11, 2022-09-01: 12, 2022-10-01: 14, 2022-11-01: 18, 2022-12-01: 18, 2023-01-01: 19, 2023-02-01: 17, 2023-03-01: 21, 2023-04-01: 20, 2023-05-01: 20, 2023-06-01: 23, 2023-07-01: 27, 2023-08-01: 27, 2023-09-01: 26, 2023-10-01: 34, 2023-11-01: 40, 2023-12-01: 32, 2024-01-01: 38, 2024-02-01: 36, 2024-03-01: 36, 2024-04-01: 39, 2024-05-01: 36, 2024-06-01: 39, 2024-07-01: 44, 2024-08-01: 47, 2024-09-01: 49, 2024-10-01: 52, 2024-11-01: 60, 2024-12-01: 54, 2025-01-01: 62, 2025-02-01: 55, 2025-03-01: 60, 2025-04-01: 61, 2025-05-01: 57, 2025-06-01: 57, 2025-07-01: 57, 2025-08-01: 70, 2025-09-01: 72, 2025-10-01: 77, 2025-11-01: 93, 2025-12-01: 62, 2026-01-01: 73, 2026-02-01: 71, 2026-03-01: 73, 2026-04-01: 100, 2026-04-05: 89, 2026-04-12: 85"
"Sugar Dilemma","The Sugar Dilemma refers to the complex issues surrounding sugar consumption, including its addictive nature, health impacts, and the challenges of reducing sugar intake. It also encompasses the conflicting dietary principles and cultural responses to sugar consumption, making it a multifaceted issue that affects public health policies and individual dietary choices. This dilemma primarily concerns health-conscious individuals, policymakers, and healthcare professionals who are focused on addressing the negative health outcomes associated with high sugar consumption.","health, food-beverage, food, nutrition, diets","false","5800%","0","Exploding","exponential","Non-seasonal","Average","Negative","growing","Past 5 years","https://signails.com/topics/sugar-dilemma","{""facebook"":22,""linkedin"":14,""twitter"":0,""pinterest"":0,""reddit"":15,""tiktok"":34,""youtube"":18}","2021-04-01: 0, 2021-05-01: 21, 2021-06-01: 0, 2021-07-01: 0, 2021-08-01: 0, 2021-09-01: 0, 2021-10-01: 33, 2021-11-01: 29, 2021-12-01: 0, 2022-01-01: 29, 2022-02-01: 25, 2022-03-01: 23, 2022-04-01: 23, 2022-05-01: 20, 2022-06-01: 30, 2022-07-01: 0, 2022-08-01: 17, 2022-09-01: 19, 2022-10-01: 26, 2022-11-01: 17, 2022-12-01: 24, 2023-01-01: 25, 2023-02-01: 26, 2023-03-01: 29, 2023-04-01: 34, 2023-05-01: 42, 2023-06-01: 29, 2023-07-01: 19, 2023-08-01: 23, 2023-09-01: 41, 2023-10-01: 45, 2023-11-01: 28, 2023-12-01: 35, 2024-01-01: 28, 2024-02-01: 29, 2024-03-01: 40, 2024-04-01: 28, 2024-05-01: 32, 2024-06-01: 39, 2024-07-01: 37, 2024-08-01: 39, 2024-09-01: 52, 2024-10-01: 39, 2024-11-01: 27, 2024-12-01: 32, 2025-01-01: 23, 2025-02-01: 50, 2025-03-01: 34, 2025-04-01: 40, 2025-05-01: 21, 2025-06-01: 18, 2025-07-01: 26, 2025-08-01: 46, 2025-09-01: 45, 2025-10-01: 46, 2025-11-01: 38, 2025-12-01: 63, 2026-01-01: 57, 2026-02-01: 100, 2026-03-01: 59, 2026-03-29: 47, 2026-04-05: 50, 2026-04-12: 43"
"Mommenpop","Company that produces handmade, citrus-forward aperitifs using organic ingredients. Founded by Samantha Sheehan, it offers a range of flavors including Blood Orange and Seville Orange, known for their refreshing, juicy, and vibrant taste. Mommenpop primarily targets consumers looking for high-quality, organic aperitifs to enjoy in social settings or as a refreshing beverage option.","food-beverage, food, alcohol, beverages","true","4800%","720","Exploding","stationary","Non-seasonal","Low","Positive","growing","Past 5 years","https://signails.com/topics/mommenpop","{""facebook"":102,""linkedin"":14,""twitter"":0,""pinterest"":47,""reddit"":16,""tiktok"":19,""youtube"":16}","2021-04-01: 0, 2021-05-01: 0, 2021-06-01: 0, 2021-07-01: 0, 2021-08-01: 0, 2021-09-01: 0, 2021-10-01: 0, 2021-11-01: 0, 2021-12-01: 0, 2022-01-01: 0, 2022-02-01: 0, 2022-03-01: 0, 2022-04-01: 0, 2022-05-01: 48, 2022-06-01: 53, 2022-07-01: 51, 2022-08-01: 48, 2022-09-01: 36, 2022-10-01: 48, 2022-11-01: 54, 2022-12-01: 56, 2023-01-01: 39, 2023-02-01: 40, 2023-03-01: 46, 2023-04-01: 42, 2023-05-01: 37, 2023-06-01: 64, 2023-07-01: 52, 2023-08-01: 38, 2023-09-01: 30, 2023-10-01: 33, 2023-11-01: 45, 2023-12-01: 42, 2024-01-01: 0, 2024-02-01: 59, 2024-03-01: 40, 2024-04-01: 41, 2024-05-01: 70, 2024-06-01: 66, 2024-07-01: 41, 2024-08-01: 61, 2024-09-01: 64, 2024-10-01: 74, 2024-11-01: 52, 2024-12-01: 0, 2025-01-01: 43, 2025-02-01: 51, 2025-03-01: 69, 2025-04-01: 86, 2025-05-01: 72, 2025-06-01: 100, 2025-07-01: 89, 2025-08-01: 79, 2025-09-01: 56, 2025-10-01: 86, 2025-11-01: 85, 2025-12-01: 33, 2026-01-01: 46, 2026-02-01: 68, 2026-03-01: 22, 2026-04-01: 49, 2026-04-05: 18, 2026-04-12: 19"
"Qahwah house","This coffee shop specializes in authentic Yemeni coffee, offering premium beans and specialty drinks in a cozy setting. It distinguishes itself by providing a traditional coffee culture experience, focusing on high-quality Yemeni coffee and a welcoming atmosphere. The target demographic includes coffee enthusiasts and individuals interested in experiencing traditional Yemeni coffee culture.","food-beverage, lifestyle, beverages, food","true","455%","110000","Exploding","constant","Seasonal","Low","Positive","growing","Past 5 years","https://signails.com/topics/qahwah-house","{""facebook"":784,""linkedin"":42,""twitter"":47,""pinterest"":65,""reddit"":271,""tiktok"":1280,""youtube"":161}","2021-04-01: 9, 2021-05-01: 11, 2021-06-01: 10, 2021-07-01: 12, 2021-08-01: 11, 2021-09-01: 10, 2021-10-01: 12, 2021-11-01: 19, 2021-12-01: 18, 2022-01-01: 12, 2022-02-01: 10, 2022-03-01: 14, 2022-04-01: 37, 2022-05-01: 30, 2022-06-01: 23, 2022-07-01: 23, 2022-08-01: 19, 2022-09-01: 20, 2022-10-01: 19, 2022-11-01: 25, 2022-12-01: 25, 2023-01-01: 27, 2023-02-01: 25, 2023-03-01: 25, 2023-04-01: 33, 2023-05-01: 25, 2023-06-01: 31, 2023-07-01: 44, 2023-08-01: 29, 2023-09-01: 32, 2023-10-01: 31, 2023-11-01: 37, 2023-12-01: 47, 2024-01-01: 44, 2024-02-01: 38, 2024-03-01: 48, 2024-04-01: 46, 2024-05-01: 49, 2024-06-01: 53, 2024-07-01: 49, 2024-08-01: 58, 2024-09-01: 60, 2024-10-01: 51, 2024-11-01: 75, 2024-12-01: 84, 2025-01-01: 78, 2025-02-01: 66, 2025-03-01: 100, 2025-04-01: 80, 2025-05-01: 67, 2025-06-01: 66, 2025-07-01: 59, 2025-08-01: 65, 2025-09-01: 72, 2025-10-01: 66, 2025-11-01: 77, 2025-12-01: 73, 2026-01-01: 65, 2026-02-01: 66, 2026-03-01: 73, 2026-04-01: 61, 2026-03-29: 69, 2026-04-05: 68, 2026-04-12: 68"
"Sour strips","A type of candy known for its intense sour flavor, often marketed as a fun and flavorful treat for those who enjoy sour candies. The brand is distinguished by its vibrant packaging and variety of fruity flavors, typically sold in strip form. Sour Strips primarily appeal to individuals who enjoy sour and tangy snacks, often found in convenience stores, online, and specialty candy shops.","food-beverage, lifestyle, food, cpg, grocery","false","168%","40500","Exploding","stationary","Seasonal","Low","Negative","growing","Past 5 years","https://signails.com/topics/sour-strips-2Pynwvxk","{""facebook"":1580,""linkedin"":75,""twitter"":50,""pinterest"":735,""reddit"":848,""tiktok"":1400,""youtube"":1230}","2021-04-01: 27, 2021-05-01: 31, 2021-06-01: 38, 2021-07-01: 32, 2021-08-01: 25, 2021-09-01: 26, 2021-10-01: 27, 2021-11-01: 26, 2021-12-01: 30, 2022-01-01: 31, 2022-02-01: 35, 2022-03-01: 29, 2022-04-01: 43, 2022-05-01: 34, 2022-06-01: 39, 2022-07-01: 35, 2022-08-01: 35, 2022-09-01: 39, 2022-10-01: 39, 2022-11-01: 37, 2022-12-01: 45, 2023-01-01: 46, 2023-02-01: 51, 2023-03-01: 45, 2023-04-01: 38, 2023-05-01: 36, 2023-06-01: 35, 2023-07-01: 34, 2023-08-01: 33, 2023-09-01: 51, 2023-10-01: 43, 2023-11-01: 44, 2023-12-01: 52, 2024-01-01: 51, 2024-02-01: 63, 2024-03-01: 65, 2024-04-01: 63, 2024-05-01: 57, 2024-06-01: 57, 2024-07-01: 46, 2024-08-01: 49, 2024-09-01: 61, 2024-10-01: 62, 2024-11-01: 100, 2024-12-01: 70, 2025-01-01: 69, 2025-02-01: 92, 2025-03-01: 65, 2025-04-01: 65, 2025-05-01: 57, 2025-06-01: 51, 2025-07-01: 61, 2025-08-01: 61, 2025-09-01: 77, 2025-10-01: 64, 2025-11-01: 59, 2025-12-01: 71, 2026-01-01: 58, 2026-02-01: 77, 2026-03-01: 71, 2026-04-01: 83, 2026-04-05: 82, 2026-04-12: 81"
"Microwave air fryer","Multifunctional kitchen appliances that combine the features of a microwave and an air fryer, allowing for quick cooking and reheating as well as air frying with little to no oil. These devices are convenient, space-saving, and offer healthier cooking options by reducing the need for oil in frying. Microwave air fryers are particularly beneficial for individuals seeking versatile and efficient cooking solutions in compact kitchen spaces.","technology, home, food-beverage, kitchen, cooking, food","false","233%","22200","Exploding","exponential","Seasonal","Low","Positive","growing","Past 5 years","https://signails.com/topics/microwave-air-fryer","{""facebook"":2920,""linkedin"":1,""twitter"":0,""pinterest"":253,""reddit"":129,""tiktok"":280,""youtube"":212}","2021-04-01: 29, 2021-05-01: 30, 2021-06-01: 26, 2021-07-01: 29, 2021-08-01: 31, 2021-09-01: 32, 2021-10-01: 32, 2021-11-01: 41, 2021-12-01: 40, 2022-01-01: 46, 2022-02-01: 40, 2022-03-01: 38, 2022-04-01: 36, 2022-05-01: 35, 2022-06-01: 34, 2022-07-01: 43, 2022-08-01: 42, 2022-09-01: 41, 2022-10-01: 50, 2022-11-01: 61, 2022-12-01: 58, 2023-01-01: 58, 2023-02-01: 50, 2023-03-01: 52, 2023-04-01: 47, 2023-05-01: 44, 2023-06-01: 47, 2023-07-01: 47, 2023-08-01: 43, 2023-09-01: 48, 2023-10-01: 48, 2023-11-01: 67, 2023-12-01: 62, 2024-01-01: 77, 2024-02-01: 56, 2024-03-01: 54, 2024-04-01: 50, 2024-05-01: 47, 2024-06-01: 47, 2024-07-01: 52, 2024-08-01: 53, 2024-09-01: 53, 2024-10-01: 54, 2024-11-01: 64, 2024-12-01: 68, 2025-01-01: 77, 2025-02-01: 65, 2025-03-01: 62, 2025-04-01: 58, 2025-05-01: 60, 2025-06-01: 58, 2025-07-01: 64, 2025-08-01: 76, 2025-09-01: 76, 2025-10-01: 77, 2025-11-01: 92, 2025-12-01: 82, 2026-01-01: 88, 2026-02-01: 81, 2026-03-01: 97, 2026-04-01: 100, 2026-03-29: 79, 2026-04-05: 77, 2026-04-12: 75"
"Pinkglow pineapple","A unique variety of pineapple featuring pale pink flesh, developed over sixteen years. Known for its soft, semi-fibrous, and tender consistency, it has a small central core and is aromatic with low acidity, offering a fruity and subtly floral flavor with a lingering candy-like sweetness. This pineapple is targeted at consumers seeking exotic and visually appealing fruit options with a distinctive taste profile.","food-beverage, industry, ecommerce, food, cpg, manufacturing","false","10%","6600","Exploding","exponential","Seasonal","Average","Positive","declining","Past 5 years","https://signails.com/topics/pinkglow-pineapple","{""facebook"":223,""linkedin"":14,""twitter"":14,""pinterest"":56,""reddit"":29,""tiktok"":60,""youtube"":92}","2021-04-01: 64, 2021-05-01: 41, 2021-06-01: 28, 2021-07-01: 33, 2021-08-01: 24, 2021-09-01: 25, 2021-10-01: 11, 2021-11-01: 11, 2021-12-01: 22, 2022-01-01: 28, 2022-02-01: 47, 2022-03-01: 39, 2022-04-01: 58, 2022-05-01: 35, 2022-06-01: 49, 2022-07-01: 66, 2022-08-01: 45, 2022-09-01: 24, 2022-10-01: 27, 2022-11-01: 25, 2022-12-01: 31, 2023-01-01: 52, 2023-02-01: 62, 2023-03-01: 48, 2023-04-01: 57, 2023-05-01: 65, 2023-06-01: 100, 2023-07-01: 77, 2023-08-01: 24, 2023-09-01: 43, 2023-10-01: 40, 2023-11-01: 19, 2023-12-01: 26, 2024-01-01: 35, 2024-02-01: 36, 2024-03-01: 45, 2024-04-01: 56, 2024-05-01: 72, 2024-06-01: 55, 2024-07-01: 59, 2024-08-01: 31, 2024-09-01: 35, 2024-10-01: 32, 2024-11-01: 23, 2024-12-01: 37, 2025-01-01: 40, 2025-02-01: 53, 2025-03-01: 40, 2025-04-01: 57, 2025-05-01: 83, 2025-06-01: 76, 2025-07-01: 46, 2025-08-01: 57, 2025-09-01: 36, 2025-10-01: 28, 2025-11-01: 34, 2025-12-01: 29, 2026-01-01: 49, 2026-02-01: 57, 2026-03-01: 46, 2026-04-01: 45, 2026-03-29: 64, 2026-04-05: 76, 2026-04-12: 56"
"Dye free candy","Candy made without artificial colorings, using natural ingredients for color and flavor. Dye-free candy is often considered a healthier and allergy-friendly option, though it may be more expensive and less widely available than traditional candies. It is primarily targeted at health-conscious consumers and individuals with allergies or sensitivities to artificial dyes.","health, food-beverage, nutrition, food, cpg","false","7100%","9900","Exploding","stationary","Seasonal","Average","Positive","growing","Past 5 years","https://signails.com/topics/dye-free-candy","{""facebook"":2060,""linkedin"":16,""twitter"":14,""pinterest"":178,""reddit"":16,""tiktok"":94,""youtube"":23}","2021-04-01: 0, 2021-05-01: 0, 2021-06-01: 0, 2021-07-01: 5, 2021-08-01: 6, 2021-09-01: 10, 2021-10-01: 9, 2021-11-01: 10, 2021-12-01: 10, 2022-01-01: 4, 2022-02-01: 5, 2022-03-01: 6, 2022-04-01: 11, 2022-05-01: 4, 2022-06-01: 7, 2022-07-01: 7, 2022-08-01: 12, 2022-09-01: 14, 2022-10-01: 21, 2022-11-01: 15, 2022-12-01: 21, 2023-01-01: 15, 2023-02-01: 20, 2023-03-01: 28, 2023-04-01: 29, 2023-05-01: 16, 2023-06-01: 20, 2023-07-01: 15, 2023-08-01: 24, 2023-09-01: 38, 2023-10-01: 61, 2023-11-01: 44, 2023-12-01: 58, 2024-01-01: 30, 2024-02-01: 44, 2024-03-01: 55, 2024-04-01: 21, 2024-05-01: 26, 2024-06-01: 24, 2024-07-01: 26, 2024-08-01: 30, 2024-09-01: 50, 2024-10-01: 85, 2024-11-01: 73, 2024-12-01: 100, 2025-01-01: 68, 2025-02-01: 70, 2025-03-01: 64, 2025-04-01: 81, 2025-05-01: 34, 2025-06-01: 37, 2025-07-01: 35, 2025-08-01: 58, 2025-09-01: 67, 2025-10-01: 87, 2025-11-01: 67, 2025-12-01: 88, 2026-01-01: 43, 2026-02-01: 60, 2026-03-01: 76, 2026-04-01: 72, 2026-03-29: 53, 2026-04-05: 50, 2026-04-12: 47"
"Beet root powder","A dietary supplement made from dried and ground beets, rich in micronutrients and phytonutrients. Beet root powder offers several potential health benefits, including reducing inflammation, lowering blood pressure, and improving gut and brain health, making it a versatile addition to various foods such as sauces, smoothies, and doughs. It is particularly beneficial for health-conscious individuals looking to enhance their nutritional intake with a natural, nutrient-dense product.","health, food-beverage, supplements, nutrition, food","false","669%","74000","Exploding","exponential","Seasonal","Low","Positive","stationary","Past 5 years","https://signails.com/topics/beet-root-powder","{""facebook"":1300,""linkedin"":16,""twitter"":1,""pinterest"":732,""reddit"":110,""tiktok"":951,""youtube"":315}","2021-04-01: 13, 2021-05-01: 13, 2021-06-01: 14, 2021-07-01: 15, 2021-08-01: 13, 2021-09-01: 13, 2021-10-01: 13, 2021-11-01: 11, 2021-12-01: 12, 2022-01-01: 31, 2022-02-01: 22, 2022-03-01: 23, 2022-04-01: 22, 2022-05-01: 19, 2022-06-01: 20, 2022-07-01: 17, 2022-08-01: 19, 2022-09-01: 20, 2022-10-01: 18, 2022-11-01: 16, 2022-12-01: 18, 2023-01-01: 30, 2023-02-01: 30, 2023-03-01: 28, 2023-04-01: 28, 2023-05-01: 25, 2023-06-01: 25, 2023-07-01: 25, 2023-08-01: 26, 2023-09-01: 25, 2023-10-01: 25, 2023-11-01: 21, 2023-12-01: 22, 2024-01-01: 29, 2024-02-01: 29, 2024-03-01: 28, 2024-04-01: 28, 2024-05-01: 34, 2024-06-01: 31, 2024-07-01: 27, 2024-08-01: 25, 2024-09-01: 26, 2024-10-01: 24, 2024-11-01: 23, 2024-12-01: 25, 2025-01-01: 34, 2025-02-01: 35, 2025-03-01: 32, 2025-04-01: 41, 2025-05-01: 50, 2025-06-01: 43, 2025-07-01: 42, 2025-08-01: 48, 2025-09-01: 42, 2025-10-01: 34, 2025-11-01: 41, 2025-12-01: 38, 2026-01-01: 43, 2026-02-01: 47, 2026-03-01: 65, 2026-04-01: 100, 2026-04-05: 97, 2026-04-12: 97"
"Dog bone broth","Nutritious liquid created by simmering animal bones and connective tissues, often with vegetables and herbs, used as a supplement for dogs. It is valued for its potential health benefits, including improved joint health from collagen and glucosamine, better digestion due to gelatin, and enhanced hydration, along with providing essential minerals and amino acids. This broth is typically used as a food topper or treat to encourage picky eaters and support overall canine health.","product, pets, food-beverage, food","undefined","244%","6600","Exploding","exponential","Seasonal","Low","Positive","growing","Past 5 years","https://signails.com/topics/dog-bone-broth","{""facebook"":190,""linkedin"":2,""twitter"":0,""pinterest"":87,""reddit"":3,""tiktok"":57,""youtube"":57}","2021-04-01: 16, 2021-05-01: 14, 2021-06-01: 14, 2021-07-01: 18, 2021-08-01: 19, 2021-09-01: 14, 2021-10-01: 16, 2021-11-01: 15, 2021-12-01: 15, 2022-01-01: 22, 2022-02-01: 18, 2022-03-01: 18, 2022-04-01: 18, 2022-05-01: 19, 2022-06-01: 17, 2022-07-01: 17, 2022-08-01: 19, 2022-09-01: 18, 2022-10-01: 18, 2022-11-01: 17, 2022-12-01: 18, 2023-01-01: 22, 2023-02-01: 25, 2023-03-01: 21, 2023-04-01: 24, 2023-05-01: 21, 2023-06-01: 24, 2023-07-01: 24, 2023-08-01: 24, 2023-09-01: 23, 2023-10-01: 23, 2023-11-01: 22, 2023-12-01: 22, 2024-01-01: 27, 2024-02-01: 28, 2024-03-01: 26, 2024-04-01: 26, 2024-05-01: 23, 2024-06-01: 26, 2024-07-01: 25, 2024-08-01: 27, 2024-09-01: 25, 2024-10-01: 27, 2024-11-01: 27, 2024-12-01: 30, 2025-01-01: 34, 2025-02-01: 31, 2025-03-01: 30, 2025-04-01: 30, 2025-05-01: 29, 2025-06-01: 33, 2025-07-01: 33, 2025-08-01: 39, 2025-09-01: 34, 2025-10-01: 38, 2025-11-01: 39, 2025-12-01: 40, 2026-01-01: 46, 2026-02-01: 49, 2026-03-01: 55, 2026-03-29: 74, 2026-04-05: 74, 2026-04-12: 78"
"Air fryer grill pan","An air fryer grill pan is an accessory designed to enhance the cooking capabilities of air fryers by allowing for grilling, crisping, and cooking with minimal oil. These grill pans are compatible with various air fryer brands, feature non-stick surfaces, and are often dishwasher safe, providing convenience and versatility in cooking. They are particularly beneficial for health-conscious individuals looking to prepare grilled foods with reduced oil usage.","home, food-beverage, ecommerce, kitchen, cooking, food","false","150%","260","Exploding","exponential","Seasonal","Average","Positive","growing","Past 5 years","https://signails.com/topics/air-fryer-grill-pan","{""facebook"":83,""linkedin"":0,""twitter"":1,""pinterest"":148,""reddit"":1,""tiktok"":77,""youtube"":65}","2021-04-01: 43, 2021-05-01: 40, 2021-06-01: 52, 2021-07-01: 44, 2021-08-01: 32, 2021-09-01: 44, 2021-10-01: 34, 2021-11-01: 52, 2021-12-01: 51, 2022-01-01: 52, 2022-02-01: 61, 2022-03-01: 57, 2022-04-01: 49, 2022-05-01: 29, 2022-06-01: 48, 2022-07-01: 52, 2022-08-01: 55, 2022-09-01: 46, 2022-10-01: 35, 2022-11-01: 50, 2022-12-01: 71, 2023-01-01: 52, 2023-02-01: 48, 2023-03-01: 54, 2023-04-01: 47, 2023-05-01: 34, 2023-06-01: 43, 2023-07-01: 41, 2023-08-01: 46, 2023-09-01: 52, 2023-10-01: 38, 2023-11-01: 41, 2023-12-01: 48, 2024-01-01: 43, 2024-02-01: 48, 2024-03-01: 49, 2024-04-01: 36, 2024-05-01: 47, 2024-06-01: 33, 2024-07-01: 45, 2024-08-01: 48, 2024-09-01: 43, 2024-10-01: 45, 2024-11-01: 35, 2024-12-01: 39, 2025-01-01: 51, 2025-02-01: 57, 2025-03-01: 53, 2025-04-01: 39, 2025-05-01: 33, 2025-06-01: 52, 2025-07-01: 56, 2025-08-01: 73, 2025-09-01: 67, 2025-10-01: 57, 2025-11-01: 71, 2025-12-01: 64, 2026-01-01: 61, 2026-02-01: 95, 2026-03-01: 56, 2026-04-01: 100, 2026-04-05: 45, 2026-04-12: 52"
"Propane Outdoor Pizza Oven","A propane outdoor pizza oven is a high-temperature cooking appliance fueled by propane gas, designed for use in outdoor settings to bake pizzas with a crisp crust and authentic flavor. It heats quickly and evenly, often reaching temperatures of 900°F or higher, and typically features a compact, portable design for ease of use on patios or during outdoor gatherings. Propane outdoor pizza ovens are primarily targeted at home chefs, backyard entertainers, and pizza enthusiasts seeking fast, restaurant-quality results in an open-air environment.","home, cooking, kitchen, food","undefined","525%","2400","Exploding","constant","Seasonal","Average","Positive","declining","Past 5 years","https://signails.com/topics/propane-outdoor-pizza-oven","{""facebook"":325,""linkedin"":1,""twitter"":3,""pinterest"":206,""reddit"":3,""tiktok"":1,""youtube"":5}","2021-04-01: 14, 2021-05-01: 16, 2021-06-01: 13, 2021-07-01: 13, 2021-08-01: 10, 2021-09-01: 8, 2021-10-01: 9, 2021-11-01: 9, 2021-12-01: 11, 2022-01-01: 6, 2022-02-01: 9, 2022-03-01: 8, 2022-04-01: 9, 2022-05-01: 12, 2022-06-01: 17, 2022-07-01: 12, 2022-08-01: 13, 2022-09-01: 11, 2022-10-01: 6, 2022-11-01: 14, 2022-12-01: 16, 2023-01-01: 10, 2023-02-01: 10, 2023-03-01: 12, 2023-04-01: 16, 2023-05-01: 15, 2023-06-01: 19, 2023-07-01: 13, 2023-08-01: 18, 2023-09-01: 13, 2023-10-01: 13, 2023-11-01: 24, 2023-12-01: 19, 2024-01-01: 13, 2024-02-01: 16, 2024-03-01: 17, 2024-04-01: 18, 2024-05-01: 23, 2024-06-01: 27, 2024-07-01: 20, 2024-08-01: 18, 2024-09-01: 21, 2024-10-01: 17, 2024-11-01: 25, 2024-12-01: 34, 2025-01-01: 18, 2025-02-01: 20, 2025-03-01: 22, 2025-04-01: 19, 2025-05-01: 26, 2025-06-01: 29, 2025-07-01: 27, 2025-08-01: 34, 2025-09-01: 24, 2025-10-01: 24, 2025-11-01: 20, 2025-12-01: 29, 2026-01-01: 21, 2026-02-01: 21, 2026-03-01: 46, 2026-04-01: 100, 2026-03-29: 30, 2026-04-05: 31, 2026-04-12: 32"
"Charcuterie box","A curated assortment of meats, cheeses, and accompaniments like fruits, nuts, and crackers, often arranged aesthetically in a box for easy serving and enjoyment. Charcuterie boxes provide a convenient and visually appealing way to enjoy a variety of flavors and textures, making them ideal for events, picnics, and as gifts. They are particularly popular among food enthusiasts and those looking for a sophisticated and convenient dining experience.","food-beverage, cooking, food, cpg","false","44%","5400","Exploding","exponential","Seasonal","Low","Positive","declining","Past 5 years","https://signails.com/topics/charcuterie-box","{""facebook"":8280,""linkedin"":16,""twitter"":17,""pinterest"":5470,""reddit"":95,""tiktok"":515,""youtube"":145}","2021-04-01: 50, 2021-05-01: 54, 2021-06-01: 48, 2021-07-01: 37, 2021-08-01: 40, 2021-09-01: 45, 2021-10-01: 41, 2021-11-01: 62, 2021-12-01: 84, 2022-01-01: 54, 2022-02-01: 54, 2022-03-01: 41, 2022-04-01: 45, 2022-05-01: 44, 2022-06-01: 45, 2022-07-01: 56, 2022-08-01: 50, 2022-09-01: 44, 2022-10-01: 39, 2022-11-01: 52, 2022-12-01: 69, 2023-01-01: 38, 2023-02-01: 39, 2023-03-01: 39, 2023-04-01: 37, 2023-05-01: 45, 2023-06-01: 42, 2023-07-01: 45, 2023-08-01: 37, 2023-09-01: 36, 2023-10-01: 39, 2023-11-01: 51, 2023-12-01: 76, 2024-01-01: 42, 2024-02-01: 41, 2024-03-01: 36, 2024-04-01: 41, 2024-05-01: 42, 2024-06-01: 42, 2024-07-01: 36, 2024-08-01: 44, 2024-09-01: 43, 2024-10-01: 45, 2024-11-01: 59, 2024-12-01: 85, 2025-01-01: 46, 2025-02-01: 47, 2025-03-01: 43, 2025-04-01: 44, 2025-05-01: 48, 2025-06-01: 41, 2025-07-01: 42, 2025-08-01: 59, 2025-09-01: 55, 2025-10-01: 56, 2025-11-01: 61, 2025-12-01: 100, 2026-01-01: 55, 2026-02-01: 98, 2026-03-01: 60, 2026-04-01: 78, 2026-03-29: 51, 2026-04-05: 52, 2026-04-12: 52"
"Collagen chocolate","Collagen chocolate is a functional food product that combines chocolate with collagen, a protein known for its benefits to skin, hair, nails, and joint health. By incorporating collagen peptides into a sweet treat, this product offers a convenient and enjoyable way to supplement collagen intake, often alongside other nutrients or antioxidants found in chocolate. Collagen chocolate primarily appeals to health-conscious consumers, particularly those interested in beauty, anti-aging, and wellness solutions, seeking a blend of indulgence and nutritional benefits.","food-beverage, food, skincare, health, supplements","undefined","265%","590","Exploding","exponential","Seasonal","Low","Positive","growing","Past 5 years","https://signails.com/topics/collagen-chocolate","{""facebook"":406,""linkedin"":5,""twitter"":1,""pinterest"":347,""reddit"":5,""tiktok"":104,""youtube"":73}","2021-04-01: 17, 2021-05-01: 15, 2021-06-01: 16, 2021-07-01: 17, 2021-08-01: 15, 2021-09-01: 15, 2021-10-01: 14, 2021-11-01: 13, 2021-12-01: 14, 2022-01-01: 21, 2022-02-01: 18, 2022-03-01: 17, 2022-04-01: 17, 2022-05-01: 14, 2022-06-01: 15, 2022-07-01: 17, 2022-08-01: 15, 2022-09-01: 16, 2022-10-01: 15, 2022-11-01: 15, 2022-12-01: 15, 2023-01-01: 19, 2023-02-01: 21, 2023-03-01: 21, 2023-04-01: 18, 2023-05-01: 20, 2023-06-01: 19, 2023-07-01: 18, 2023-08-01: 18, 2023-09-01: 16, 2023-10-01: 13, 2023-11-01: 15, 2023-12-01: 15, 2024-01-01: 21, 2024-02-01: 19, 2024-03-01: 18, 2024-04-01: 21, 2024-05-01: 20, 2024-06-01: 19, 2024-07-01: 19, 2024-08-01: 19, 2024-09-01: 19, 2024-10-01: 20, 2024-11-01: 22, 2024-12-01: 21, 2025-01-01: 30, 2025-02-01: 28, 2025-03-01: 28, 2025-04-01: 26, 2025-05-01: 25, 2025-06-01: 25, 2025-07-01: 30, 2025-08-01: 59, 2025-09-01: 52, 2025-10-01: 47, 2025-11-01: 51, 2025-12-01: 43, 2026-01-01: 46, 2026-02-01: 53, 2026-03-01: 62, 2026-03-29: 75, 2026-04-05: 70, 2026-04-12: 76"
"Macadamia nut syrup","Flavored syrup commonly used in coffee, beverages, and desserts, known for its rich, nutty taste derived from macadamia nuts. It is produced by various brands such as Torani and Monin, offering a range of prices depending on the brand and bottle size, typically between $6.89 and $17.95. This syrup is particularly popular among coffee enthusiasts and culinary professionals looking to add a unique flavor to their drinks and dishes.","food-beverage, cooking, food, beverages","false","188%","1300","Exploding","exponential","Non-seasonal","Average","Neutral","declining","Past 5 years","https://signails.com/topics/macadamia-nut-syrup","{""facebook"":67,""linkedin"":0,""twitter"":0,""pinterest"":100,""reddit"":26,""tiktok"":94,""youtube"":14}","2021-04-01: 0, 2021-05-01: 26, 2021-06-01: 29, 2021-07-01: 0, 2021-08-01: 19, 2021-09-01: 32, 2021-10-01: 24, 2021-11-01: 22, 2021-12-01: 33, 2022-01-01: 45, 2022-02-01: 41, 2022-03-01: 33, 2022-04-01: 35, 2022-05-01: 33, 2022-06-01: 22, 2022-07-01: 28, 2022-08-01: 49, 2022-09-01: 29, 2022-10-01: 34, 2022-11-01: 30, 2022-12-01: 33, 2023-01-01: 45, 2023-02-01: 51, 2023-03-01: 47, 2023-04-01: 39, 2023-05-01: 85, 2023-06-01: 99, 2023-07-01: 78, 2023-08-01: 53, 2023-09-01: 43, 2023-10-01: 28, 2023-11-01: 25, 2023-12-01: 46, 2024-01-01: 49, 2024-02-01: 56, 2024-03-01: 48, 2024-04-01: 39, 2024-05-01: 100, 2024-06-01: 76, 2024-07-01: 73, 2024-08-01: 72, 2024-09-01: 47, 2024-10-01: 23, 2024-11-01: 45, 2024-12-01: 45, 2025-01-01: 46, 2025-02-01: 62, 2025-03-01: 70, 2025-04-01: 47, 2025-05-01: 55, 2025-06-01: 82, 2025-07-01: 72, 2025-08-01: 59, 2025-09-01: 60, 2025-10-01: 43, 2025-11-01: 44, 2025-12-01: 83, 2026-01-01: 68, 2026-02-01: 70, 2026-03-01: 72, 2026-04-01: 75, 2026-04-05: 64, 2026-04-12: 78"
"Burger smasher","A kitchen tool designed to create perfectly smashed burgers by pressing down on the patty to achieve uniform thickness and even cooking. Typically made from high-quality materials like stainless steel or cast iron, it ensures durability and high-temperature resistance, often featuring a flat, heavy surface and a comfortable handle. This tool is ideal for both amateur cooks and professional chefs who seek to enhance the texture and sear of their burgers.","home, food-beverage, ecommerce, kitchen, cooking, food","false","257%","33100","Exploding","constant","Seasonal","Low","Positive","declining","Past 5 years","https://signails.com/topics/burger-smasher","{""facebook"":514,""linkedin"":23,""twitter"":16,""pinterest"":382,""reddit"":192,""tiktok"":223,""youtube"":73}","2021-04-01: 17, 2021-05-01: 21, 2021-06-01: 19, 2021-07-01: 14, 2021-08-01: 20, 2021-09-01: 21, 2021-10-01: 14, 2021-11-01: 16, 2021-12-01: 22, 2022-01-01: 14, 2022-02-01: 18, 2022-03-01: 16, 2022-04-01: 18, 2022-05-01: 19, 2022-06-01: 22, 2022-07-01: 28, 2022-08-01: 24, 2022-09-01: 25, 2022-10-01: 22, 2022-11-01: 20, 2022-12-01: 33, 2023-01-01: 30, 2023-02-01: 29, 2023-03-01: 30, 2023-04-01: 39, 2023-05-01: 40, 2023-06-01: 35, 2023-07-01: 41, 2023-08-01: 32, 2023-09-01: 28, 2023-10-01: 25, 2023-11-01: 31, 2023-12-01: 36, 2024-01-01: 37, 2024-02-01: 37, 2024-03-01: 37, 2024-04-01: 43, 2024-05-01: 71, 2024-06-01: 75, 2024-07-01: 68, 2024-08-01: 83, 2024-09-01: 73, 2024-10-01: 71, 2024-11-01: 84, 2024-12-01: 93, 2025-01-01: 78, 2025-02-01: 74, 2025-03-01: 75, 2025-04-01: 83, 2025-05-01: 100, 2025-06-01: 90, 2025-07-01: 76, 2025-08-01: 84, 2025-09-01: 80, 2025-10-01: 64, 2025-11-01: 74, 2025-12-01: 77, 2026-01-01: 79, 2026-02-01: 79, 2026-03-01: 81, 2026-04-01: 75, 2026-03-29: 72, 2026-04-05: 72, 2026-04-12: 73"
"Tomato beef seasoning","A blend of ingredients typically used to flavor beef dishes that include tomatoes. Common components of this seasoning mix are sugar, cooking wine, vegetable oil, cornstarch, salt, and garlic, which enhance the flavor of beef and tomatoes, creating a savory and slightly sweet dish. This seasoning is often used in Chinese cuisine and appeals to individuals looking to prepare flavorful beef and tomato dishes.","food-beverage, cooking, food, cpg","false","6700%","0","Exploding","exponential","Non-seasonal","Average","Positive","growing","Past 5 years","https://signails.com/topics/tomato-beef-seasoning","{""facebook"":282,""linkedin"":14,""twitter"":14,""pinterest"":1,""reddit"":1,""tiktok"":504,""youtube"":0}","2021-04-01: 36, 2021-05-01: 0, 2021-06-01: 30, 2021-07-01: 0, 2021-08-01: 0, 2021-09-01: 36, 2021-10-01: 35, 2021-11-01: 37, 2021-12-01: 30, 2022-01-01: 38, 2022-02-01: 61, 2022-03-01: 29, 2022-04-01: 43, 2022-05-01: 28, 2022-06-01: 31, 2022-07-01: 36, 2022-08-01: 0, 2022-09-01: 0, 2022-10-01: 50, 2022-11-01: 28, 2022-12-01: 55, 2023-01-01: 51, 2023-02-01: 34, 2023-03-01: 39, 2023-04-01: 33, 2023-05-01: 39, 2023-06-01: 32, 2023-07-01: 30, 2023-08-01: 31, 2023-09-01: 44, 2023-10-01: 49, 2023-11-01: 56, 2023-12-01: 47, 2024-01-01: 51, 2024-02-01: 79, 2024-03-01: 43, 2024-04-01: 0, 2024-05-01: 29, 2024-06-01: 37, 2024-07-01: 0, 2024-08-01: 31, 2024-09-01: 59, 2024-10-01: 53, 2024-11-01: 64, 2024-12-01: 68, 2025-01-01: 48, 2025-02-01: 58, 2025-03-01: 76, 2025-04-01: 64, 2025-05-01: 40, 2025-06-01: 81, 2025-07-01: 33, 2025-08-01: 39, 2025-09-01: 63, 2025-10-01: 91, 2025-11-01: 89, 2025-12-01: 95, 2026-01-01: 82, 2026-02-01: 85, 2026-03-01: 100, 2026-04-01: 68, 2026-04-05: 31, 2026-04-12: 30"
"Sprout living","A company that provides pure and potent plant-based protein powders and functional foods. Their products are made from raw, vegan, organic, and kosher superfoods sourced globally, differentiating them by their commitment to high-quality, clean ingredients. Sprout Living primarily targets health-conscious individuals seeking nutritious, plant-based dietary supplements.","nutrition, supplements, fitness, food, food-beverage","true","1011%","2400","Exploding","exponential","Seasonal","Average","Positive","growing","Past 5 years","https://signails.com/topics/sprout-living","{""facebook"":358,""linkedin"":48,""twitter"":1,""pinterest"":1260,""reddit"":70,""tiktok"":154,""youtube"":39}","2021-04-01: 10, 2021-05-01: 9, 2021-06-01: 7, 2021-07-01: 7, 2021-08-01: 8, 2021-09-01: 8, 2021-10-01: 10, 2021-11-01: 8, 2021-12-01: 7, 2022-01-01: 12, 2022-02-01: 10, 2022-03-01: 11, 2022-04-01: 14, 2022-05-01: 10, 2022-06-01: 7, 2022-07-01: 11, 2022-08-01: 10, 2022-09-01: 9, 2022-10-01: 9, 2022-11-01: 12, 2022-12-01: 8, 2023-01-01: 11, 2023-02-01: 10, 2023-03-01: 13, 2023-04-01: 12, 2023-05-01: 10, 2023-06-01: 11, 2023-07-01: 11, 2023-08-01: 12, 2023-09-01: 9, 2023-10-01: 9, 2023-11-01: 13, 2023-12-01: 10, 2024-01-01: 15, 2024-02-01: 15, 2024-03-01: 15, 2024-04-01: 14, 2024-05-01: 15, 2024-06-01: 14, 2024-07-01: 14, 2024-08-01: 14, 2024-09-01: 16, 2024-10-01: 13, 2024-11-01: 14, 2024-12-01: 10, 2025-01-01: 28, 2025-02-01: 17, 2025-03-01: 18, 2025-04-01: 19, 2025-05-01: 17, 2025-06-01: 18, 2025-07-01: 21, 2025-08-01: 43, 2025-09-01: 36, 2025-10-01: 37, 2025-11-01: 38, 2025-12-01: 28, 2026-01-01: 30, 2026-02-01: 35, 2026-03-01: 55, 2026-04-01: 100, 2026-04-05: 109, 2026-04-12: 109"
"Specialty coffee","High-quality coffee evaluated by trained experts known as Q-graders. The Specialty Coffee Association (SCA) sets specific guidelines and uses a point scale from 1 to 100 to rate the coffee, with a score of 80 or more being considered specialty coffee. Specialty coffee primarily appeals to coffee enthusiasts and connoisseurs who seek superior taste and quality in their coffee experience.","food-beverage, food, beverages, cpg","false","638%","1000000","Exploding","exponential","Seasonal","Average","Positive","growing","Past 5 years","https://signails.com/topics/specialty-coffee","{""facebook"":198000,""linkedin"":9060,""twitter"":646,""pinterest"":20400,""reddit"":3020,""tiktok"":12600,""youtube"":9790}","2021-04-01: 12, 2021-05-01: 13, 2021-06-01: 12, 2021-07-01: 13, 2021-08-01: 13, 2021-09-01: 13, 2021-10-01: 14, 2021-11-01: 16, 2021-12-01: 17, 2022-01-01: 16, 2022-02-01: 16, 2022-03-01: 15, 2022-04-01: 16, 2022-05-01: 15, 2022-06-01: 16, 2022-07-01: 17, 2022-08-01: 15, 2022-09-01: 16, 2022-10-01: 17, 2022-11-01: 17, 2022-12-01: 18, 2023-01-01: 16, 2023-02-01: 17, 2023-03-01: 17, 2023-04-01: 18, 2023-05-01: 18, 2023-06-01: 18, 2023-07-01: 22, 2023-08-01: 21, 2023-09-01: 20, 2023-10-01: 21, 2023-11-01: 23, 2023-12-01: 25, 2024-01-01: 22, 2024-02-01: 24, 2024-03-01: 23, 2024-04-01: 24, 2024-05-01: 23, 2024-06-01: 23, 2024-07-01: 26, 2024-08-01: 29, 2024-09-01: 29, 2024-10-01: 28, 2024-11-01: 27, 2024-12-01: 29, 2025-01-01: 27, 2025-02-01: 29, 2025-03-01: 31, 2025-04-01: 31, 2025-05-01: 33, 2025-06-01: 34, 2025-07-01: 40, 2025-08-01: 69, 2025-09-01: 69, 2025-10-01: 68, 2025-11-01: 80, 2025-12-01: 81, 2026-01-01: 74, 2026-02-01: 85, 2026-03-01: 100, 2026-04-01: 96, 2026-03-22: 70, 2026-03-29: 69, 2026-04-05: 67, 2026-04-12: 64"
"Blue matcha","A vibrant blue infusion made from the ground petals of Butterfly Pea flowers, also known as Clitoria ternatea. Unlike traditional green matcha, which is made from powdered tea leaves, blue matcha offers a unique color and is often used for its visual appeal and potential health benefits, such as antioxidants. It is popular among health enthusiasts and those looking to add a visually striking element to their beverages and recipes.","food-beverage, food, beverages, cpg","false","944%","18100","Exploding","exponential","Seasonal","Average","Positive","growing","Past 5 years","https://signails.com/topics/blue-matcha","{""facebook"":2930,""linkedin"":32,""twitter"":16,""pinterest"":2530,""reddit"":124,""tiktok"":1230,""youtube"":628}","2021-04-01: 10, 2021-05-01: 9, 2021-06-01: 9, 2021-07-01: 9, 2021-08-01: 9, 2021-09-01: 9, 2021-10-01: 10, 2021-11-01: 9, 2021-12-01: 10, 2022-01-01: 14, 2022-02-01: 18, 2022-03-01: 14, 2022-04-01: 19, 2022-05-01: 22, 2022-06-01: 19, 2022-07-01: 20, 2022-08-01: 21, 2022-09-01: 20, 2022-10-01: 18, 2022-11-01: 16, 2022-12-01: 18, 2023-01-01: 26, 2023-02-01: 32, 2023-03-01: 37, 2023-04-01: 39, 2023-05-01: 30, 2023-06-01: 30, 2023-07-01: 34, 2023-08-01: 31, 2023-09-01: 27, 2023-10-01: 24, 2023-11-01: 25, 2023-12-01: 25, 2024-01-01: 38, 2024-02-01: 36, 2024-03-01: 38, 2024-04-01: 34, 2024-05-01: 42, 2024-06-01: 38, 2024-07-01: 45, 2024-08-01: 43, 2024-09-01: 32, 2024-10-01: 34, 2024-11-01: 35, 2024-12-01: 35, 2025-01-01: 44, 2025-02-01: 49, 2025-03-01: 59, 2025-04-01: 53, 2025-05-01: 52, 2025-06-01: 48, 2025-07-01: 57, 2025-08-01: 100, 2025-09-01: 79, 2025-10-01: 68, 2025-11-01: 66, 2025-12-01: 58, 2026-01-01: 57, 2026-02-01: 94, 2026-03-01: 70, 2026-04-01: 94, 2026-04-05: 82, 2026-04-12: 83"
"Hojicha","A type of Japanese green tea that is distinct due to its unique roasting process. The roasting gives it a reddish-brown color and a toasty, slightly caramel-like flavor, with reduced caffeine content, making it suitable for evening consumption. Hojicha is popular among tea enthusiasts who appreciate its warm, nutty flavor and lower caffeine levels.","health, food-beverage, beverages, food, nutrition","false","567%","201000","Exploding","exponential","Non-seasonal","Low","Positive","growing","Past 5 years","https://signails.com/topics/hojicha","{""facebook"":26100,""linkedin"":348,""twitter"":191,""pinterest"":7960,""reddit"":4710,""tiktok"":10500,""youtube"":4550}","2021-04-01: 15, 2021-05-01: 15, 2021-06-01: 15, 2021-07-01: 15, 2021-08-01: 15, 2021-09-01: 14, 2021-10-01: 14, 2021-11-01: 14, 2021-12-01: 15, 2022-01-01: 17, 2022-02-01: 17, 2022-03-01: 17, 2022-04-01: 18, 2022-05-01: 17, 2022-06-01: 17, 2022-07-01: 18, 2022-08-01: 17, 2022-09-01: 22, 2022-10-01: 21, 2022-11-01: 19, 2022-12-01: 19, 2023-01-01: 21, 2023-02-01: 22, 2023-03-01: 21, 2023-04-01: 23, 2023-05-01: 22, 2023-06-01: 22, 2023-07-01: 24, 2023-08-01: 24, 2023-09-01: 23, 2023-10-01: 25, 2023-11-01: 25, 2023-12-01: 28, 2024-01-01: 29, 2024-02-01: 29, 2024-03-01: 33, 2024-04-01: 34, 2024-05-01: 34, 2024-06-01: 48, 2024-07-01: 35, 2024-08-01: 44, 2024-09-01: 46, 2024-10-01: 43, 2024-11-01: 43, 2024-12-01: 47, 2025-01-01: 48, 2025-02-01: 51, 2025-03-01: 56, 2025-04-01: 63, 2025-05-01: 74, 2025-06-01: 73, 2025-07-01: 81, 2025-08-01: 94, 2025-09-01: 87, 2025-10-01: 90, 2025-11-01: 92, 2025-12-01: 83, 2026-01-01: 88, 2026-02-01: 82, 2026-03-01: 94, 2026-04-01: 100, 2026-04-05: 90, 2026-04-12: 91"
"Dr. Peanut","Known for its unique and bold flavors, the brand Dr. Peanut challenges the conventional market with its diverse product range. The brand's offerings possibly include sugar-free options, reflecting its philosophy against a 'tasteless life'. It continues to innovate, providing consumers with a variety of taste experiences.","food-beverage, food, beverages, cpg","true","500%","90500","Exploding","exponential","Seasonal","Low","Positive","growing","Past 5 years","https://signails.com/topics/dr-peanut","{""facebook"":3680,""linkedin"":225,""twitter"":56,""pinterest"":371,""reddit"":50,""tiktok"":780,""youtube"":833}","2021-04-01: 13, 2021-05-01: 10, 2021-06-01: 9, 2021-07-01: 11, 2021-08-01: 11, 2021-09-01: 14, 2021-10-01: 12, 2021-11-01: 18, 2021-12-01: 12, 2022-01-01: 18, 2022-02-01: 25, 2022-03-01: 16, 2022-04-01: 14, 2022-05-01: 18, 2022-06-01: 15, 2022-07-01: 19, 2022-08-01: 21, 2022-09-01: 20, 2022-10-01: 18, 2022-11-01: 18, 2022-12-01: 14, 2023-01-01: 26, 2023-02-01: 24, 2023-03-01: 22, 2023-04-01: 17, 2023-05-01: 18, 2023-06-01: 18, 2023-07-01: 19, 2023-08-01: 20, 2023-09-01: 20, 2023-10-01: 22, 2023-11-01: 28, 2023-12-01: 18, 2024-01-01: 26, 2024-02-01: 24, 2024-03-01: 21, 2024-04-01: 26, 2024-05-01: 21, 2024-06-01: 20, 2024-07-01: 21, 2024-08-01: 19, 2024-09-01: 23, 2024-10-01: 21, 2024-11-01: 23, 2024-12-01: 17, 2025-01-01: 29, 2025-02-01: 27, 2025-03-01: 21, 2025-04-01: 25, 2025-05-01: 24, 2025-06-01: 22, 2025-07-01: 28, 2025-08-01: 43, 2025-09-01: 49, 2025-10-01: 46, 2025-11-01: 37, 2025-12-01: 32, 2026-01-01: 48, 2026-02-01: 55, 2026-03-01: 44, 2026-04-01: 60, 2026-04-05: 65, 2026-04-12: 64"
"Rosemary Supplement","Rosemary supplement is a herbal dietary product made from the extract of the rosemary plant, known for its antioxidant and anti-inflammatory properties. It is often used to support cognitive function, improve digestion, and promote hair and skin health, with some studies exploring its potential neuroprotective effects. The target demographic includes individuals interested in natural supplements for brain health, digestive support, and general wellness enhancement.","health, supplements, personal-care, food","undefined","1217%","1300","Exploding","exponential","Non-seasonal","Average","Positive","declining","Past 5 years","https://signails.com/topics/rosemary-supplement","{""facebook"":36,""linkedin"":15,""twitter"":0,""pinterest"":15,""reddit"":0,""tiktok"":17,""youtube"":0}","2021-04-01: 6, 2021-05-01: 10, 2021-06-01: 6, 2021-07-01: 6, 2021-08-01: 10, 2021-09-01: 10, 2021-10-01: 9, 2021-11-01: 7, 2021-12-01: 8, 2022-01-01: 10, 2022-02-01: 12, 2022-03-01: 10, 2022-04-01: 15, 2022-05-01: 10, 2022-06-01: 8, 2022-07-01: 10, 2022-08-01: 7, 2022-09-01: 8, 2022-10-01: 12, 2022-11-01: 10, 2022-12-01: 13, 2023-01-01: 27, 2023-02-01: 12, 2023-03-01: 13, 2023-04-01: 16, 2023-05-01: 15, 2023-06-01: 14, 2023-07-01: 16, 2023-08-01: 15, 2023-09-01: 15, 2023-10-01: 15, 2023-11-01: 15, 2023-12-01: 19, 2024-01-01: 15, 2024-02-01: 18, 2024-03-01: 20, 2024-04-01: 16, 2024-05-01: 27, 2024-06-01: 25, 2024-07-01: 21, 2024-08-01: 21, 2024-09-01: 19, 2024-10-01: 28, 2024-11-01: 22, 2024-12-01: 19, 2025-01-01: 20, 2025-02-01: 22, 2025-03-01: 27, 2025-04-01: 22, 2025-05-01: 19, 2025-06-01: 39, 2025-07-01: 43, 2025-08-01: 100, 2025-09-01: 86, 2025-10-01: 81, 2025-11-01: 76, 2025-12-01: 68, 2026-01-01: 63, 2026-02-01: 68, 2026-03-01: 79, 2026-04-05: 49, 2026-04-12: 47"
"Tahitian Vanilla","Tahitian Vanilla, scientifically known as Vanilla tahitensis, is a hybrid of two species of orchid known for its plump, moist beans with a unique floral, fruity, and cherry-like flavor. This type of vanilla is distinguished by its seeds, which add a gourmet visual appeal to various dishes, and its susceptibility to heat, making it ideal for use in cold or frozen dishes. Tahitian Vanilla is particularly valued by chefs and culinary enthusiasts who seek a distinctive and aromatic ingredient for their gourmet recipes.","food, food-beverage, cooking, grocery","undefined","600%","5400","Exploding","exponential","Non-seasonal","Low","Positive","growing","Past 5 years","https://signails.com/topics/tahitian-vanilla","{""facebook"":2680,""linkedin"":26,""twitter"":30,""pinterest"":3820,""reddit"":198,""tiktok"":1860,""youtube"":311}","2021-04-01: 14, 2021-05-01: 15, 2021-06-01: 13, 2021-07-01: 13, 2021-08-01: 14, 2021-09-01: 16, 2021-10-01: 15, 2021-11-01: 15, 2021-12-01: 22, 2022-01-01: 20, 2022-02-01: 15, 2022-03-01: 14, 2022-04-01: 13, 2022-05-01: 14, 2022-06-01: 13, 2022-07-01: 14, 2022-08-01: 16, 2022-09-01: 13, 2022-10-01: 15, 2022-11-01: 16, 2022-12-01: 19, 2023-01-01: 16, 2023-02-01: 16, 2023-03-01: 17, 2023-04-01: 16, 2023-05-01: 15, 2023-06-01: 16, 2023-07-01: 18, 2023-08-01: 19, 2023-09-01: 18, 2023-10-01: 18, 2023-11-01: 20, 2023-12-01: 23, 2024-01-01: 16, 2024-02-01: 17, 2024-03-01: 15, 2024-04-01: 17, 2024-05-01: 18, 2024-06-01: 18, 2024-07-01: 19, 2024-08-01: 19, 2024-09-01: 20, 2024-10-01: 14, 2024-11-01: 23, 2024-12-01: 22, 2025-01-01: 20, 2025-02-01: 30, 2025-03-01: 48, 2025-04-01: 29, 2025-05-01: 28, 2025-06-01: 32, 2025-07-01: 38, 2025-08-01: 52, 2025-09-01: 86, 2025-10-01: 100, 2025-11-01: 75, 2025-12-01: 69, 2026-01-01: 68, 2026-02-01: 86, 2026-03-01: 98, 2026-04-05: 88, 2026-04-12: 82"
"Gas Pizza Oven","A gas pizza oven is a cooking appliance powered by propane or natural gas, designed to reach high temperatures quickly for baking pizzas with a crisp crust and evenly cooked toppings. It offers consistent heat distribution and faster preheating compared to traditional ovens, often featuring temperature controls and portability for outdoor use. Gas pizza ovens are primarily aimed at home chefs, outdoor cooking enthusiasts, and small-scale food vendors who value convenience, speed, and authentic pizza-making capabilities.","food, cooking, home, kitchen","undefined","89%","27100","Exploding","constant","Seasonal","Low","Positive","declining","Past 5 years","https://signails.com/topics/gas-pizza-oven","{""facebook"":3320,""linkedin"":7,""twitter"":10,""pinterest"":1570,""reddit"":167,""tiktok"":157,""youtube"":998}","2021-04-01: 58, 2021-05-01: 53, 2021-06-01: 47, 2021-07-01: 41, 2021-08-01: 41, 2021-09-01: 35, 2021-10-01: 34, 2021-11-01: 38, 2021-12-01: 41, 2022-01-01: 39, 2022-02-01: 36, 2022-03-01: 44, 2022-04-01: 49, 2022-05-01: 54, 2022-06-01: 50, 2022-07-01: 52, 2022-08-01: 49, 2022-09-01: 39, 2022-10-01: 35, 2022-11-01: 44, 2022-12-01: 45, 2023-01-01: 40, 2023-02-01: 35, 2023-03-01: 39, 2023-04-01: 47, 2023-05-01: 59, 2023-06-01: 61, 2023-07-01: 49, 2023-08-01: 47, 2023-09-01: 46, 2023-10-01: 41, 2023-11-01: 47, 2023-12-01: 51, 2024-01-01: 43, 2024-02-01: 42, 2024-03-01: 45, 2024-04-01: 55, 2024-05-01: 64, 2024-06-01: 64, 2024-07-01: 59, 2024-08-01: 61, 2024-09-01: 45, 2024-10-01: 42, 2024-11-01: 49, 2024-12-01: 54, 2025-01-01: 43, 2025-02-01: 43, 2025-03-01: 52, 2025-04-01: 66, 2025-05-01: 79, 2025-06-01: 80, 2025-07-01: 83, 2025-08-01: 98, 2025-09-01: 71, 2025-10-01: 54, 2025-11-01: 67, 2025-12-01: 69, 2026-01-01: 57, 2026-02-01: 67, 2026-03-01: 76, 2026-04-01: 100, 2026-03-29: 86, 2026-04-05: 89, 2026-04-12: 92"
"Aphrodisiac chocolate","Aphrodisiac chocolate is a type of chocolate believed to enhance sexual desire and performance. It often includes ingredients like Peruvian maca, chilies, and cinnamon, which are known for their stimulating effects on the circulatory system and vitality. This product is primarily targeted at individuals looking to boost their sexual health and overall vitality through natural means.","health, food-beverage, supplements, food, cpg","false","925%","27100","Exploding","exponential","Seasonal","Low","Positive","growing","Past 5 years","https://signails.com/topics/aphrodisiac-chocolate","{""facebook"":107,""linkedin"":14,""twitter"":1,""pinterest"":48,""reddit"":41,""tiktok"":80,""youtube"":46}","2021-04-01: 10, 2021-05-01: 8, 2021-06-01: 7, 2021-07-01: 10, 2021-08-01: 8, 2021-09-01: 8, 2021-10-01: 6, 2021-11-01: 9, 2021-12-01: 11, 2022-01-01: 13, 2022-02-01: 20, 2022-03-01: 11, 2022-04-01: 12, 2022-05-01: 14, 2022-06-01: 14, 2022-07-01: 9, 2022-08-01: 12, 2022-09-01: 16, 2022-10-01: 15, 2022-11-01: 26, 2022-12-01: 22, 2023-01-01: 29, 2023-02-01: 31, 2023-03-01: 23, 2023-04-01: 25, 2023-05-01: 50, 2023-06-01: 65, 2023-07-01: 43, 2023-08-01: 35, 2023-09-01: 49, 2023-10-01: 42, 2023-11-01: 56, 2023-12-01: 61, 2024-01-01: 55, 2024-02-01: 63, 2024-03-01: 54, 2024-04-01: 43, 2024-05-01: 42, 2024-06-01: 48, 2024-07-01: 46, 2024-08-01: 46, 2024-09-01: 43, 2024-10-01: 46, 2024-11-01: 45, 2024-12-01: 49, 2025-01-01: 58, 2025-02-01: 72, 2025-03-01: 52, 2025-04-01: 54, 2025-05-01: 48, 2025-06-01: 49, 2025-07-01: 58, 2025-08-01: 74, 2025-09-01: 72, 2025-10-01: 68, 2025-11-01: 64, 2025-12-01: 82, 2026-01-01: 81, 2026-02-01: 100, 2026-03-01: 81, 2026-04-01: 82, 2026-04-05: 69, 2026-04-12: 69"
"Yogurt bowl","A yogurt bowl is a popular breakfast or snack option that typically consists of yogurt as the base, topped with a variety of ingredients such as fruits, nuts, seeds, granola, honey, or other sweeteners. It's a versatile dish that can be customized to suit individual tastes and dietary preferences, offering a balance of flavors and textures. Yogurt bowls are appreciated for their nutritional benefits, as they can be rich in protein, probiotics, vitamins, and minerals, depending on the ingredients used.","health, food-beverage, lifestyle, nutrition, cooking, food","false","383%","18100","Exploding","exponential","Seasonal","Low","Positive","growing","Past 5 years","https://signails.com/topics/yogurt-bowl-nKj2xQZG","{""facebook"":19900,""linkedin"":9,""twitter"":9,""pinterest"":34500,""reddit"":1050,""tiktok"":15700,""youtube"":7150}","2021-04-01: 18, 2021-05-01: 18, 2021-06-01: 17, 2021-07-01: 18, 2021-08-01: 17, 2021-09-01: 15, 2021-10-01: 15, 2021-11-01: 13, 2021-12-01: 12, 2022-01-01: 20, 2022-02-01: 24, 2022-03-01: 19, 2022-04-01: 20, 2022-05-01: 20, 2022-06-01: 21, 2022-07-01: 20, 2022-08-01: 20, 2022-09-01: 19, 2022-10-01: 17, 2022-11-01: 15, 2022-12-01: 14, 2023-01-01: 22, 2023-02-01: 28, 2023-03-01: 24, 2023-04-01: 22, 2023-05-01: 22, 2023-06-01: 24, 2023-07-01: 22, 2023-08-01: 22, 2023-09-01: 23, 2023-10-01: 19, 2023-11-01: 17, 2023-12-01: 17, 2024-01-01: 31, 2024-02-01: 34, 2024-03-01: 29, 2024-04-01: 28, 2024-05-01: 32, 2024-06-01: 32, 2024-07-01: 33, 2024-08-01: 33, 2024-09-01: 33, 2024-10-01: 31, 2024-11-01: 28, 2024-12-01: 30, 2025-01-01: 49, 2025-02-01: 56, 2025-03-01: 54, 2025-04-01: 50, 2025-05-01: 49, 2025-06-01: 52, 2025-07-01: 53, 2025-08-01: 59, 2025-09-01: 56, 2025-10-01: 51, 2025-11-01: 53, 2025-12-01: 56, 2026-01-01: 75, 2026-02-01: 100, 2026-03-01: 87, 2026-03-29: 54, 2026-04-05: 54, 2026-04-12: 58"
"Plant protein","Protein derived from plant sources, including legumes, nuts, seeds, grains, and vegetables. It is a crucial component of a plant-based diet, offering all necessary amino acids when consumed in a varied and balanced manner, and is often considered more sustainable and environmentally friendly compared to animal proteins. Plant protein is particularly beneficial for individuals seeking to reduce their environmental impact or those following vegetarian or vegan diets.","health, fashion, food-beverage, industry, nutrition, food, manufacturing","false","258%","49500","Exploding","exponential","Seasonal","Average","Positive","growing","Past 5 years","https://signails.com/topics/plant-protein","{""facebook"":23300,""linkedin"":2250,""twitter"":267,""pinterest"":9500,""reddit"":1240,""tiktok"":2920,""youtube"":6870}","2021-04-01: 20, 2021-05-01: 19, 2021-06-01: 19, 2021-07-01: 19, 2021-08-01: 18, 2021-09-01: 19, 2021-10-01: 19, 2021-11-01: 16, 2021-12-01: 14, 2022-01-01: 22, 2022-02-01: 24, 2022-03-01: 23, 2022-04-01: 23, 2022-05-01: 21, 2022-06-01: 19, 2022-07-01: 19, 2022-08-01: 19, 2022-09-01: 23, 2022-10-01: 22, 2022-11-01: 20, 2022-12-01: 17, 2023-01-01: 22, 2023-02-01: 24, 2023-03-01: 23, 2023-04-01: 21, 2023-05-01: 21, 2023-06-01: 20, 2023-07-01: 19, 2023-08-01: 20, 2023-09-01: 23, 2023-10-01: 22, 2023-11-01: 19, 2023-12-01: 17, 2024-01-01: 29, 2024-02-01: 27, 2024-03-01: 24, 2024-04-01: 23, 2024-05-01: 22, 2024-06-01: 21, 2024-07-01: 21, 2024-08-01: 21, 2024-09-01: 25, 2024-10-01: 24, 2024-11-01: 21, 2024-12-01: 19, 2025-01-01: 26, 2025-02-01: 28, 2025-03-01: 26, 2025-04-01: 26, 2025-05-01: 24, 2025-06-01: 25, 2025-07-01: 27, 2025-08-01: 44, 2025-09-01: 48, 2025-10-01: 46, 2025-11-01: 44, 2025-12-01: 42, 2026-01-01: 54, 2026-02-01: 100, 2026-03-01: 66, 2026-04-01: 68, 2026-04-05: 71, 2026-04-12: 73"
"Freeze dryer machine","A freeze dryer, also known as a lyophilizer, is a device used to preserve perishable materials by removing moisture through a process called lyophilization. This process involves freezing the material, reducing the pressure, and then removing the ice by sublimation, which helps in preserving the structure and composition of the material. Freeze dryers are commonly used in the food industry to preserve food, in pharmaceuticals to stabilize drugs, and in laboratories for various scientific applications.","health, food-beverage, food, pharma, cpg","false","394%","90500","Exploding","constant","Non-seasonal","Low","Positive","growing","Past 5 years","https://signails.com/topics/freeze-dryer-machine-hZm6dQEZ","{""facebook"":534,""linkedin"":10,""twitter"":1,""pinterest"":103,""reddit"":4,""tiktok"":70,""youtube"":199}","2021-04-01: 16, 2021-05-01: 15, 2021-06-01: 21, 2021-07-01: 17, 2021-08-01: 19, 2021-09-01: 18, 2021-10-01: 17, 2021-11-01: 14, 2021-12-01: 13, 2022-01-01: 17, 2022-02-01: 19, 2022-03-01: 26, 2022-04-01: 24, 2022-05-01: 23, 2022-06-01: 25, 2022-07-01: 23, 2022-08-01: 22, 2022-09-01: 22, 2022-10-01: 20, 2022-11-01: 19, 2022-12-01: 22, 2023-01-01: 36, 2023-02-01: 61, 2023-03-01: 51, 2023-04-01: 46, 2023-05-01: 41, 2023-06-01: 46, 2023-07-01: 72, 2023-08-01: 100, 2023-09-01: 82, 2023-10-01: 70, 2023-11-01: 63, 2023-12-01: 64, 2024-01-01: 63, 2024-02-01: 72, 2024-03-01: 77, 2024-04-01: 66, 2024-05-01: 86, 2024-06-01: 69, 2024-07-01: 74, 2024-08-01: 79, 2024-09-01: 87, 2024-10-01: 89, 2024-11-01: 80, 2024-12-01: 78, 2025-01-01: 74, 2025-02-01: 65, 2025-03-01: 61, 2025-04-01: 56, 2025-05-01: 59, 2025-06-01: 53, 2025-07-01: 57, 2025-08-01: 78, 2025-09-01: 63, 2025-10-01: 73, 2025-11-01: 79, 2025-12-01: 66, 2026-01-01: 61, 2026-02-01: 83, 2026-03-01: 79, 2026-03-29: 65, 2026-04-05: 69, 2026-04-12: 74"
"Portable camping stove","Compact and lightweight cooking devices designed for outdoor activities like camping, hiking, or backpacking. These stoves utilize various fuel types such as propane, butane, alcohol, or solid fuel tablets to offer a convenient method for cooking food or boiling water in outdoor environments. They are particularly beneficial for outdoor enthusiasts who require a portable and efficient cooking solution.","sports-outdoors, cooking, food, product","undefined","161%","12100","Exploding","exponential","Seasonal","Low","Positive","growing","Past 5 years","https://signails.com/topics/portable-camping-stove","{""facebook"":3540,""linkedin"":19,""twitter"":15,""pinterest"":1380,""reddit"":22,""tiktok"":570,""youtube"":557}","2021-04-01: 23, 2021-05-01: 22, 2021-06-01: 27, 2021-07-01: 25, 2021-08-01: 24, 2021-09-01: 19, 2021-10-01: 19, 2021-11-01: 21, 2021-12-01: 21, 2022-01-01: 22, 2022-02-01: 18, 2022-03-01: 20, 2022-04-01: 23, 2022-05-01: 21, 2022-06-01: 24, 2022-07-01: 25, 2022-08-01: 25, 2022-09-01: 24, 2022-10-01: 22, 2022-11-01: 19, 2022-12-01: 20, 2023-01-01: 19, 2023-02-01: 19, 2023-03-01: 18, 2023-04-01: 20, 2023-05-01: 21, 2023-06-01: 23, 2023-07-01: 24, 2023-08-01: 24, 2023-09-01: 21, 2023-10-01: 19, 2023-11-01: 20, 2023-12-01: 23, 2024-01-01: 24, 2024-02-01: 20, 2024-03-01: 20, 2024-04-01: 23, 2024-05-01: 24, 2024-06-01: 26, 2024-07-01: 27, 2024-08-01: 25, 2024-09-01: 26, 2024-10-01: 27, 2024-11-01: 25, 2024-12-01: 28, 2025-01-01: 31, 2025-02-01: 24, 2025-03-01: 28, 2025-04-01: 28, 2025-05-01: 31, 2025-06-01: 36, 2025-07-01: 37, 2025-08-01: 44, 2025-09-01: 38, 2025-10-01: 34, 2025-11-01: 34, 2025-12-01: 39, 2026-01-01: 48, 2026-02-01: 100, 2026-03-01: 60, 2026-04-05: 85, 2026-04-12: 92"
"Glutinous rice flour","A type of flour made from ground glutinous rice, commonly used in Asian cuisine. It is known for its sticky texture, making it ideal for desserts, dumplings, and other dishes that require a cohesive consistency. This flour is particularly popular among individuals preparing traditional Asian recipes and those seeking gluten-free alternatives, as it does not contain gluten despite its name.","food-beverage, industry, cooking, food, cpg","undefined","100%","49500","Exploding","exponential","Non-seasonal","Low","Positive","growing","Past 5 years","https://signails.com/topics/glutinous-rice-flour","{""facebook"":11100,""linkedin"":29,""twitter"":35,""pinterest"":1580,""reddit"":195,""tiktok"":483,""youtube"":3510}","2021-04-01: 39, 2021-05-01: 38, 2021-06-01: 34, 2021-07-01: 36, 2021-08-01: 36, 2021-09-01: 39, 2021-10-01: 32, 2021-11-01: 33, 2021-12-01: 38, 2022-01-01: 49, 2022-02-01: 44, 2022-03-01: 40, 2022-04-01: 38, 2022-05-01: 31, 2022-06-01: 33, 2022-07-01: 34, 2022-08-01: 38, 2022-09-01: 35, 2022-10-01: 34, 2022-11-01: 29, 2022-12-01: 37, 2023-01-01: 45, 2023-02-01: 38, 2023-03-01: 38, 2023-04-01: 47, 2023-05-01: 38, 2023-06-01: 38, 2023-07-01: 42, 2023-08-01: 40, 2023-09-01: 41, 2023-10-01: 36, 2023-11-01: 38, 2023-12-01: 41, 2024-01-01: 45, 2024-02-01: 50, 2024-03-01: 46, 2024-04-01: 38, 2024-05-01: 32, 2024-06-01: 34, 2024-07-01: 35, 2024-08-01: 35, 2024-09-01: 34, 2024-10-01: 36, 2024-11-01: 35, 2024-12-01: 40, 2025-01-01: 46, 2025-02-01: 41, 2025-03-01: 37, 2025-04-01: 39, 2025-05-01: 36, 2025-06-01: 38, 2025-07-01: 38, 2025-08-01: 42, 2025-09-01: 43, 2025-10-01: 45, 2025-11-01: 43, 2025-12-01: 45, 2026-01-01: 46, 2026-02-01: 58, 2026-03-01: 54, 2026-04-01: 76, 2026-03-29: 75, 2026-04-05: 75, 2026-04-12: 73"
"Freeze dried liver","Nutrient-rich food that provides essential vitamins and minerals like iron, vitamin A, B vitamins, and zinc, supporting immune function, metabolism, blood health, and brain function. It retains most of the nutritional benefits of fresh liver while having a longer shelf life, making it a convenient option for those seeking to incorporate organ meats into their diet. This product is particularly beneficial for individuals looking to enhance their nutrient intake with a focus on vitamins and minerals.","pets, product, food","undefined","389%","1900","Exploding","exponential","Seasonal","Low","Positive","growing","Past 5 years","https://signails.com/topics/freeze-dried-liver","{""facebook"":389,""linkedin"":1,""twitter"":0,""pinterest"":80,""reddit"":56,""tiktok"":95,""youtube"":42}","2021-04-01: 19, 2021-05-01: 21, 2021-06-01: 16, 2021-07-01: 22, 2021-08-01: 18, 2021-09-01: 21, 2021-10-01: 22, 2021-11-01: 19, 2021-12-01: 20, 2022-01-01: 32, 2022-02-01: 29, 2022-03-01: 24, 2022-04-01: 30, 2022-05-01: 28, 2022-06-01: 26, 2022-07-01: 28, 2022-08-01: 23, 2022-09-01: 28, 2022-10-01: 28, 2022-11-01: 29, 2022-12-01: 31, 2023-01-01: 32, 2023-02-01: 42, 2023-03-01: 40, 2023-04-01: 42, 2023-05-01: 40, 2023-06-01: 43, 2023-07-01: 46, 2023-08-01: 44, 2023-09-01: 37, 2023-10-01: 37, 2023-11-01: 39, 2023-12-01: 39, 2024-01-01: 40, 2024-02-01: 39, 2024-03-01: 43, 2024-04-01: 41, 2024-05-01: 44, 2024-06-01: 49, 2024-07-01: 47, 2024-08-01: 47, 2024-09-01: 50, 2024-10-01: 45, 2024-11-01: 53, 2024-12-01: 54, 2025-01-01: 55, 2025-02-01: 52, 2025-03-01: 58, 2025-04-01: 50, 2025-05-01: 51, 2025-06-01: 54, 2025-07-01: 61, 2025-08-01: 75, 2025-09-01: 74, 2025-10-01: 63, 2025-11-01: 69, 2025-12-01: 71, 2026-01-01: 67, 2026-02-01: 79, 2026-03-01: 93, 2026-04-05: 70, 2026-04-12: 69"
"capocollo","Traditional Italian and Corsican pork cold cut made from the dry-cured muscle running from the neck to the fourth or fifth rib of the pork shoulder or neck. It is seasoned with spices such as garlic and black pepper, sometimes wine, and cured for several months, resulting in a rich flavor and tender texture. Capocollo is enjoyed by those who appreciate high-quality, artisanal cured meats, often served in charcuterie boards or sandwiches.","food-beverage, industry, cooking, food, manufacturing","false","159%","135000","Exploding","constant","Seasonal","Low","Positive","declining","Past 5 years","https://signails.com/topics/capocollo","{""facebook"":10100,""linkedin"":90,""twitter"":47,""pinterest"":1880,""reddit"":741,""tiktok"":641,""youtube"":728}","2021-04-01: 47, 2021-05-01: 37, 2021-06-01: 39, 2021-07-01: 49, 2021-08-01: 63, 2021-09-01: 48, 2021-10-01: 44, 2021-11-01: 43, 2021-12-01: 41, 2022-01-01: 49, 2022-02-01: 46, 2022-03-01: 49, 2022-04-01: 62, 2022-05-01: 54, 2022-06-01: 58, 2022-07-01: 72, 2022-08-01: 76, 2022-09-01: 63, 2022-10-01: 55, 2022-11-01: 47, 2022-12-01: 59, 2023-01-01: 62, 2023-02-01: 61, 2023-03-01: 55, 2023-04-01: 69, 2023-05-01: 62, 2023-06-01: 62, 2023-07-01: 70, 2023-08-01: 81, 2023-09-01: 71, 2023-10-01: 60, 2023-11-01: 57, 2023-12-01: 63, 2024-01-01: 62, 2024-02-01: 60, 2024-03-01: 67, 2024-04-01: 68, 2024-05-01: 70, 2024-06-01: 72, 2024-07-01: 79, 2024-08-01: 96, 2024-09-01: 82, 2024-10-01: 74, 2024-11-01: 63, 2024-12-01: 67, 2025-01-01: 60, 2025-02-01: 64, 2025-03-01: 68, 2025-04-01: 80, 2025-05-01: 75, 2025-06-01: 77, 2025-07-01: 89, 2025-08-01: 100, 2025-09-01: 87, 2025-10-01: 75, 2025-11-01: 66, 2025-12-01: 69, 2026-01-01: 78, 2026-02-01: 70, 2026-03-01: 70, 2026-04-01: 96, 2026-04-05: 103, 2026-04-12: 105"
"L-Citrulline","A naturally occurring amino acid found in foods like watermelon and produced by the body. It is commonly used as a dietary supplement for its potential health benefits, including improved exercise performance, reduced muscle soreness, enhanced heart health, and support for erectile dysfunction. L-Citrulline is primarily targeted at athletes, individuals with cardiovascular concerns, and those seeking to improve their overall physical performance and recovery.","health, food-beverage, supplements, nutrition, food","false","583%","110000","Exploding","exponential","Seasonal","Low","Positive","declining","Past 5 years","https://signails.com/topics/l-citrulline","{""facebook"":2230,""linkedin"":201,""twitter"":25,""pinterest"":349,""reddit"":3650,""tiktok"":918,""youtube"":1090}","2021-04-01: 11, 2021-05-01: 12, 2021-06-01: 11, 2021-07-01: 11, 2021-08-01: 10, 2021-09-01: 11, 2021-10-01: 11, 2021-11-01: 12, 2021-12-01: 11, 2022-01-01: 14, 2022-02-01: 15, 2022-03-01: 14, 2022-04-01: 15, 2022-05-01: 14, 2022-06-01: 14, 2022-07-01: 14, 2022-08-01: 14, 2022-09-01: 13, 2022-10-01: 13, 2022-11-01: 14, 2022-12-01: 15, 2023-01-01: 18, 2023-02-01: 19, 2023-03-01: 18, 2023-04-01: 18, 2023-05-01: 20, 2023-06-01: 28, 2023-07-01: 21, 2023-08-01: 19, 2023-09-01: 22, 2023-10-01: 19, 2023-11-01: 19, 2023-12-01: 18, 2024-01-01: 22, 2024-02-01: 22, 2024-03-01: 21, 2024-04-01: 19, 2024-05-01: 18, 2024-06-01: 18, 2024-07-01: 18, 2024-08-01: 20, 2024-09-01: 19, 2024-10-01: 18, 2024-11-01: 17, 2024-12-01: 16, 2025-01-01: 21, 2025-02-01: 22, 2025-03-01: 22, 2025-04-01: 23, 2025-05-01: 24, 2025-06-01: 27, 2025-07-01: 36, 2025-08-01: 71, 2025-09-01: 59, 2025-10-01: 60, 2025-11-01: 62, 2025-12-01: 59, 2026-01-01: 62, 2026-02-01: 67, 2026-03-01: 100, 2026-04-01: 82, 2026-04-05: 70, 2026-04-12: 70"
"G Hughes","Brand known for producing a variety of food products, including salad dressings. G Hughes differentiates itself by offering sugar-free and gluten-free options, catering to health-conscious consumers. The brand primarily targets individuals seeking healthier alternatives to traditional condiments and dressings.","food-beverage, food, cooking, cpg","true","69%","8100","Exploding","exponential","Seasonal","Low","Negative","growing","Past 5 years","https://signails.com/topics/g-hughes","{""facebook"":3670,""linkedin"":220,""twitter"":162,""pinterest"":918,""reddit"":635,""tiktok"":694,""youtube"":348}","2021-04-01: 69, 2021-05-01: 59, 2021-06-01: 57, 2021-07-01: 54, 2021-08-01: 44, 2021-09-01: 42, 2021-10-01: 41, 2021-11-01: 32, 2021-12-01: 35, 2022-01-01: 55, 2022-02-01: 58, 2022-03-01: 53, 2022-04-01: 49, 2022-05-01: 49, 2022-06-01: 49, 2022-07-01: 48, 2022-08-01: 46, 2022-09-01: 39, 2022-10-01: 36, 2022-11-01: 34, 2022-12-01: 37, 2023-01-01: 59, 2023-02-01: 54, 2023-03-01: 49, 2023-04-01: 51, 2023-05-01: 50, 2023-06-01: 51, 2023-07-01: 47, 2023-08-01: 45, 2023-09-01: 39, 2023-10-01: 41, 2023-11-01: 33, 2023-12-01: 30, 2024-01-01: 54, 2024-02-01: 49, 2024-03-01: 53, 2024-04-01: 51, 2024-05-01: 51, 2024-06-01: 50, 2024-07-01: 48, 2024-08-01: 46, 2024-09-01: 44, 2024-10-01: 42, 2024-11-01: 35, 2024-12-01: 37, 2025-01-01: 65, 2025-02-01: 51, 2025-03-01: 60, 2025-04-01: 56, 2025-05-01: 52, 2025-06-01: 50, 2025-07-01: 55, 2025-08-01: 67, 2025-09-01: 64, 2025-10-01: 53, 2025-11-01: 57, 2025-12-01: 47, 2026-01-01: 73, 2026-02-01: 90, 2026-03-01: 86, 2026-04-01: 100, 2026-04-05: 82, 2026-04-12: 81"
"Backpack cooler","A backpack cooler is an insulated bag designed in the form of a backpack, allowing users to carry chilled food and beverages hands-free while maintaining cold temperatures for extended periods. It combines the functionality of a cooler with the portability and comfort of a backpack, often featuring multiple compartments, waterproof linings, and padded straps. Backpack coolers are primarily targeted at outdoor enthusiasts, such as hikers, campers, and beachgoers, who require mobile refrigeration for picnics or day trips.","lifestyle, travel, beverages, food, food-beverage","undefined","156%","49500","Exploding","constant","Seasonal","Low","Positive","declining","Past 5 years","https://signails.com/topics/backpack-cooler","{""facebook"":12000,""linkedin"":73,""twitter"":279,""pinterest"":5760,""reddit"":305,""tiktok"":1290,""youtube"":708}","2021-04-01: 32, 2021-05-01: 39, 2021-06-01: 56, 2021-07-01: 53, 2021-08-01: 41, 2021-09-01: 31, 2021-10-01: 24, 2021-11-01: 31, 2021-12-01: 33, 2022-01-01: 18, 2022-02-01: 19, 2022-03-01: 27, 2022-04-01: 32, 2022-05-01: 50, 2022-06-01: 72, 2022-07-01: 66, 2022-08-01: 45, 2022-09-01: 35, 2022-10-01: 27, 2022-11-01: 33, 2022-12-01: 32, 2023-01-01: 22, 2023-02-01: 24, 2023-03-01: 28, 2023-04-01: 31, 2023-05-01: 41, 2023-06-01: 60, 2023-07-01: 61, 2023-08-01: 41, 2023-09-01: 29, 2023-10-01: 23, 2023-11-01: 27, 2023-12-01: 30, 2024-01-01: 20, 2024-02-01: 23, 2024-03-01: 29, 2024-04-01: 35, 2024-05-01: 48, 2024-06-01: 73, 2024-07-01: 63, 2024-08-01: 45, 2024-09-01: 34, 2024-10-01: 26, 2024-11-01: 30, 2024-12-01: 38, 2025-01-01: 22, 2025-02-01: 25, 2025-03-01: 34, 2025-04-01: 39, 2025-05-01: 55, 2025-06-01: 71, 2025-07-01: 78, 2025-08-01: 66, 2025-09-01: 40, 2025-10-01: 37, 2025-11-01: 46, 2025-12-01: 44, 2026-01-01: 28, 2026-02-01: 44, 2026-03-01: 61, 2026-04-01: 100, 2026-03-29: 79, 2026-04-05: 84, 2026-04-12: 89"
"Fungi protein","Fungi protein is a nutrient-rich protein source derived from fungi, known for being high in protein, rich in amino acids, low in fat, and almost cholesterol-free. It serves as a promising supplement for both animal and plant proteins, with its flavor and quality largely influenced by the selection of strains and the fermentation process. This protein source is particularly beneficial for individuals seeking alternative protein options that are nutritious and low in fat, including vegetarians, vegans, and those looking to reduce cholesterol intake.","health, food-beverage, industry, nutrition, food, manufacturing","false","138%","260","Exploding","exponential","Seasonal","Average","Positive","declining","Past 5 years","https://signails.com/topics/fungi-protein","{""facebook"":22,""linkedin"":95,""twitter"":0,""pinterest"":15,""reddit"":14,""tiktok"":15,""youtube"":16}","2021-04-01: 42, 2021-05-01: 49, 2021-06-01: 47, 2021-07-01: 48, 2021-08-01: 38, 2021-09-01: 51, 2021-10-01: 50, 2021-11-01: 48, 2021-12-01: 43, 2022-01-01: 57, 2022-02-01: 65, 2022-03-01: 63, 2022-04-01: 62, 2022-05-01: 56, 2022-06-01: 53, 2022-07-01: 36, 2022-08-01: 32, 2022-09-01: 58, 2022-10-01: 55, 2022-11-01: 48, 2022-12-01: 43, 2023-01-01: 48, 2023-02-01: 57, 2023-03-01: 45, 2023-04-01: 56, 2023-05-01: 56, 2023-06-01: 45, 2023-07-01: 38, 2023-08-01: 35, 2023-09-01: 56, 2023-10-01: 53, 2023-11-01: 47, 2023-12-01: 43, 2024-01-01: 43, 2024-02-01: 61, 2024-03-01: 60, 2024-04-01: 54, 2024-05-01: 52, 2024-06-01: 43, 2024-07-01: 36, 2024-08-01: 42, 2024-09-01: 61, 2024-10-01: 55, 2024-11-01: 49, 2024-12-01: 44, 2025-01-01: 52, 2025-02-01: 64, 2025-03-01: 60, 2025-04-01: 61, 2025-05-01: 52, 2025-06-01: 45, 2025-07-01: 40, 2025-08-01: 49, 2025-09-01: 83, 2025-10-01: 75, 2025-11-01: 73, 2025-12-01: 60, 2026-01-01: 68, 2026-02-01: 100, 2026-03-01: 100, 2026-04-05: 65, 2026-04-12: 64"
"Microgreens","Young, edible plants harvested at the cotyledon stage, typically between 7 to 21 days after germination. Known for their intense flavors, vibrant colors, and high nutritional content, they are developed from various commercial food crops, including vegetables, grains, and herbs. Microgreens are often used in salads, sandwiches, and as garnishes in various culinary dishes, appealing to health-conscious consumers and culinary enthusiasts.","health, food-beverage, lifestyle, nutrition, food, gardening-agriculture","false","52%","135000","Exploding","exponential","Seasonal","Low","Positive","growing","Past 5 years","https://signails.com/topics/microgreens","{""facebook"":134000,""linkedin"":3910,""twitter"":607,""pinterest"":41900,""reddit"":23000,""tiktok"":4340,""youtube"":28800}","2021-04-01: 66, 2021-05-01: 63, 2021-06-01: 49, 2021-07-01: 44, 2021-08-01: 42, 2021-09-01: 41, 2021-10-01: 42, 2021-11-01: 39, 2021-12-01: 38, 2022-01-01: 50, 2022-02-01: 51, 2022-03-01: 62, 2022-04-01: 57, 2022-05-01: 50, 2022-06-01: 46, 2022-07-01: 42, 2022-08-01: 46, 2022-09-01: 42, 2022-10-01: 40, 2022-11-01: 38, 2022-12-01: 41, 2023-01-01: 59, 2023-02-01: 67, 2023-03-01: 71, 2023-04-01: 67, 2023-05-01: 69, 2023-06-01: 56, 2023-07-01: 50, 2023-08-01: 46, 2023-09-01: 45, 2023-10-01: 45, 2023-11-01: 41, 2023-12-01: 40, 2024-01-01: 59, 2024-02-01: 60, 2024-03-01: 61, 2024-04-01: 50, 2024-05-01: 47, 2024-06-01: 44, 2024-07-01: 40, 2024-08-01: 41, 2024-09-01: 42, 2024-10-01: 45, 2024-11-01: 44, 2024-12-01: 48, 2025-01-01: 53, 2025-02-01: 58, 2025-03-01: 66, 2025-04-01: 62, 2025-05-01: 57, 2025-06-01: 52, 2025-07-01: 48, 2025-08-01: 79, 2025-09-01: 69, 2025-10-01: 67, 2025-11-01: 73, 2025-12-01: 63, 2026-01-01: 72, 2026-02-01: 87, 2026-03-01: 100, 2026-04-05: 73, 2026-04-12: 67"
"Makhana","A species of water lily found in southern and eastern Asia, known for its edible seeds. These seeds are commonly dried and consumed in various forms, offering nutritional benefits such as being a good source of protein, fiber, and micronutrients like calcium, magnesium, iron, and phosphorus. Makhana is particularly popular among health-conscious individuals and those seeking nutritious snack options.","health, food-beverage, industry, nutrition, cooking, food","false","93%","301000","Exploding","constant","Seasonal","Average","Neutral","growing","Past 5 years","https://signails.com/topics/makhana","{""facebook"":68000,""linkedin"":3140,""twitter"":411,""pinterest"":15500,""reddit"":1390,""tiktok"":1770,""youtube"":102000}","2021-04-01: 40, 2021-05-01: 44, 2021-06-01: 39, 2021-07-01: 40, 2021-08-01: 39, 2021-09-01: 36, 2021-10-01: 41, 2021-11-01: 30, 2021-12-01: 32, 2022-01-01: 42, 2022-02-01: 46, 2022-03-01: 44, 2022-04-01: 45, 2022-05-01: 45, 2022-06-01: 50, 2022-07-01: 57, 2022-08-01: 65, 2022-09-01: 72, 2022-10-01: 57, 2022-11-01: 53, 2022-12-01: 56, 2023-01-01: 58, 2023-02-01: 58, 2023-03-01: 61, 2023-04-01: 59, 2023-05-01: 62, 2023-06-01: 66, 2023-07-01: 82, 2023-08-01: 79, 2023-09-01: 88, 2023-10-01: 77, 2023-11-01: 61, 2023-12-01: 67, 2024-01-01: 61, 2024-02-01: 70, 2024-03-01: 73, 2024-04-01: 65, 2024-05-01: 64, 2024-06-01: 67, 2024-07-01: 78, 2024-08-01: 85, 2024-09-01: 77, 2024-10-01: 71, 2024-11-01: 62, 2024-12-01: 65, 2025-01-01: 64, 2025-02-01: 100, 2025-03-01: 74, 2025-04-01: 71, 2025-05-01: 68, 2025-06-01: 70, 2025-07-01: 89, 2025-08-01: 93, 2025-09-01: 98, 2025-10-01: 76, 2025-11-01: 75, 2025-12-01: 76, 2026-01-01: 80, 2026-02-01: 84, 2026-03-01: 88, 2026-04-01: 85, 2026-03-29: 86, 2026-04-05: 85, 2026-04-12: 88"
"Meal prep container","Containers designed for storing and organizing meals ahead of time, facilitating portion control and efficient time management. These containers are available in various materials and sizes, often featuring compartments, and are typically durable, reusable, and safe for use in microwaves and dishwashers. They are particularly beneficial for individuals seeking to streamline meal preparation and maintain a structured dietary routine.","cooking, food, food-beverage, health, nutrition, home, ecommerce, fitness, kitchen","false","791%","60500","Exploding","exponential","Seasonal","Low","Positive","declining","Past 5 years","https://signails.com/topics/meal-prep-container","{""facebook"":1260,""linkedin"":0,""twitter"":16,""pinterest"":1460,""reddit"":92,""tiktok"":392,""youtube"":82}","2021-04-01: 11, 2021-05-01: 11, 2021-06-01: 10, 2021-07-01: 12, 2021-08-01: 12, 2021-09-01: 13, 2021-10-01: 10, 2021-11-01: 11, 2021-12-01: 8, 2022-01-01: 17, 2022-02-01: 14, 2022-03-01: 13, 2022-04-01: 13, 2022-05-01: 11, 2022-06-01: 12, 2022-07-01: 14, 2022-08-01: 14, 2022-09-01: 14, 2022-10-01: 15, 2022-11-01: 12, 2022-12-01: 14, 2023-01-01: 22, 2023-02-01: 19, 2023-03-01: 17, 2023-04-01: 16, 2023-05-01: 14, 2023-06-01: 14, 2023-07-01: 18, 2023-08-01: 19, 2023-09-01: 19, 2023-10-01: 19, 2023-11-01: 18, 2023-12-01: 16, 2024-01-01: 27, 2024-02-01: 23, 2024-03-01: 20, 2024-04-01: 21, 2024-05-01: 19, 2024-06-01: 22, 2024-07-01: 22, 2024-08-01: 23, 2024-09-01: 25, 2024-10-01: 23, 2024-11-01: 27, 2024-12-01: 20, 2025-01-01: 46, 2025-02-01: 32, 2025-03-01: 32, 2025-04-01: 28, 2025-05-01: 25, 2025-06-01: 34, 2025-07-01: 33, 2025-08-01: 59, 2025-09-01: 52, 2025-10-01: 43, 2025-11-01: 50, 2025-12-01: 43, 2026-01-01: 66, 2026-02-01: 100, 2026-03-01: 98, 2026-04-05: 64, 2026-04-12: 65"
"Protein ice cream","This frozen dessert offers a higher protein content compared to traditional ice cream, often featuring reduced sugar and calorie levels. It differentiates itself by catering to health-conscious consumers, particularly those focused on fitness and nutrition, with brands like Halo Top and Enlightened leading the market. The primary audience includes fitness enthusiasts and individuals seeking healthier dessert options without compromising on taste.","product, food, food-beverage","undefined","355%","60500","Exploding","exponential","Seasonal","Low","Positive","stationary","Past 5 years","https://signails.com/topics/protein-ice-cream","{""facebook"":13100,""linkedin"":179,""twitter"":115,""pinterest"":48000,""reddit"":900,""tiktok"":4010,""youtube"":4220}","2021-04-01: 22, 2021-05-01: 24, 2021-06-01: 23, 2021-07-01: 24, 2021-08-01: 19, 2021-09-01: 16, 2021-10-01: 15, 2021-11-01: 12, 2021-12-01: 11, 2022-01-01: 22, 2022-02-01: 24, 2022-03-01: 23, 2022-04-01: 24, 2022-05-01: 27, 2022-06-01: 30, 2022-07-01: 28, 2022-08-01: 25, 2022-09-01: 21, 2022-10-01: 20, 2022-11-01: 17, 2022-12-01: 15, 2023-01-01: 26, 2023-02-01: 24, 2023-03-01: 27, 2023-04-01: 32, 2023-05-01: 35, 2023-06-01: 39, 2023-07-01: 35, 2023-08-01: 33, 2023-09-01: 29, 2023-10-01: 25, 2023-11-01: 22, 2023-12-01: 21, 2024-01-01: 39, 2024-02-01: 35, 2024-03-01: 36, 2024-04-01: 41, 2024-05-01: 43, 2024-06-01: 49, 2024-07-01: 55, 2024-08-01: 45, 2024-09-01: 41, 2024-10-01: 35, 2024-11-01: 31, 2024-12-01: 36, 2025-01-01: 53, 2025-02-01: 49, 2025-03-01: 53, 2025-04-01: 54, 2025-05-01: 66, 2025-06-01: 79, 2025-07-01: 81, 2025-08-01: 95, 2025-09-01: 73, 2025-10-01: 59, 2025-11-01: 54, 2025-12-01: 48, 2026-01-01: 92, 2026-02-01: 87, 2026-03-01: 100, 2026-04-05: 89, 2026-04-12: 88"
"Fly fan","Device designed to repel flies and other insects, available in various forms such as air curtain fly fans for commercial use and portable tabletop fly fans for personal use. Air curtain fly fans create a barrier of air to prevent flies from entering, while tabletop fly fans use soft blades and sometimes holographic patterns to keep flies away from food and other areas. These devices are beneficial for both commercial establishments and individuals seeking to maintain a fly-free environment.","travel, home, kitchen, product, food-beverage, lifestyle, home-decor, food","false","252.99999999999997%","9900","Exploding","exponential","Seasonal","Low","Positive","stationary","Past 5 years","https://signails.com/topics/fly-fan","{""facebook"":1060,""linkedin"":14,""twitter"":48,""pinterest"":584,""reddit"":39,""tiktok"":270,""youtube"":336}","2021-04-01: 19, 2021-05-01: 18, 2021-06-01: 25, 2021-07-01: 37, 2021-08-01: 29, 2021-09-01: 25, 2021-10-01: 21, 2021-11-01: 24, 2021-12-01: 30, 2022-01-01: 27, 2022-02-01: 22, 2022-03-01: 22, 2022-04-01: 22, 2022-05-01: 24, 2022-06-01: 29, 2022-07-01: 37, 2022-08-01: 30, 2022-09-01: 25, 2022-10-01: 22, 2022-11-01: 25, 2022-12-01: 38, 2023-01-01: 27, 2023-02-01: 21, 2023-03-01: 19, 2023-04-01: 21, 2023-05-01: 28, 2023-06-01: 41, 2023-07-01: 42, 2023-08-01: 34, 2023-09-01: 29, 2023-10-01: 25, 2023-11-01: 27, 2023-12-01: 49, 2024-01-01: 34, 2024-02-01: 28, 2024-03-01: 26, 2024-04-01: 30, 2024-05-01: 35, 2024-06-01: 47, 2024-07-01: 42, 2024-08-01: 36, 2024-09-01: 31, 2024-10-01: 30, 2024-11-01: 31, 2024-12-01: 47, 2025-01-01: 33, 2025-02-01: 30, 2025-03-01: 28, 2025-04-01: 32, 2025-05-01: 45, 2025-06-01: 53, 2025-07-01: 68, 2025-08-01: 100, 2025-09-01: 69, 2025-10-01: 54, 2025-11-01: 57, 2025-12-01: 74, 2026-01-01: 59, 2026-02-01: 84, 2026-03-01: 67, 2026-04-05: 80, 2026-04-12: 81"
"Raw Dog food","Raw dog food, often referred to as a raw diet, includes components such as muscle meat, bones, organ meats, raw vegetables, fruits, and some dairy products. Proponents believe it can lead to benefits like shinier coats, healthier skin, cleaner teeth, higher energy levels, and smaller stools, though there are risks like bacterial contamination and potential nutritional imbalances. This diet is primarily targeted at dog owners seeking natural and potentially more nutritious feeding options for their pets, but it is crucial to consult with a veterinarian before making the switch.","health, food-beverage, lifestyle, pets, diets, food","false","82%","90500","Exploding","exponential","Seasonal","Low","Positive","growing","Past 5 years","https://signails.com/topics/raw-dog-food","{""facebook"":22500,""linkedin"":185,""twitter"":73,""pinterest"":9990,""reddit"":432,""tiktok"":1070,""youtube"":1940}","2021-04-01: 55, 2021-05-01: 55, 2021-06-01: 53, 2021-07-01: 58, 2021-08-01: 58, 2021-09-01: 52, 2021-10-01: 51, 2021-11-01: 46, 2021-12-01: 47, 2022-01-01: 58, 2022-02-01: 54, 2022-03-01: 50, 2022-04-01: 51, 2022-05-01: 46, 2022-06-01: 45, 2022-07-01: 45, 2022-08-01: 47, 2022-09-01: 44, 2022-10-01: 44, 2022-11-01: 39, 2022-12-01: 38, 2023-01-01: 47, 2023-02-01: 50, 2023-03-01: 45, 2023-04-01: 47, 2023-05-01: 42, 2023-06-01: 46, 2023-07-01: 53, 2023-08-01: 49, 2023-09-01: 45, 2023-10-01: 44, 2023-11-01: 43, 2023-12-01: 41, 2024-01-01: 52, 2024-02-01: 53, 2024-03-01: 48, 2024-04-01: 44, 2024-05-01: 42, 2024-06-01: 41, 2024-07-01: 46, 2024-08-01: 47, 2024-09-01: 41, 2024-10-01: 39, 2024-11-01: 39, 2024-12-01: 39, 2025-01-01: 46, 2025-02-01: 41, 2025-03-01: 41, 2025-04-01: 37, 2025-05-01: 44, 2025-06-01: 39, 2025-07-01: 43, 2025-08-01: 53, 2025-09-01: 50, 2025-10-01: 49, 2025-11-01: 48, 2025-12-01: 44, 2026-01-01: 56, 2026-02-01: 65, 2026-03-01: 67, 2026-04-01: 100, 2026-03-22: 75, 2026-03-29: 76, 2026-04-05: 74, 2026-04-12: 74"
"cruffins","Hybrid pastry that combines elements of a croissant and a muffin, made by proofing and baking laminated dough in a muffin mold. The cruffin is typically filled with various creams, jams, crème pâtissières, or curds, and then garnished, offering a unique texture and flavor experience. Cruffins are popular among pastry enthusiasts and those seeking innovative and indulgent baked goods.","food-beverage, cooking, food, cpg","false","45%","60500","Exploding","exponential","Non-seasonal","Average","Positive","growing","Past 5 years","https://signails.com/topics/cruffins","{""facebook"":16300,""linkedin"":35,""twitter"":70,""pinterest"":1120,""reddit"":333,""tiktok"":747,""youtube"":780}","2021-04-01: 57, 2021-05-01: 69, 2021-06-01: 39, 2021-07-01: 40, 2021-08-01: 42, 2021-09-01: 44, 2021-10-01: 45, 2021-11-01: 33, 2021-12-01: 34, 2022-01-01: 45, 2022-02-01: 35, 2022-03-01: 44, 2022-04-01: 44, 2022-05-01: 32, 2022-06-01: 34, 2022-07-01: 37, 2022-08-01: 37, 2022-09-01: 41, 2022-10-01: 47, 2022-11-01: 39, 2022-12-01: 44, 2023-01-01: 59, 2023-02-01: 54, 2023-03-01: 56, 2023-04-01: 64, 2023-05-01: 48, 2023-06-01: 58, 2023-07-01: 59, 2023-08-01: 87, 2023-09-01: 78, 2023-10-01: 87, 2023-11-01: 74, 2023-12-01: 67, 2024-01-01: 66, 2024-02-01: 92, 2024-03-01: 95, 2024-04-01: 85, 2024-05-01: 58, 2024-06-01: 77, 2024-07-01: 68, 2024-08-01: 60, 2024-09-01: 61, 2024-10-01: 54, 2024-11-01: 55, 2024-12-01: 70, 2025-01-01: 73, 2025-02-01: 57, 2025-03-01: 71, 2025-04-01: 64, 2025-05-01: 78, 2025-06-01: 86, 2025-07-01: 76, 2025-08-01: 88, 2025-09-01: 62, 2025-10-01: 74, 2025-11-01: 80, 2025-12-01: 67, 2026-01-01: 68, 2026-02-01: 82, 2026-03-01: 93, 2026-04-01: 100, 2026-04-05: 57, 2026-04-12: 65"
"Pumpkin seed protein","Derived from pumpkin seeds, this protein source is rich in essential nutrients such as protein, fiber, and healthy fats. It offers several health benefits, including supporting heart health, aiding digestion, and providing essential minerals like magnesium and zinc. Pumpkin seed protein is often used in dietary supplements and protein powders, appealing to health-conscious individuals and those seeking plant-based protein alternatives.","health, food-beverage, industry, lifestyle, supplements, nutrition, pharma, food, cpg, gardening-agriculture","false","543%","22200","Exploding","exponential","Seasonal","Low","Positive","stationary","Past 5 years","https://signails.com/topics/pumpkin-seed-protein","{""facebook"":205,""linkedin"":89,""twitter"":0,""pinterest"":262,""reddit"":57,""tiktok"":39,""youtube"":149}","2021-04-01: 14, 2021-05-01: 17, 2021-06-01: 15, 2021-07-01: 14, 2021-08-01: 15, 2021-09-01: 19, 2021-10-01: 14, 2021-11-01: 15, 2021-12-01: 13, 2022-01-01: 18, 2022-02-01: 21, 2022-03-01: 24, 2022-04-01: 17, 2022-05-01: 19, 2022-06-01: 20, 2022-07-01: 20, 2022-08-01: 20, 2022-09-01: 20, 2022-10-01: 27, 2022-11-01: 17, 2022-12-01: 22, 2023-01-01: 21, 2023-02-01: 25, 2023-03-01: 19, 2023-04-01: 24, 2023-05-01: 22, 2023-06-01: 23, 2023-07-01: 29, 2023-08-01: 26, 2023-09-01: 30, 2023-10-01: 31, 2023-11-01: 23, 2023-12-01: 20, 2024-01-01: 31, 2024-02-01: 30, 2024-03-01: 31, 2024-04-01: 30, 2024-05-01: 34, 2024-06-01: 29, 2024-07-01: 35, 2024-08-01: 34, 2024-09-01: 35, 2024-10-01: 32, 2024-11-01: 34, 2024-12-01: 28, 2025-01-01: 41, 2025-02-01: 38, 2025-03-01: 43, 2025-04-01: 40, 2025-05-01: 45, 2025-06-01: 44, 2025-07-01: 75, 2025-08-01: 97, 2025-09-01: 99, 2025-10-01: 91, 2025-11-01: 78, 2025-12-01: 61, 2026-01-01: 70, 2026-02-01: 68, 2026-03-01: 90, 2026-04-05: 76, 2026-04-12: 82"
"Hispi Cabbage","A type of green cabbage known for its sweeter taste and pointy shape, often referred to as hearted or sweetheart cabbage. Hispi cabbage is commonly used in various culinary dishes and is valued for its tender texture and mild flavor, making it a versatile ingredient in both raw and cooked forms. This cabbage variety is particularly popular among home cooks and chefs looking to add a sweet and tender vegetable to their dishes.","food, food-beverage, cooking, gardening-agriculture","false","71%","18100","Exploding","exponential","Seasonal","Low","Positive","growing","Past 5 years","https://signails.com/topics/hispi-cabbage","{""facebook"":935,""linkedin"":14,""twitter"":43,""pinterest"":1590,""reddit"":18,""tiktok"":105,""youtube"":98}","2021-04-01: 45, 2021-05-01: 52, 2021-06-01: 34, 2021-07-01: 37, 2021-08-01: 34, 2021-09-01: 47, 2021-10-01: 50, 2021-11-01: 42, 2021-12-01: 50, 2022-01-01: 58, 2022-02-01: 53, 2022-03-01: 49, 2022-04-01: 50, 2022-05-01: 40, 2022-06-01: 38, 2022-07-01: 37, 2022-08-01: 34, 2022-09-01: 42, 2022-10-01: 45, 2022-11-01: 43, 2022-12-01: 71, 2023-01-01: 44, 2023-02-01: 51, 2023-03-01: 60, 2023-04-01: 51, 2023-05-01: 46, 2023-06-01: 56, 2023-07-01: 50, 2023-08-01: 49, 2023-09-01: 43, 2023-10-01: 55, 2023-11-01: 73, 2023-12-01: 53, 2024-01-01: 60, 2024-02-01: 60, 2024-03-01: 59, 2024-04-01: 65, 2024-05-01: 68, 2024-06-01: 52, 2024-07-01: 55, 2024-08-01: 59, 2024-09-01: 60, 2024-10-01: 71, 2024-11-01: 91, 2024-12-01: 75, 2025-01-01: 72, 2025-02-01: 73, 2025-03-01: 87, 2025-04-01: 67, 2025-05-01: 73, 2025-06-01: 80, 2025-07-01: 75, 2025-08-01: 100, 2025-09-01: 73, 2025-10-01: 77, 2025-11-01: 86, 2025-12-01: 70, 2026-01-01: 91, 2026-02-01: 93, 2026-03-01: 90, 2026-04-01: 89, 2026-04-05: 46, 2026-04-12: 48"
"ajitsuke","Japanese method of seasoning or flavoring food, commonly used for dishes like seasoned eggs often served with ramen. The eggs are marinated in a mixture of soy sauce, mirin, and other seasonings to give them a rich, savory flavor, enhancing the overall taste of the dish. This technique is particularly popular among ramen enthusiasts and those who enjoy Japanese cuisine.","food-beverage, cooking, food","false","163%","1900","Exploding","exponential","Seasonal","Average","Positive","growing","Past 5 years","https://signails.com/topics/ajitsuke","{""facebook"":844,""linkedin"":15,""twitter"":1,""pinterest"":2420,""reddit"":741,""tiktok"":177,""youtube"":221}","2021-04-01: 30, 2021-05-01: 35, 2021-06-01: 25, 2021-07-01: 30, 2021-08-01: 34, 2021-09-01: 31, 2021-10-01: 30, 2021-11-01: 29, 2021-12-01: 28, 2022-01-01: 43, 2022-02-01: 35, 2022-03-01: 37, 2022-04-01: 30, 2022-05-01: 36, 2022-06-01: 34, 2022-07-01: 36, 2022-08-01: 29, 2022-09-01: 32, 2022-10-01: 32, 2022-11-01: 26, 2022-12-01: 38, 2023-01-01: 43, 2023-02-01: 36, 2023-03-01: 33, 2023-04-01: 36, 2023-05-01: 38, 2023-06-01: 41, 2023-07-01: 43, 2023-08-01: 38, 2023-09-01: 29, 2023-10-01: 38, 2023-11-01: 37, 2023-12-01: 38, 2024-01-01: 36, 2024-02-01: 45, 2024-03-01: 41, 2024-04-01: 37, 2024-05-01: 33, 2024-06-01: 30, 2024-07-01: 35, 2024-08-01: 41, 2024-09-01: 42, 2024-10-01: 35, 2024-11-01: 41, 2024-12-01: 44, 2025-01-01: 48, 2025-02-01: 100, 2025-03-01: 51, 2025-04-01: 41, 2025-05-01: 42, 2025-06-01: 47, 2025-07-01: 39, 2025-08-01: 49, 2025-09-01: 47, 2025-10-01: 52, 2025-11-01: 47, 2025-12-01: 55, 2026-01-01: 63, 2026-02-01: 74, 2026-03-01: 79, 2026-04-05: 60, 2026-04-12: 63"
"Red matcha","A type of powder made from hand-picked, micro-milled hibiscus flowers (Hibiscus sabdariffa). These flowers are harvested in the evening and early morning hours to maximize aroma and flavor, offering a unique and vibrant taste profile. Red matcha is particularly appealing to tea enthusiasts and individuals seeking a caffeine-free, antioxidant-rich beverage option.","health, food-beverage, beverages, food, nutrition","false","518%","320","Exploding","exponential","Seasonal","Low","Positive","declining","Past 5 years","https://signails.com/topics/red-matcha","{""facebook"":312,""linkedin"":1,""twitter"":93,""pinterest"":66,""reddit"":50,""tiktok"":177,""youtube"":75}","2021-04-01: 10, 2021-05-01: 11, 2021-06-01: 11, 2021-07-01: 12, 2021-08-01: 11, 2021-09-01: 12, 2021-10-01: 11, 2021-11-01: 10, 2021-12-01: 11, 2022-01-01: 15, 2022-02-01: 15, 2022-03-01: 14, 2022-04-01: 13, 2022-05-01: 11, 2022-06-01: 14, 2022-07-01: 13, 2022-08-01: 12, 2022-09-01: 13, 2022-10-01: 13, 2022-11-01: 12, 2022-12-01: 13, 2023-01-01: 15, 2023-02-01: 16, 2023-03-01: 18, 2023-04-01: 14, 2023-05-01: 15, 2023-06-01: 15, 2023-07-01: 15, 2023-08-01: 16, 2023-09-01: 15, 2023-10-01: 17, 2023-11-01: 15, 2023-12-01: 15, 2024-01-01: 16, 2024-02-01: 16, 2024-03-01: 17, 2024-04-01: 18, 2024-05-01: 18, 2024-06-01: 18, 2024-07-01: 18, 2024-08-01: 18, 2024-09-01: 19, 2024-10-01: 18, 2024-11-01: 22, 2024-12-01: 22, 2025-01-01: 26, 2025-02-01: 28, 2025-03-01: 28, 2025-04-01: 29, 2025-05-01: 30, 2025-06-01: 32, 2025-07-01: 40, 2025-08-01: 86, 2025-09-01: 80, 2025-10-01: 63, 2025-11-01: 72, 2025-12-01: 60, 2026-01-01: 57, 2026-02-01: 100, 2026-03-01: 72, 2026-04-01: 68, 2026-04-05: 74, 2026-04-12: 73"
"Affogato","Italian dessert that consists of a scoop of vanilla gelato or ice cream topped with a shot of hot espresso. This combination creates a delightful contrast between the hot, bitter espresso and the cold, sweet ice cream, offering a unique and indulgent flavor experience. Affogato is popular among coffee and dessert lovers who enjoy a simple yet sophisticated treat.","food-beverage, lifestyle, cooking, food, beverages","false","152%","550000","Exploding","constant","Seasonal","Low","Positive","declining","Past 5 years","https://signails.com/topics/affogato","{""facebook"":77300,""linkedin"":484,""twitter"":1220,""pinterest"":35200,""reddit"":6510,""tiktok"":14000,""youtube"":13300}","2021-04-01: 20, 2021-05-01: 25, 2021-06-01: 31, 2021-07-01: 36, 2021-08-01: 38, 2021-09-01: 26, 2021-10-01: 25, 2021-11-01: 22, 2021-12-01: 24, 2022-01-01: 25, 2022-02-01: 47, 2022-03-01: 41, 2022-04-01: 37, 2022-05-01: 40, 2022-06-01: 45, 2022-07-01: 68, 2022-08-01: 100, 2022-09-01: 52, 2022-10-01: 45, 2022-11-01: 41, 2022-12-01: 41, 2023-01-01: 36, 2023-02-01: 44, 2023-03-01: 34, 2023-04-01: 38, 2023-05-01: 45, 2023-06-01: 51, 2023-07-01: 66, 2023-08-01: 64, 2023-09-01: 53, 2023-10-01: 43, 2023-11-01: 41, 2023-12-01: 45, 2024-01-01: 47, 2024-02-01: 53, 2024-03-01: 52, 2024-04-01: 56, 2024-05-01: 70, 2024-06-01: 76, 2024-07-01: 77, 2024-08-01: 80, 2024-09-01: 59, 2024-10-01: 52, 2024-11-01: 44, 2024-12-01: 50, 2025-01-01: 50, 2025-02-01: 53, 2025-03-01: 59, 2025-04-01: 60, 2025-05-01: 70, 2025-06-01: 76, 2025-07-01: 85, 2025-08-01: 83, 2025-09-01: 63, 2025-10-01: 57, 2025-11-01: 57, 2025-12-01: 64, 2026-01-01: 54, 2026-02-01: 58, 2026-03-01: 62, 2026-04-01: 63, 2026-03-29: 70, 2026-04-05: 67, 2026-04-12: 70"
"Tinned sardines","Canned small, oily fish known for their rich flavor and nutritional benefits, including omega-3 fatty acids and protein. These fish are typically packed in oil, water, or sauce, offering convenience and a long shelf life, making them a versatile pantry staple. Tinned sardines are popular among health-conscious consumers and those seeking quick, nutritious meal options.","health, food-beverage, nutrition, food, grocery, retail","true","318%","60500","Exploding","exponential","Seasonal","Average","Positive","growing","Past 5 years","https://signails.com/topics/tinned-sardines","{""facebook"":344,""linkedin"":59,""twitter"":79,""pinterest"":1140,""reddit"":95,""tiktok"":288,""youtube"":77}","2021-04-01: 17, 2021-05-01: 20, 2021-06-01: 15, 2021-07-01: 15, 2021-08-01: 15, 2021-09-01: 18, 2021-10-01: 16, 2021-11-01: 18, 2021-12-01: 12, 2022-01-01: 20, 2022-02-01: 22, 2022-03-01: 16, 2022-04-01: 15, 2022-05-01: 21, 2022-06-01: 21, 2022-07-01: 21, 2022-08-01: 20, 2022-09-01: 20, 2022-10-01: 19, 2022-11-01: 18, 2022-12-01: 14, 2023-01-01: 24, 2023-02-01: 25, 2023-03-01: 25, 2023-04-01: 24, 2023-05-01: 22, 2023-06-01: 28, 2023-07-01: 29, 2023-08-01: 27, 2023-09-01: 28, 2023-10-01: 25, 2023-11-01: 22, 2023-12-01: 23, 2024-01-01: 35, 2024-02-01: 37, 2024-03-01: 34, 2024-04-01: 39, 2024-05-01: 34, 2024-06-01: 36, 2024-07-01: 32, 2024-08-01: 31, 2024-09-01: 33, 2024-10-01: 39, 2024-11-01: 32, 2024-12-01: 32, 2025-01-01: 51, 2025-02-01: 40, 2025-03-01: 43, 2025-04-01: 49, 2025-05-01: 51, 2025-06-01: 49, 2025-07-01: 53, 2025-08-01: 64, 2025-09-01: 61, 2025-10-01: 68, 2025-11-01: 66, 2025-12-01: 79, 2026-01-01: 96, 2026-02-01: 100, 2026-03-01: 92, 2026-03-29: 95, 2026-04-05: 95, 2026-04-12: 96"
"Bee bread","Fermented mixture of pollen, honey, and bee secretions stored in honeycomb cells by worker bees. This mixture serves as a primary source of protein for the bee colony, particularly benefiting larvae and young bees, and is enhanced through fermentation to be more digestible and rich in nutrients. Bee bread is primarily utilized by beekeepers and those interested in natural health supplements due to its high nutritional value.","health, food-beverage, industry, nutrition, food, manufacturing","false","338%","18100","Exploding","exponential","Non-seasonal","Low","Positive","growing","Past 5 years","https://signails.com/topics/bee-bread","{""facebook"":2470,""linkedin"":71,""twitter"":16,""pinterest"":588,""reddit"":74,""tiktok"":502,""youtube"":624}","2021-04-01: 13, 2021-05-01: 13, 2021-06-01: 12, 2021-07-01: 14, 2021-08-01: 14, 2021-09-01: 16, 2021-10-01: 13, 2021-11-01: 13, 2021-12-01: 32, 2022-01-01: 21, 2022-02-01: 17, 2022-03-01: 15, 2022-04-01: 16, 2022-05-01: 17, 2022-06-01: 18, 2022-07-01: 20, 2022-08-01: 18, 2022-09-01: 17, 2022-10-01: 18, 2022-11-01: 16, 2022-12-01: 17, 2023-01-01: 19, 2023-02-01: 25, 2023-03-01: 21, 2023-04-01: 19, 2023-05-01: 25, 2023-06-01: 25, 2023-07-01: 23, 2023-08-01: 76, 2023-09-01: 100, 2023-10-01: 41, 2023-11-01: 37, 2023-12-01: 29, 2024-01-01: 35, 2024-02-01: 33, 2024-03-01: 44, 2024-04-01: 37, 2024-05-01: 37, 2024-06-01: 29, 2024-07-01: 30, 2024-08-01: 32, 2024-09-01: 46, 2024-10-01: 30, 2024-11-01: 26, 2024-12-01: 25, 2025-01-01: 25, 2025-02-01: 23, 2025-03-01: 27, 2025-04-01: 25, 2025-05-01: 39, 2025-06-01: 34, 2025-07-01: 34, 2025-08-01: 34, 2025-09-01: 32, 2025-10-01: 29, 2025-11-01: 32, 2025-12-01: 31, 2026-01-01: 39, 2026-02-01: 57, 2026-03-01: 81, 2026-04-01: 57, 2026-03-29: 72, 2026-04-05: 69, 2026-04-12: 65"
"Cultured meat","Cultured meat, also known as lab-grown or cell-based meat, is produced by cultivating animal cells in a controlled environment. This innovative process aims to create muscle tissue similar to conventional meat without the need for raising and slaughtering animals, offering a more sustainable and ethical alternative. The primary target demographic includes environmentally conscious consumers and those concerned with animal welfare.","technology, food-beverage, industry, food, manufacturing, ai","false","110.00000000000001%","14800","Exploding","exponential","Non-seasonal","Low","Neutral","growing","Past 5 years","https://signails.com/topics/cultured-meat","{""facebook"":731,""linkedin"":1210,""twitter"":144,""pinterest"":156,""reddit"":480,""tiktok"":36,""youtube"":669}","2021-04-01: 31, 2021-05-01: 27, 2021-06-01: 29, 2021-07-01: 25, 2021-08-01: 22, 2021-09-01: 27, 2021-10-01: 35, 2021-11-01: 31, 2021-12-01: 25, 2022-01-01: 30, 2022-02-01: 31, 2022-03-01: 30, 2022-04-01: 35, 2022-05-01: 31, 2022-06-01: 34, 2022-07-01: 25, 2022-08-01: 28, 2022-09-01: 29, 2022-10-01: 31, 2022-11-01: 37, 2022-12-01: 33, 2023-01-01: 30, 2023-02-01: 34, 2023-03-01: 37, 2023-04-01: 34, 2023-05-01: 31, 2023-06-01: 41, 2023-07-01: 31, 2023-08-01: 28, 2023-09-01: 27, 2023-10-01: 25, 2023-11-01: 28, 2023-12-01: 22, 2024-01-01: 28, 2024-02-01: 40, 2024-03-01: 30, 2024-04-01: 31, 2024-05-01: 29, 2024-06-01: 23, 2024-07-01: 23, 2024-08-01: 22, 2024-09-01: 19, 2024-10-01: 24, 2024-11-01: 27, 2024-12-01: 18, 2025-01-01: 22, 2025-02-01: 26, 2025-03-01: 23, 2025-04-01: 22, 2025-05-01: 23, 2025-06-01: 23, 2025-07-01: 27, 2025-08-01: 84, 2025-09-01: 67, 2025-10-01: 63, 2025-11-01: 79, 2025-12-01: 73, 2026-01-01: 69, 2026-02-01: 100, 2026-03-01: 65, 2026-03-29: 33, 2026-04-05: 38, 2026-04-12: 34"
"Ceylon cinnamon","Derived from the inner bark of the Cinnamomum verum tree native to Sri Lanka, this spice is known for its delicate, sweet flavor and is considered to be of higher quality than Cassia cinnamon. It contains lower levels of coumarin, making it a healthier option for regular use, and is available in various forms, including organic and non-organic varieties. Ceylon cinnamon is particularly favored by health-conscious consumers and culinary enthusiasts seeking a premium spice for their dishes.","food, cooking, grocery","undefined","270%","165000","Exploding","exponential","Seasonal","Low","Positive","growing","Past 5 years","https://signails.com/topics/ceylon-cinnamon","{""facebook"":13600,""linkedin"":420,""twitter"":45,""pinterest"":3030,""reddit"":327,""tiktok"":2510,""youtube"":1680}","2021-04-01: 27, 2021-05-01: 22, 2021-06-01: 22, 2021-07-01: 24, 2021-08-01: 24, 2021-09-01: 26, 2021-10-01: 27, 2021-11-01: 25, 2021-12-01: 26, 2022-01-01: 29, 2022-02-01: 27, 2022-03-01: 26, 2022-04-01: 26, 2022-05-01: 26, 2022-06-01: 25, 2022-07-01: 24, 2022-08-01: 25, 2022-09-01: 29, 2022-10-01: 28, 2022-11-01: 28, 2022-12-01: 27, 2023-01-01: 32, 2023-02-01: 32, 2023-03-01: 32, 2023-04-01: 34, 2023-05-01: 30, 2023-06-01: 30, 2023-07-01: 31, 2023-08-01: 32, 2023-09-01: 33, 2023-10-01: 33, 2023-11-01: 36, 2023-12-01: 35, 2024-01-01: 47, 2024-02-01: 43, 2024-03-01: 45, 2024-04-01: 42, 2024-05-01: 42, 2024-06-01: 38, 2024-07-01: 40, 2024-08-01: 52, 2024-09-01: 55, 2024-10-01: 50, 2024-11-01: 47, 2024-12-01: 51, 2025-01-01: 60, 2025-02-01: 65, 2025-03-01: 51, 2025-04-01: 49, 2025-05-01: 52, 2025-06-01: 58, 2025-07-01: 53, 2025-08-01: 69, 2025-09-01: 74, 2025-10-01: 78, 2025-11-01: 75, 2025-12-01: 67, 2026-01-01: 91, 2026-02-01: 90, 2026-03-01: 100, 2026-04-05: 90, 2026-04-12: 92"
"sazón","Seasoning blend commonly used in Latin American cuisine, containing ingredients like garlic powder, onion powder, cumin, coriander, oregano, and sometimes annatto. Sazón enhances the flavor of soups, stews, rice dishes, and meats, providing a distinctive and rich taste to various dishes. It is particularly popular among individuals who enjoy cooking and eating traditional Latin American foods.","food-beverage, cooking, food, cpg","false","131%","165000","Exploding","exponential","Non-seasonal","Low","Positive","growing","Past 5 years","https://signails.com/topics/sazon","{""facebook"":1270000,""linkedin"":1450,""twitter"":1350,""pinterest"":12800,""reddit"":3170,""tiktok"":34800,""youtube"":22200}","2021-04-01: 33, 2021-05-01: 36, 2021-06-01: 34, 2021-07-01: 37, 2021-08-01: 35, 2021-09-01: 36, 2021-10-01: 34, 2021-11-01: 32, 2021-12-01: 33, 2022-01-01: 36, 2022-02-01: 42, 2022-03-01: 41, 2022-04-01: 45, 2022-05-01: 43, 2022-06-01: 45, 2022-07-01: 46, 2022-08-01: 44, 2022-09-01: 44, 2022-10-01: 45, 2022-11-01: 37, 2022-12-01: 40, 2023-01-01: 37, 2023-02-01: 41, 2023-03-01: 41, 2023-04-01: 42, 2023-05-01: 44, 2023-06-01: 41, 2023-07-01: 41, 2023-08-01: 42, 2023-09-01: 40, 2023-10-01: 40, 2023-11-01: 44, 2023-12-01: 44, 2024-01-01: 42, 2024-02-01: 44, 2024-03-01: 45, 2024-04-01: 45, 2024-05-01: 43, 2024-06-01: 46, 2024-07-01: 49, 2024-08-01: 51, 2024-09-01: 51, 2024-10-01: 50, 2024-11-01: 51, 2024-12-01: 51, 2025-01-01: 50, 2025-02-01: 50, 2025-03-01: 54, 2025-04-01: 53, 2025-05-01: 54, 2025-06-01: 56, 2025-07-01: 60, 2025-08-01: 70, 2025-09-01: 68, 2025-10-01: 74, 2025-11-01: 74, 2025-12-01: 82, 2026-01-01: 79, 2026-02-01: 100, 2026-03-01: 81, 2026-04-01: 83, 2026-04-05: 70, 2026-04-12: 73"
"Irish butter","Irish butter is a high-quality dairy product made from the milk of grass-fed cows in Ireland. It is known for its rich, creamy texture and distinctive flavor, which results from the cows' diet and traditional churning methods. Irish butter is particularly popular among chefs and home cooks who seek premium ingredients for baking and cooking.","grocery, food, food-beverage, cpg","undefined","172%","27100","Exploding","exponential","Seasonal","Low","Positive","growing","Past 5 years","https://signails.com/topics/irish-butter","{""facebook"":2180,""linkedin"":35,""twitter"":39,""pinterest"":2210,""reddit"":263,""tiktok"":271,""youtube"":190}","2021-04-01: 32, 2021-05-01: 29, 2021-06-01: 27, 2021-07-01: 28, 2021-08-01: 28, 2021-09-01: 31, 2021-10-01: 32, 2021-11-01: 45, 2021-12-01: 38, 2022-01-01: 38, 2022-02-01: 40, 2022-03-01: 51, 2022-04-01: 39, 2022-05-01: 35, 2022-06-01: 31, 2022-07-01: 38, 2022-08-01: 33, 2022-09-01: 36, 2022-10-01: 40, 2022-11-01: 48, 2022-12-01: 49, 2023-01-01: 49, 2023-02-01: 48, 2023-03-01: 66, 2023-04-01: 37, 2023-05-01: 34, 2023-06-01: 35, 2023-07-01: 37, 2023-08-01: 37, 2023-09-01: 37, 2023-10-01: 38, 2023-11-01: 48, 2023-12-01: 53, 2024-01-01: 47, 2024-02-01: 45, 2024-03-01: 65, 2024-04-01: 45, 2024-05-01: 43, 2024-06-01: 46, 2024-07-01: 44, 2024-08-01: 47, 2024-09-01: 45, 2024-10-01: 50, 2024-11-01: 64, 2024-12-01: 67, 2025-01-01: 61, 2025-02-01: 59, 2025-03-01: 79, 2025-04-01: 62, 2025-05-01: 50, 2025-06-01: 51, 2025-07-01: 52, 2025-08-01: 64, 2025-09-01: 61, 2025-10-01: 81, 2025-11-01: 85, 2025-12-01: 78, 2026-01-01: 74, 2026-02-01: 92, 2026-03-01: 100, 2026-04-01: 79, 2026-04-05: 50, 2026-04-12: 48"
"Protein cereal","Protein cereal is a high-protein breakfast product formulated to provide increased protein content compared to conventional cereals, often using ingredients like whey protein, soy protein, or pea protein. These cereals are typically low in sugar and carbohydrates, offering a nutritionally balanced option for those seeking to support muscle maintenance or weight management. Protein cereal is primarily aimed at fitness enthusiasts, individuals on high-protein or low-carb diets, and health-conscious consumers looking for convenient, protein-rich meal options.","food, food-beverage, fitness, supplements, nutrition","undefined","158%","33100","Exploding","exponential","Seasonal","Low","Positive","growing","Past 5 years","https://signails.com/topics/protein-cereal","{""facebook"":1660,""linkedin"":78,""twitter"":194,""pinterest"":2680,""reddit"":274,""tiktok"":1680,""youtube"":871}","2021-04-01: 31, 2021-05-01: 31, 2021-06-01: 33, 2021-07-01: 32, 2021-08-01: 31, 2021-09-01: 30, 2021-10-01: 28, 2021-11-01: 26, 2021-12-01: 23, 2022-01-01: 46, 2022-02-01: 52, 2022-03-01: 50, 2022-04-01: 42, 2022-05-01: 40, 2022-06-01: 40, 2022-07-01: 37, 2022-08-01: 38, 2022-09-01: 35, 2022-10-01: 33, 2022-11-01: 29, 2022-12-01: 25, 2023-01-01: 43, 2023-02-01: 45, 2023-03-01: 48, 2023-04-01: 38, 2023-05-01: 38, 2023-06-01: 37, 2023-07-01: 38, 2023-08-01: 40, 2023-09-01: 40, 2023-10-01: 38, 2023-11-01: 35, 2023-12-01: 29, 2024-01-01: 50, 2024-02-01: 55, 2024-03-01: 45, 2024-04-01: 49, 2024-05-01: 44, 2024-06-01: 45, 2024-07-01: 45, 2024-08-01: 48, 2024-09-01: 46, 2024-10-01: 43, 2024-11-01: 43, 2024-12-01: 36, 2025-01-01: 58, 2025-02-01: 55, 2025-03-01: 60, 2025-04-01: 55, 2025-05-01: 54, 2025-06-01: 53, 2025-07-01: 57, 2025-08-01: 70, 2025-09-01: 65, 2025-10-01: 62, 2025-11-01: 57, 2025-12-01: 52, 2026-01-01: 69, 2026-02-01: 74, 2026-03-01: 80, 2026-04-05: 95, 2026-04-12: 94"
"Nattokinase ","An enzyme extracted from natto, a traditional Japanese food made from fermented soybeans. Known for its potential health benefits, particularly in cardiovascular health, it helps in breaking down blood clots and improving blood flow, which can reduce the risk of heart disease and stroke. Often used as a dietary supplement for its fibrinolytic (clot-dissolving) properties, it is targeted at individuals seeking to improve their cardiovascular health.","health, food-beverage, supplements, nutrition, food","false","778%","165000","Exploding","exponential","Non-seasonal","Average","Positive","declining","Past 5 years","https://signails.com/topics/nattokinase","{""facebook"":8300,""linkedin"":320,""twitter"":188,""pinterest"":542,""reddit"":3600,""tiktok"":1110,""youtube"":1180}","2021-04-01: 9, 2021-05-01: 9, 2021-06-01: 9, 2021-07-01: 9, 2021-08-01: 10, 2021-09-01: 10, 2021-10-01: 10, 2021-11-01: 11, 2021-12-01: 11, 2022-01-01: 13, 2022-02-01: 12, 2022-03-01: 12, 2022-04-01: 12, 2022-05-01: 11, 2022-06-01: 13, 2022-07-01: 13, 2022-08-01: 11, 2022-09-01: 12, 2022-10-01: 14, 2022-11-01: 14, 2022-12-01: 17, 2023-01-01: 22, 2023-02-01: 30, 2023-03-01: 36, 2023-04-01: 28, 2023-05-01: 24, 2023-06-01: 27, 2023-07-01: 30, 2023-08-01: 49, 2023-09-01: 43, 2023-10-01: 37, 2023-11-01: 34, 2023-12-01: 32, 2024-01-01: 39, 2024-02-01: 36, 2024-03-01: 33, 2024-04-01: 29, 2024-05-01: 30, 2024-06-01: 30, 2024-07-01: 29, 2024-08-01: 28, 2024-09-01: 31, 2024-10-01: 31, 2024-11-01: 30, 2024-12-01: 33, 2025-01-01: 38, 2025-02-01: 39, 2025-03-01: 38, 2025-04-01: 38, 2025-05-01: 37, 2025-06-01: 38, 2025-07-01: 38, 2025-08-01: 54, 2025-09-01: 52, 2025-10-01: 48, 2025-11-01: 55, 2025-12-01: 51, 2026-01-01: 53, 2026-02-01: 55, 2026-03-01: 100, 2026-04-01: 79, 2026-04-05: 77, 2026-04-12: 77"
"Protein chips","High-throughput technology used to study protein interactions, activities, and functions on a large scale. Protein chips enable researchers to track the interactions and activities of proteins, which is crucial for understanding various biological processes and disease mechanisms. This technology is primarily utilized by researchers and scientists in the fields of molecular biology, biochemistry, and medical research.","science, grocery, food-beverage, food, sports-outdoors","false","376%","49500","Exploding","exponential","Seasonal","Low","Positive","growing","Past 5 years","https://signails.com/topics/protein-chips","{""facebook"":6560,""linkedin"":174,""twitter"":66,""pinterest"":4090,""reddit"":653,""tiktok"":1970,""youtube"":1590}","2021-04-01: 20, 2021-05-01: 21, 2021-06-01: 20, 2021-07-01: 20, 2021-08-01: 20, 2021-09-01: 19, 2021-10-01: 18, 2021-11-01: 17, 2021-12-01: 14, 2022-01-01: 27, 2022-02-01: 27, 2022-03-01: 28, 2022-04-01: 28, 2022-05-01: 24, 2022-06-01: 24, 2022-07-01: 26, 2022-08-01: 29, 2022-09-01: 26, 2022-10-01: 23, 2022-11-01: 19, 2022-12-01: 17, 2023-01-01: 34, 2023-02-01: 34, 2023-03-01: 31, 2023-04-01: 32, 2023-05-01: 33, 2023-06-01: 35, 2023-07-01: 33, 2023-08-01: 36, 2023-09-01: 30, 2023-10-01: 31, 2023-11-01: 27, 2023-12-01: 24, 2024-01-01: 42, 2024-02-01: 41, 2024-03-01: 41, 2024-04-01: 41, 2024-05-01: 41, 2024-06-01: 43, 2024-07-01: 43, 2024-08-01: 46, 2024-09-01: 48, 2024-10-01: 42, 2024-11-01: 38, 2024-12-01: 33, 2025-01-01: 66, 2025-02-01: 61, 2025-03-01: 63, 2025-04-01: 55, 2025-05-01: 54, 2025-06-01: 52, 2025-07-01: 55, 2025-08-01: 83, 2025-09-01: 78, 2025-10-01: 72, 2025-11-01: 62, 2025-12-01: 54, 2026-01-01: 90, 2026-02-01: 89, 2026-03-01: 99, 2026-04-01: 100, 2026-03-29: 94, 2026-04-05: 93, 2026-04-12: 91"
"Lychee jelly","A popular dessert and snack in many Asian countries, made from the fruit of the lychee tree. Lychee jelly is typically sweet with a delicate, floral flavor and is often used in bubble tea, fruit salads, and as a topping for various desserts. It appeals to individuals who enjoy Asian cuisine and those looking for unique, fruity dessert options.","food-beverage, food, beverages, cooking","false","54%","14800","Exploding","exponential","Seasonal","Average","Positive","declining","Past 5 years","https://signails.com/topics/lychee-jelly","{""facebook"":1700,""linkedin"":14,""twitter"":14,""pinterest"":1280,""reddit"":154,""tiktok"":706,""youtube"":869}","2021-04-01: 71, 2021-05-01: 65, 2021-06-01: 65, 2021-07-01: 65, 2021-08-01: 66, 2021-09-01: 57, 2021-10-01: 57, 2021-11-01: 54, 2021-12-01: 61, 2022-01-01: 74, 2022-02-01: 70, 2022-03-01: 72, 2022-04-01: 75, 2022-05-01: 76, 2022-06-01: 75, 2022-07-01: 76, 2022-08-01: 75, 2022-09-01: 62, 2022-10-01: 64, 2022-11-01: 55, 2022-12-01: 60, 2023-01-01: 69, 2023-02-01: 73, 2023-03-01: 71, 2023-04-01: 72, 2023-05-01: 70, 2023-06-01: 73, 2023-07-01: 81, 2023-08-01: 76, 2023-09-01: 74, 2023-10-01: 60, 2023-11-01: 64, 2023-12-01: 68, 2024-01-01: 64, 2024-02-01: 81, 2024-03-01: 76, 2024-04-01: 79, 2024-05-01: 88, 2024-06-01: 80, 2024-07-01: 76, 2024-08-01: 71, 2024-09-01: 68, 2024-10-01: 66, 2024-11-01: 72, 2024-12-01: 74, 2025-01-01: 73, 2025-02-01: 80, 2025-03-01: 86, 2025-04-01: 77, 2025-05-01: 85, 2025-06-01: 81, 2025-07-01: 81, 2025-08-01: 89, 2025-09-01: 72, 2025-10-01: 71, 2025-11-01: 71, 2025-12-01: 78, 2026-01-01: 73, 2026-02-01: 86, 2026-03-01: 89, 2026-04-01: 100, 2026-04-05: 89, 2026-04-12: 93"
"Low acid coffee","Coffee variant characterized by a lower acidity level compared to regular coffee, typically with a pH of 5 or above. This type of coffee is designed to minimize digestive discomfort and related symptoms, making it beneficial for individuals with acid reflux, GERD, and other stomach issues. Low acid coffee is particularly targeted at consumers who experience stomach sensitivity or digestive problems but still wish to enjoy coffee.","health, food-beverage, beverages, food, grocery","false","257%","18100","Exploding","exponential","Seasonal","Low","Positive","growing","Past 5 years","https://signails.com/topics/low-acid-coffee","{""facebook"":5910,""linkedin"":8,""twitter"":2,""pinterest"":1010,""reddit"":93,""tiktok"":404,""youtube"":231}","2021-04-01: 28, 2021-05-01: 25, 2021-06-01: 26, 2021-07-01: 26, 2021-08-01: 30, 2021-09-01: 27, 2021-10-01: 30, 2021-11-01: 31, 2021-12-01: 32, 2022-01-01: 33, 2022-02-01: 30, 2022-03-01: 28, 2022-04-01: 37, 2022-05-01: 36, 2022-06-01: 35, 2022-07-01: 28, 2022-08-01: 30, 2022-09-01: 28, 2022-10-01: 33, 2022-11-01: 29, 2022-12-01: 30, 2023-01-01: 38, 2023-02-01: 37, 2023-03-01: 32, 2023-04-01: 29, 2023-05-01: 28, 2023-06-01: 29, 2023-07-01: 28, 2023-08-01: 30, 2023-09-01: 33, 2023-10-01: 31, 2023-11-01: 33, 2023-12-01: 30, 2024-01-01: 36, 2024-02-01: 36, 2024-03-01: 32, 2024-04-01: 30, 2024-05-01: 30, 2024-06-01: 29, 2024-07-01: 29, 2024-08-01: 32, 2024-09-01: 33, 2024-10-01: 30, 2024-11-01: 32, 2024-12-01: 36, 2025-01-01: 37, 2025-02-01: 40, 2025-03-01: 39, 2025-04-01: 36, 2025-05-01: 34, 2025-06-01: 39, 2025-07-01: 43, 2025-08-01: 75, 2025-09-01: 76, 2025-10-01: 81, 2025-11-01: 87, 2025-12-01: 75, 2026-01-01: 77, 2026-02-01: 83, 2026-03-01: 100, 2026-04-05: 81, 2026-04-12: 78"
"Samurai sauce","Belgian condiment made from a blend of mayonnaise, ketchup, and harissa or sambal oelek. This sauce is known for its creamy texture and spicy flavor, making it a popular accompaniment to French fries and other fried foods. Samurai sauce is particularly favored by individuals who enjoy bold, spicy condiments to enhance their meals.","food-beverage, cooking, food, cpg","false","78%","5930","Exploding","constant","Non-seasonal","Low","Positive","stationary","Past 5 years","https://signails.com/topics/samurai-sauce","{""facebook"":163,""linkedin"":14,""twitter"":15,""pinterest"":58,""reddit"":57,""tiktok"":70,""youtube"":145}","2021-04-01: 25, 2021-05-01: 27, 2021-06-01: 30, 2021-07-01: 26, 2021-08-01: 25, 2021-09-01: 23, 2021-10-01: 32, 2021-11-01: 26, 2021-12-01: 23, 2022-01-01: 31, 2022-02-01: 29, 2022-03-01: 30, 2022-04-01: 33, 2022-05-01: 32, 2022-06-01: 29, 2022-07-01: 34, 2022-08-01: 31, 2022-09-01: 29, 2022-10-01: 27, 2022-11-01: 31, 2022-12-01: 27, 2023-01-01: 29, 2023-02-01: 33, 2023-03-01: 34, 2023-04-01: 31, 2023-05-01: 31, 2023-06-01: 31, 2023-07-01: 37, 2023-08-01: 35, 2023-09-01: 34, 2023-10-01: 33, 2023-11-01: 36, 2023-12-01: 38, 2024-01-01: 36, 2024-02-01: 34, 2024-03-01: 41, 2024-04-01: 40, 2024-05-01: 40, 2024-06-01: 37, 2024-07-01: 42, 2024-08-01: 35, 2024-09-01: 37, 2024-10-01: 41, 2024-11-01: 39, 2024-12-01: 47, 2025-01-01: 43, 2025-02-01: 39, 2025-03-01: 38, 2025-04-01: 35, 2025-05-01: 62, 2025-06-01: 48, 2025-07-01: 50, 2025-08-01: 56, 2025-09-01: 49, 2025-10-01: 45, 2025-11-01: 45, 2025-12-01: 45, 2026-01-01: 42, 2026-02-01: 51, 2026-03-01: 48, 2026-04-01: 48, 2026-04-05: 40, 2026-04-12: 45"
"Xylitol gum","Chewing gum that uses xylitol as a sweetener, known for its dental health benefits. Xylitol gum helps reduce the risk of cavities, neutralizes plaque acids, and promotes oral hygiene by stimulating saliva production. It is particularly beneficial for individuals seeking to improve oral health and reduce sugar intake.","product, food, food-beverage","undefined","426%","110000","Exploding","constant","Non-seasonal","Low","Positive","declining","Past 5 years","https://signails.com/topics/xylitol-gum","{""facebook"":693,""linkedin"":10,""twitter"":56,""pinterest"":367,""reddit"":154,""tiktok"":411,""youtube"":202}","2021-04-01: 19, 2021-05-01: 19, 2021-06-01: 19, 2021-07-01: 25, 2021-08-01: 34, 2021-09-01: 19, 2021-10-01: 23, 2021-11-01: 20, 2021-12-01: 21, 2022-01-01: 29, 2022-02-01: 26, 2022-03-01: 26, 2022-04-01: 26, 2022-05-01: 26, 2022-06-01: 25, 2022-07-01: 23, 2022-08-01: 23, 2022-09-01: 24, 2022-10-01: 23, 2022-11-01: 22, 2022-12-01: 23, 2023-01-01: 28, 2023-02-01: 26, 2023-03-01: 37, 2023-04-01: 37, 2023-05-01: 34, 2023-06-01: 28, 2023-07-01: 40, 2023-08-01: 37, 2023-09-01: 35, 2023-10-01: 35, 2023-11-01: 32, 2023-12-01: 37, 2024-01-01: 41, 2024-02-01: 64, 2024-03-01: 68, 2024-04-01: 75, 2024-05-01: 68, 2024-06-01: 84, 2024-07-01: 62, 2024-08-01: 77, 2024-09-01: 78, 2024-10-01: 79, 2024-11-01: 70, 2024-12-01: 76, 2025-01-01: 62, 2025-02-01: 58, 2025-03-01: 54, 2025-04-01: 55, 2025-05-01: 68, 2025-06-01: 68, 2025-07-01: 81, 2025-08-01: 99, 2025-09-01: 90, 2025-10-01: 96, 2025-11-01: 93, 2025-12-01: 88, 2026-01-01: 84, 2026-02-01: 91, 2026-03-01: 100, 2026-04-05: 70, 2026-04-12: 70"
"Theanine","An amino acid commonly found in tea leaves, particularly green tea, and in some mushrooms. It is known for its potential calming effects and is often used as a supplement to help with relaxation, stress reduction, and improved focus. Theanine is particularly beneficial for individuals seeking to enhance their mental clarity and reduce stress levels.","beverages, food, health, supplements, nutrition, mental-health","false","330%","90500","Exploding","constant","Seasonal","Low","Positive","growing","Past 5 years","https://signails.com/topics/theanine","{""facebook"":7090,""linkedin"":453,""twitter"":351,""pinterest"":2110,""reddit"":15800,""tiktok"":5240,""youtube"":2260}","2021-04-01: 23, 2021-05-01: 23, 2021-06-01: 23, 2021-07-01: 28, 2021-08-01: 25, 2021-09-01: 24, 2021-10-01: 24, 2021-11-01: 24, 2021-12-01: 22, 2022-01-01: 26, 2022-02-01: 29, 2022-03-01: 30, 2022-04-01: 30, 2022-05-01: 27, 2022-06-01: 27, 2022-07-01: 27, 2022-08-01: 30, 2022-09-01: 31, 2022-10-01: 31, 2022-11-01: 30, 2022-12-01: 30, 2023-01-01: 38, 2023-02-01: 37, 2023-03-01: 39, 2023-04-01: 39, 2023-05-01: 36, 2023-06-01: 38, 2023-07-01: 37, 2023-08-01: 41, 2023-09-01: 39, 2023-10-01: 38, 2023-11-01: 37, 2023-12-01: 41, 2024-01-01: 56, 2024-02-01: 53, 2024-03-01: 53, 2024-04-01: 48, 2024-05-01: 51, 2024-06-01: 51, 2024-07-01: 48, 2024-08-01: 54, 2024-09-01: 53, 2024-10-01: 53, 2024-11-01: 56, 2024-12-01: 61, 2025-01-01: 79, 2025-02-01: 74, 2025-03-01: 83, 2025-04-01: 100, 2025-05-01: 84, 2025-06-01: 86, 2025-07-01: 80, 2025-08-01: 96, 2025-09-01: 89, 2025-10-01: 82, 2025-11-01: 81, 2025-12-01: 74, 2026-01-01: 87, 2026-02-01: 90, 2026-03-01: 99, 2026-04-05: 103, 2026-04-12: 104"
"Ajwain","Ajwain, also known as carom seeds or bishop's weed, is a spice commonly used in Indian cuisine. It has a strong, pungent taste and is often used in small quantities to flavor dishes, and is known for its digestive properties and traditional medicinal uses. Ajwain is particularly beneficial for individuals seeking natural remedies for indigestion, bloating, and gas.","health, food-beverage, science, nutrition, food, cooking","false","8%","201000","Exploding","exponential","Seasonal","Low","Positive","stationary","Past 5 years","https://signails.com/topics/ajwain","{""facebook"":13400,""linkedin"":236,""twitter"":156,""pinterest"":2710,""reddit"":893,""tiktok"":578,""youtube"":27500}","2021-04-01: 90, 2021-05-01: 75, 2021-06-01: 59, 2021-07-01: 55, 2021-08-01: 53, 2021-09-01: 49, 2021-10-01: 45, 2021-11-01: 48, 2021-12-01: 49, 2022-01-01: 66, 2022-02-01: 66, 2022-03-01: 59, 2022-04-01: 53, 2022-05-01: 56, 2022-06-01: 59, 2022-07-01: 71, 2022-08-01: 69, 2022-09-01: 69, 2022-10-01: 64, 2022-11-01: 71, 2022-12-01: 72, 2023-01-01: 74, 2023-02-01: 69, 2023-03-01: 72, 2023-04-01: 67, 2023-05-01: 65, 2023-06-01: 67, 2023-07-01: 75, 2023-08-01: 76, 2023-09-01: 79, 2023-10-01: 77, 2023-11-01: 77, 2023-12-01: 89, 2024-01-01: 86, 2024-02-01: 78, 2024-03-01: 82, 2024-04-01: 71, 2024-05-01: 65, 2024-06-01: 69, 2024-07-01: 79, 2024-08-01: 70, 2024-09-01: 79, 2024-10-01: 70, 2024-11-01: 73, 2024-12-01: 81, 2025-01-01: 85, 2025-02-01: 82, 2025-03-01: 80, 2025-04-01: 73, 2025-05-01: 73, 2025-06-01: 71, 2025-07-01: 91, 2025-08-01: 90, 2025-09-01: 91, 2025-10-01: 89, 2025-11-01: 99, 2025-12-01: 98, 2026-01-01: 100, 2026-02-01: 97, 2026-03-01: 97, 2026-03-22: 88, 2026-03-29: 86, 2026-04-05: 85, 2026-04-12: 84"
"Gluten-Free Pasta","Pasta made without wheat or other gluten-containing grains, catering to individuals with celiac disease, gluten intolerance, or those following a gluten-free diet. It often uses alternative ingredients such as rice flour, corn flour, quinoa, and legumes like lentils and chickpeas, offering a similar variety of shapes and sizes as traditional pasta. This product is primarily targeted at consumers seeking gluten-free dietary options for health or lifestyle reasons.","health, nutrition, food, cooking, food-beverage, diets","false","271%","110000","Exploding","exponential","Non-seasonal","Average","Positive","growing","Past 5 years","https://signails.com/topics/gluten-free-pasta","{""facebook"":9090,""linkedin"":123,""twitter"":51,""pinterest"":15000,""reddit"":477,""tiktok"":1130,""youtube"":1260}","2021-04-01: 21, 2021-05-01: 19, 2021-06-01: 16, 2021-07-01: 12, 2021-08-01: 15, 2021-09-01: 15, 2021-10-01: 14, 2021-11-01: 16, 2021-12-01: 16, 2022-01-01: 29, 2022-02-01: 25, 2022-03-01: 28, 2022-04-01: 27, 2022-05-01: 25, 2022-06-01: 30, 2022-07-01: 33, 2022-08-01: 26, 2022-09-01: 25, 2022-10-01: 30, 2022-11-01: 25, 2022-12-01: 22, 2023-01-01: 26, 2023-02-01: 29, 2023-03-01: 23, 2023-04-01: 27, 2023-05-01: 27, 2023-06-01: 26, 2023-07-01: 25, 2023-08-01: 30, 2023-09-01: 19, 2023-10-01: 27, 2023-11-01: 28, 2023-12-01: 27, 2024-01-01: 32, 2024-02-01: 32, 2024-03-01: 36, 2024-04-01: 29, 2024-05-01: 34, 2024-06-01: 37, 2024-07-01: 33, 2024-08-01: 33, 2024-09-01: 36, 2024-10-01: 42, 2024-11-01: 40, 2024-12-01: 49, 2025-01-01: 46, 2025-02-01: 43, 2025-03-01: 42, 2025-04-01: 46, 2025-05-01: 43, 2025-06-01: 59, 2025-07-01: 59, 2025-08-01: 74, 2025-09-01: 86, 2025-10-01: 100, 2025-11-01: 78, 2025-12-01: 76, 2026-01-01: 75, 2026-02-01: 92, 2026-03-01: 78, 2026-04-05: 72, 2026-04-12: 70"
"Coconut water coffee","A beverage that combines coconut water with coffee, offering a naturally sweet and hydrating drink. This drink provides a unique flavor profile by blending the refreshing qualities of coconut water with the rich taste of coffee, making it a popular choice for those seeking a healthier alternative to traditional coffee beverages. Coconut water coffee is particularly appealing to health-conscious individuals and coffee enthusiasts looking for a refreshing and nutritious drink option.","health, food-beverage, beverages, food, nutrition","false","614%","2400","Exploding","exponential","Seasonal","Low","Positive","declining","Past 5 years","https://signails.com/topics/coconut-water-coffee","{""facebook"":71,""linkedin"":14,""twitter"":0,""pinterest"":23,""reddit"":38,""tiktok"":193,""youtube"":66}","2021-04-01: 17, 2021-05-01: 14, 2021-06-01: 17, 2021-07-01: 17, 2021-08-01: 17, 2021-09-01: 12, 2021-10-01: 19, 2021-11-01: 15, 2021-12-01: 11, 2022-01-01: 18, 2022-02-01: 18, 2022-03-01: 18, 2022-04-01: 21, 2022-05-01: 18, 2022-06-01: 22, 2022-07-01: 20, 2022-08-01: 21, 2022-09-01: 19, 2022-10-01: 20, 2022-11-01: 21, 2022-12-01: 17, 2023-01-01: 19, 2023-02-01: 22, 2023-03-01: 24, 2023-04-01: 24, 2023-05-01: 20, 2023-06-01: 23, 2023-07-01: 24, 2023-08-01: 24, 2023-09-01: 26, 2023-10-01: 24, 2023-11-01: 21, 2023-12-01: 18, 2024-01-01: 24, 2024-02-01: 24, 2024-03-01: 29, 2024-04-01: 29, 2024-05-01: 29, 2024-06-01: 35, 2024-07-01: 29, 2024-08-01: 24, 2024-09-01: 26, 2024-10-01: 29, 2024-11-01: 25, 2024-12-01: 24, 2025-01-01: 32, 2025-02-01: 36, 2025-03-01: 35, 2025-04-01: 38, 2025-05-01: 52, 2025-06-01: 52, 2025-07-01: 49, 2025-08-01: 69, 2025-09-01: 65, 2025-10-01: 56, 2025-11-01: 62, 2025-12-01: 62, 2026-01-01: 68, 2026-02-01: 84, 2026-03-01: 97, 2026-04-01: 100, 2026-04-05: 98, 2026-04-12: 100"
"Lychee sugar","Natural sugars found in lychees, a small fruit known for its high water content and sweet taste. These sugars provide a natural source of energy and do not have the same negative health effects as processed sugars. Lychee sugar is particularly beneficial for individuals seeking a natural and healthy sweetener option.","food, food-beverage, beverages","false","147%","320","Exploding","exponential","Seasonal","Average","Positive","stationary","Past 5 years","https://signails.com/topics/lychee-sugar","{""facebook"":24,""linkedin"":1,""twitter"":14,""pinterest"":29,""reddit"":0,""tiktok"":15,""youtube"":14}","2021-04-01: 22, 2021-05-01: 34, 2021-06-01: 45, 2021-07-01: 39, 2021-08-01: 34, 2021-09-01: 23, 2021-10-01: 25, 2021-11-01: 25, 2021-12-01: 24, 2022-01-01: 31, 2022-02-01: 34, 2022-03-01: 29, 2022-04-01: 31, 2022-05-01: 35, 2022-06-01: 46, 2022-07-01: 41, 2022-08-01: 36, 2022-09-01: 32, 2022-10-01: 33, 2022-11-01: 32, 2022-12-01: 39, 2023-01-01: 41, 2023-02-01: 31, 2023-03-01: 36, 2023-04-01: 36, 2023-05-01: 43, 2023-06-01: 58, 2023-07-01: 49, 2023-08-01: 41, 2023-09-01: 37, 2023-10-01: 32, 2023-11-01: 43, 2023-12-01: 45, 2024-01-01: 41, 2024-02-01: 45, 2024-03-01: 43, 2024-04-01: 34, 2024-05-01: 45, 2024-06-01: 61, 2024-07-01: 52, 2024-08-01: 49, 2024-09-01: 41, 2024-10-01: 42, 2024-11-01: 48, 2024-12-01: 53, 2025-01-01: 59, 2025-02-01: 53, 2025-03-01: 55, 2025-04-01: 57, 2025-05-01: 77, 2025-06-01: 98, 2025-07-01: 100, 2025-08-01: 94, 2025-09-01: 85, 2025-10-01: 57, 2025-11-01: 69, 2025-12-01: 89, 2026-01-01: 83, 2026-02-01: 83, 2026-03-01: 75, 2026-04-01: 84, 2026-04-05: 68, 2026-04-12: 62"
"Electric Food Chopper","An electric food chopper is a compact kitchen appliance designed to automate the chopping, mincing, and dicing of vegetables, fruits, nuts, and other ingredients. It typically features a motorized blade system within a small bowl, providing a quicker and more consistent alternative to manual chopping for meal preparation. Electric food choppers are primarily intended for home cooks, meal preppers, and individuals seeking time-saving tools for everyday cooking tasks.","food, food-beverage, cooking","undefined","341%","2900","Exploding","exponential","Seasonal","Low","Positive","growing","Past 5 years","https://signails.com/topics/electric-food-chopper","{""facebook"":4190,""linkedin"":3,""twitter"":9,""pinterest"":1510,""reddit"":7,""tiktok"":753,""youtube"":411}","2021-04-01: 24, 2021-05-01: 22, 2021-06-01: 20, 2021-07-01: 21, 2021-08-01: 16, 2021-09-01: 19, 2021-10-01: 14, 2021-11-01: 24, 2021-12-01: 23, 2022-01-01: 18, 2022-02-01: 21, 2022-03-01: 26, 2022-04-01: 17, 2022-05-01: 15, 2022-06-01: 19, 2022-07-01: 18, 2022-08-01: 21, 2022-09-01: 21, 2022-10-01: 21, 2022-11-01: 45, 2022-12-01: 34, 2023-01-01: 23, 2023-02-01: 27, 2023-03-01: 23, 2023-04-01: 24, 2023-05-01: 15, 2023-06-01: 17, 2023-07-01: 22, 2023-08-01: 17, 2023-09-01: 22, 2023-10-01: 19, 2023-11-01: 32, 2023-12-01: 27, 2024-01-01: 21, 2024-02-01: 24, 2024-03-01: 21, 2024-04-01: 18, 2024-05-01: 19, 2024-06-01: 19, 2024-07-01: 20, 2024-08-01: 22, 2024-09-01: 25, 2024-10-01: 24, 2024-11-01: 32, 2024-12-01: 32, 2025-01-01: 27, 2025-02-01: 27, 2025-03-01: 22, 2025-04-01: 30, 2025-05-01: 24, 2025-06-01: 29, 2025-07-01: 31, 2025-08-01: 44, 2025-09-01: 48, 2025-10-01: 45, 2025-11-01: 53, 2025-12-01: 46, 2026-01-01: 42, 2026-02-01: 100, 2026-03-01: 62, 2026-04-01: 97, 2026-04-05: 56, 2026-04-12: 60"
"Prebiotic","Non-digestible food ingredients that promote the growth of beneficial microorganisms in the intestines. Typically fibers that the human body cannot digest, prebiotics serve as food for probiotics (beneficial bacteria) in the gut, aiding in improved digestion and enhanced immune function. Prebiotics are particularly beneficial for individuals seeking to maintain a healthy gut microbiome and overall digestive health.","health, food-beverage, industry, nutrition, supplements, food","false","286%","74000","Exploding","exponential","Non-seasonal","Average","Positive","growing","Past 5 years","https://signails.com/topics/prebiotic","{""facebook"":38300,""linkedin"":3130,""twitter"":428,""pinterest"":15500,""reddit"":1350,""tiktok"":15100,""youtube"":7380}","2021-04-01: 14, 2021-05-01: 14, 2021-06-01: 12, 2021-07-01: 13, 2021-08-01: 14, 2021-09-01: 12, 2021-10-01: 13, 2021-11-01: 13, 2021-12-01: 11, 2022-01-01: 15, 2022-02-01: 16, 2022-03-01: 16, 2022-04-01: 17, 2022-05-01: 16, 2022-06-01: 17, 2022-07-01: 18, 2022-08-01: 18, 2022-09-01: 16, 2022-10-01: 16, 2022-11-01: 16, 2022-12-01: 15, 2023-01-01: 20, 2023-02-01: 20, 2023-03-01: 21, 2023-04-01: 20, 2023-05-01: 18, 2023-06-01: 18, 2023-07-01: 20, 2023-08-01: 20, 2023-09-01: 18, 2023-10-01: 17, 2023-11-01: 17, 2023-12-01: 18, 2024-01-01: 24, 2024-02-01: 23, 2024-03-01: 24, 2024-04-01: 22, 2024-05-01: 21, 2024-06-01: 23, 2024-07-01: 22, 2024-08-01: 22, 2024-09-01: 22, 2024-10-01: 21, 2024-11-01: 21, 2024-12-01: 22, 2025-01-01: 27, 2025-02-01: 30, 2025-03-01: 30, 2025-04-01: 27, 2025-05-01: 26, 2025-06-01: 27, 2025-07-01: 35, 2025-08-01: 42, 2025-09-01: 38, 2025-10-01: 39, 2025-11-01: 40, 2025-12-01: 38, 2026-01-01: 46, 2026-02-01: 100, 2026-03-01: 49, 2026-04-01: 54, 2026-03-22: 41, 2026-03-29: 46, 2026-04-05: 44, 2026-04-12: 39"
"Mafaldine","Ribbon-shaped pasta known for its long, flat, and curled edges, which make it suitable for holding various meat and seafood sauces. This pasta type stands out due to its unique shape that enhances the texture and flavor absorption of dishes. Mafaldine is ideal for culinary enthusiasts and chefs looking to create visually appealing and flavorful pasta dishes.","food-beverage, cooking, food","false","417%","110000","Exploding","constant","Seasonal","Low","Positive","growing","Past 5 years","https://signails.com/topics/mafaldine","{""facebook"":4300,""linkedin"":24,""twitter"":16,""pinterest"":2210,""reddit"":414,""tiktok"":540,""youtube"":326}","2021-04-01: 20, 2021-05-01: 18, 2021-06-01: 21, 2021-07-01: 22, 2021-08-01: 26, 2021-09-01: 27, 2021-10-01: 27, 2021-11-01: 26, 2021-12-01: 32, 2022-01-01: 32, 2022-02-01: 35, 2022-03-01: 36, 2022-04-01: 39, 2022-05-01: 38, 2022-06-01: 39, 2022-07-01: 42, 2022-08-01: 41, 2022-09-01: 38, 2022-10-01: 45, 2022-11-01: 34, 2022-12-01: 43, 2023-01-01: 41, 2023-02-01: 41, 2023-03-01: 41, 2023-04-01: 50, 2023-05-01: 51, 2023-06-01: 50, 2023-07-01: 61, 2023-08-01: 57, 2023-09-01: 56, 2023-10-01: 58, 2023-11-01: 59, 2023-12-01: 60, 2024-01-01: 65, 2024-02-01: 67, 2024-03-01: 60, 2024-04-01: 62, 2024-05-01: 60, 2024-06-01: 64, 2024-07-01: 69, 2024-08-01: 71, 2024-09-01: 66, 2024-10-01: 70, 2024-11-01: 67, 2024-12-01: 73, 2025-01-01: 74, 2025-02-01: 81, 2025-03-01: 73, 2025-04-01: 75, 2025-05-01: 82, 2025-06-01: 80, 2025-07-01: 91, 2025-08-01: 100, 2025-09-01: 90, 2025-10-01: 94, 2025-11-01: 93, 2025-12-01: 86, 2026-01-01: 87, 2026-02-01: 87, 2026-03-01: 83, 2026-04-01: 93, 2026-03-29: 84, 2026-04-05: 80, 2026-04-12: 83"
"Turmeric coffee","A beverage that combines coffee with turmeric and sometimes other spices to enhance its health benefits. Turmeric coffee leverages the antioxidant properties of curcumin, which is known for its anti-inflammatory, antimicrobial, anti-aging, and pain-relieving effects, providing a unique flavor and potential health advantages. This drink is particularly popular among health-conscious individuals and those seeking alternative wellness beverages.","health, food-beverage, beverages, nutrition, food","false","183%","6600","Exploding","constant","Seasonal","Low","Positive","growing","Past 5 years","https://signails.com/topics/turmeric-coffee","{""facebook"":747,""linkedin"":43,""twitter"":15,""pinterest"":919,""reddit"":16,""tiktok"":66,""youtube"":311}","2021-04-01: 30, 2021-05-01: 32, 2021-06-01: 33, 2021-07-01: 29, 2021-08-01: 33, 2021-09-01: 33, 2021-10-01: 30, 2021-11-01: 31, 2021-12-01: 26, 2022-01-01: 39, 2022-02-01: 35, 2022-03-01: 35, 2022-04-01: 33, 2022-05-01: 31, 2022-06-01: 31, 2022-07-01: 32, 2022-08-01: 32, 2022-09-01: 30, 2022-10-01: 37, 2022-11-01: 33, 2022-12-01: 33, 2023-01-01: 43, 2023-02-01: 40, 2023-03-01: 42, 2023-04-01: 37, 2023-05-01: 39, 2023-06-01: 43, 2023-07-01: 41, 2023-08-01: 41, 2023-09-01: 40, 2023-10-01: 42, 2023-11-01: 41, 2023-12-01: 39, 2024-01-01: 49, 2024-02-01: 45, 2024-03-01: 49, 2024-04-01: 52, 2024-05-01: 55, 2024-06-01: 52, 2024-07-01: 64, 2024-08-01: 50, 2024-09-01: 50, 2024-10-01: 82, 2024-11-01: 69, 2024-12-01: 59, 2025-01-01: 73, 2025-02-01: 63, 2025-03-01: 60, 2025-04-01: 53, 2025-05-01: 58, 2025-06-01: 63, 2025-07-01: 61, 2025-08-01: 72, 2025-09-01: 69, 2025-10-01: 69, 2025-11-01: 75, 2025-12-01: 69, 2026-01-01: 72, 2026-02-01: 85, 2026-03-01: 85, 2026-04-05: 93, 2026-04-12: 92"
"Pandan tea","Herbal tea made from the leaves of the Pandan plant, known for its unique aroma and flavor. It offers several health benefits, including blood pressure management, heart health, pain relief, digestive health, and detoxification, making it a valuable addition to a healthy diet. Pandan tea is particularly popular among individuals seeking natural remedies and those interested in Southeast Asian cuisine.","health, food-beverage, beverages, food, nutrition","false","141%","6600","Exploding","exponential","Seasonal","Average","Positive","growing","Past 5 years","https://signails.com/topics/pandan-tea","{""facebook"":449,""linkedin"":14,""twitter"":1,""pinterest"":233,""reddit"":30,""tiktok"":50,""youtube"":164}","2021-04-01: 37, 2021-05-01: 39, 2021-06-01: 37, 2021-07-01: 34, 2021-08-01: 35, 2021-09-01: 29, 2021-10-01: 35, 2021-11-01: 35, 2021-12-01: 38, 2022-01-01: 47, 2022-02-01: 46, 2022-03-01: 40, 2022-04-01: 48, 2022-05-01: 41, 2022-06-01: 47, 2022-07-01: 48, 2022-08-01: 46, 2022-09-01: 43, 2022-10-01: 42, 2022-11-01: 41, 2022-12-01: 42, 2023-01-01: 43, 2023-02-01: 52, 2023-03-01: 50, 2023-04-01: 52, 2023-05-01: 52, 2023-06-01: 48, 2023-07-01: 52, 2023-08-01: 56, 2023-09-01: 53, 2023-10-01: 47, 2023-11-01: 46, 2023-12-01: 50, 2024-01-01: 55, 2024-02-01: 59, 2024-03-01: 60, 2024-04-01: 48, 2024-05-01: 54, 2024-06-01: 54, 2024-07-01: 56, 2024-08-01: 58, 2024-09-01: 54, 2024-10-01: 54, 2024-11-01: 61, 2024-12-01: 54, 2025-01-01: 69, 2025-02-01: 66, 2025-03-01: 67, 2025-04-01: 70, 2025-05-01: 73, 2025-06-01: 73, 2025-07-01: 69, 2025-08-01: 88, 2025-09-01: 79, 2025-10-01: 73, 2025-11-01: 87, 2025-12-01: 85, 2026-01-01: 88, 2026-02-01: 100, 2026-03-01: 94, 2026-04-01: 94, 2026-04-05: 93, 2026-04-12: 81"
"Protein tortillas","Tortillas enriched with additional protein, often made with ingredients like whey protein or pea protein, in addition to traditional tortilla ingredients. These tortillas provide a higher protein content compared to regular tortillas, making them a valuable option for those looking to increase their protein intake. Protein tortillas are particularly popular among fitness enthusiasts, athletes, and individuals following high-protein diets.","health, food-beverage, nutrition, diets, food","false","471%","9900","Exploding","exponential","Seasonal","Average","Neutral","growing","Past 5 years","https://signails.com/topics/protein-tortillas","{""facebook"":215,""linkedin"":16,""twitter"":0,""pinterest"":346,""reddit"":46,""tiktok"":61,""youtube"":48}","2021-04-01: 18, 2021-05-01: 17, 2021-06-01: 14, 2021-07-01: 19, 2021-08-01: 20, 2021-09-01: 16, 2021-10-01: 16, 2021-11-01: 10, 2021-12-01: 9, 2022-01-01: 26, 2022-02-01: 24, 2022-03-01: 25, 2022-04-01: 27, 2022-05-01: 24, 2022-06-01: 27, 2022-07-01: 26, 2022-08-01: 25, 2022-09-01: 20, 2022-10-01: 22, 2022-11-01: 18, 2022-12-01: 17, 2023-01-01: 36, 2023-02-01: 36, 2023-03-01: 33, 2023-04-01: 33, 2023-05-01: 33, 2023-06-01: 34, 2023-07-01: 31, 2023-08-01: 28, 2023-09-01: 35, 2023-10-01: 33, 2023-11-01: 27, 2023-12-01: 23, 2024-01-01: 47, 2024-02-01: 44, 2024-03-01: 45, 2024-04-01: 40, 2024-05-01: 46, 2024-06-01: 45, 2024-07-01: 39, 2024-08-01: 43, 2024-09-01: 49, 2024-10-01: 38, 2024-11-01: 35, 2024-12-01: 37, 2025-01-01: 73, 2025-02-01: 77, 2025-03-01: 69, 2025-04-01: 60, 2025-05-01: 61, 2025-06-01: 59, 2025-07-01: 68, 2025-08-01: 80, 2025-09-01: 76, 2025-10-01: 68, 2025-11-01: 61, 2025-12-01: 56, 2026-01-01: 97, 2026-02-01: 97, 2026-03-01: 100, 2026-04-01: 97, 2026-04-05: 86, 2026-04-12: 86"
"pitboss","A supervisory position in a casino responsible for overseeing the actions of both dealers and players in a section of table games. Their duties include ensuring that money is handled correctly, monitoring players for signs of cheating or card counting, watching for dealer fatigue, and overseeing transactions to prevent errors. Pitbosses play a crucial role in maintaining the integrity and smooth operation of the casino's gaming floor, benefiting both the casino and its patrons.","food-beverage, cooking, food","true","19%","110000","Exploding","constant","Seasonal","Low","Positive","stationary","Past 5 years","https://signails.com/topics/pitboss","{""facebook"":16400,""linkedin"":377,""twitter"":7,""pinterest"":818,""reddit"":7160,""tiktok"":2320,""youtube"":4650}","2021-04-01: 74, 2021-05-01: 80, 2021-06-01: 84, 2021-07-01: 76, 2021-08-01: 59, 2021-09-01: 57, 2021-10-01: 48, 2021-11-01: 77, 2021-12-01: 74, 2022-01-01: 45, 2022-02-01: 40, 2022-03-01: 47, 2022-04-01: 59, 2022-05-01: 69, 2022-06-01: 68, 2022-07-01: 71, 2022-08-01: 55, 2022-09-01: 57, 2022-10-01: 47, 2022-11-01: 56, 2022-12-01: 53, 2023-01-01: 46, 2023-02-01: 49, 2023-03-01: 47, 2023-04-01: 71, 2023-05-01: 71, 2023-06-01: 90, 2023-07-01: 74, 2023-08-01: 57, 2023-09-01: 57, 2023-10-01: 44, 2023-11-01: 63, 2023-12-01: 62, 2024-01-01: 41, 2024-02-01: 53, 2024-03-01: 64, 2024-04-01: 63, 2024-05-01: 76, 2024-06-01: 82, 2024-07-01: 78, 2024-08-01: 68, 2024-09-01: 62, 2024-10-01: 52, 2024-11-01: 83, 2024-12-01: 78, 2025-01-01: 52, 2025-02-01: 51, 2025-03-01: 68, 2025-04-01: 81, 2025-05-01: 95, 2025-06-01: 100, 2025-07-01: 81, 2025-08-01: 74, 2025-09-01: 63, 2025-10-01: 51, 2025-11-01: 87, 2025-12-01: 72, 2026-01-01: 52, 2026-02-01: 52, 2026-03-01: 71, 2026-04-01: 95, 2026-04-05: 53, 2026-04-12: 56"
"Chomps","Brand founded by Pete Maldonado and Rashid Ali in 2012, specializing in high-quality, great-tasting meat snacks. Chomps differentiates itself by being minority-owned and operated, focusing on providing nutritious and flavorful snack options made from sustainably sourced ingredients. The brand primarily targets health-conscious consumers and individuals seeking convenient, protein-rich snack alternatives.","health, food-beverage, nutrition, diets, food","true","319%","165000","Exploding","stationary","Seasonal","Low","Positive","stationary","Past 5 years","https://signails.com/topics/chomps","{""facebook"":13200,""linkedin"":1260,""twitter"":512,""pinterest"":3810,""reddit"":3510,""tiktok"":5240,""youtube"":7540}","2021-04-01: 15, 2021-05-01: 16, 2021-06-01: 20, 2021-07-01: 15, 2021-08-01: 16, 2021-09-01: 16, 2021-10-01: 14, 2021-11-01: 14, 2021-12-01: 14, 2022-01-01: 18, 2022-02-01: 16, 2022-03-01: 17, 2022-04-01: 17, 2022-05-01: 14, 2022-06-01: 15, 2022-07-01: 15, 2022-08-01: 15, 2022-09-01: 15, 2022-10-01: 14, 2022-11-01: 13, 2022-12-01: 15, 2023-01-01: 19, 2023-02-01: 20, 2023-03-01: 19, 2023-04-01: 18, 2023-05-01: 18, 2023-06-01: 20, 2023-07-01: 23, 2023-08-01: 24, 2023-09-01: 24, 2023-10-01: 22, 2023-11-01: 22, 2023-12-01: 24, 2024-01-01: 38, 2024-02-01: 43, 2024-03-01: 49, 2024-04-01: 45, 2024-05-01: 45, 2024-06-01: 43, 2024-07-01: 44, 2024-08-01: 47, 2024-09-01: 45, 2024-10-01: 44, 2024-11-01: 43, 2024-12-01: 46, 2025-01-01: 61, 2025-02-01: 60, 2025-03-01: 100, 2025-04-01: 55, 2025-05-01: 55, 2025-06-01: 49, 2025-07-01: 48, 2025-08-01: 60, 2025-09-01: 54, 2025-10-01: 53, 2025-11-01: 45, 2025-12-01: 46, 2026-01-01: 58, 2026-02-01: 56, 2026-03-01: 57, 2026-04-01: 67, 2026-03-29: 28, 2026-04-05: 28, 2026-04-12: 27"
"neutral oil","Neutral oil is a type of cooking oil characterized by its mild flavor and high smoke point, making it versatile for various culinary applications. It is commonly used in baking, frying, and sautéing due to its ability to withstand high temperatures without imparting strong flavors to dishes. Neutral oil is ideal for home cooks and professional chefs who require a multipurpose oil that does not alter the taste of their recipes.","food-beverage, cooking, food, cpg","false","678%","22200","Exploding","exponential","Non-seasonal","Low","Neutral","declining","Past 5 years","https://signails.com/topics/neutral-oil","{""facebook"":1690,""linkedin"":25,""twitter"":23,""pinterest"":510,""reddit"":54,""tiktok"":173,""youtube"":51}","2021-04-01: 9, 2021-05-01: 9, 2021-06-01: 9, 2021-07-01: 9, 2021-08-01: 9, 2021-09-01: 10, 2021-10-01: 10, 2021-11-01: 10, 2021-12-01: 10, 2022-01-01: 14, 2022-02-01: 14, 2022-03-01: 13, 2022-04-01: 14, 2022-05-01: 13, 2022-06-01: 13, 2022-07-01: 12, 2022-08-01: 12, 2022-09-01: 12, 2022-10-01: 13, 2022-11-01: 12, 2022-12-01: 13, 2023-01-01: 16, 2023-02-01: 15, 2023-03-01: 15, 2023-04-01: 16, 2023-05-01: 15, 2023-06-01: 13, 2023-07-01: 15, 2023-08-01: 14, 2023-09-01: 16, 2023-10-01: 15, 2023-11-01: 17, 2023-12-01: 16, 2024-01-01: 18, 2024-02-01: 18, 2024-03-01: 19, 2024-04-01: 19, 2024-05-01: 18, 2024-06-01: 18, 2024-07-01: 18, 2024-08-01: 18, 2024-09-01: 20, 2024-10-01: 20, 2024-11-01: 20, 2024-12-01: 21, 2025-01-01: 23, 2025-02-01: 23, 2025-03-01: 22, 2025-04-01: 21, 2025-05-01: 21, 2025-06-01: 21, 2025-07-01: 22, 2025-08-01: 43, 2025-09-01: 44, 2025-10-01: 42, 2025-11-01: 48, 2025-12-01: 47, 2026-01-01: 49, 2026-02-01: 63, 2026-03-01: 100, 2026-04-01: 70, 2026-04-05: 68, 2026-04-12: 69"
"Swedish candy","Swedish confectionery is renowned for its distinctive flavors, such as salty licorice, peppermint sticks, and car-shaped gummies, alongside a variety of chocolate treats. It stands out with popular items like Saltlakrits, Polkagris, Bilar, Daim, Marabou, Plopp, and Kex, offering a diverse range of taste experiences. This candy tradition, often enjoyed during 'lördagsgodis' or Saturday candy, appeals to both children and adults who appreciate unique and flavorful sweets.","food-beverage, lifestyle, food, grocery, cpg","false","983%","165000","Exploding","constant","Seasonal","Low","Positive","growing","Past 5 years","https://signails.com/topics/swedish-candy-RBKgXDcy","{""facebook"":5570,""linkedin"":200,""twitter"":68,""pinterest"":3200,""reddit"":541,""tiktok"":17000,""youtube"":3410}","2021-04-01: 6, 2021-05-01: 6, 2021-06-01: 6, 2021-07-01: 7, 2021-08-01: 6, 2021-09-01: 7, 2021-10-01: 8, 2021-11-01: 8, 2021-12-01: 8, 2022-01-01: 7, 2022-02-01: 7, 2022-03-01: 7, 2022-04-01: 8, 2022-05-01: 7, 2022-06-01: 7, 2022-07-01: 7, 2022-08-01: 7, 2022-09-01: 6, 2022-10-01: 9, 2022-11-01: 9, 2022-12-01: 9, 2023-01-01: 7, 2023-02-01: 8, 2023-03-01: 7, 2023-04-01: 7, 2023-05-01: 7, 2023-06-01: 7, 2023-07-01: 7, 2023-08-01: 8, 2023-09-01: 7, 2023-10-01: 9, 2023-11-01: 8, 2023-12-01: 9, 2024-01-01: 38, 2024-02-01: 61, 2024-03-01: 67, 2024-04-01: 95, 2024-05-01: 100, 2024-06-01: 95, 2024-07-01: 85, 2024-08-01: 53, 2024-09-01: 50, 2024-10-01: 53, 2024-11-01: 57, 2024-12-01: 65, 2025-01-01: 59, 2025-02-01: 53, 2025-03-01: 54, 2025-04-01: 50, 2025-05-01: 48, 2025-06-01: 52, 2025-07-01: 65, 2025-08-01: 71, 2025-09-01: 63, 2025-10-01: 62, 2025-11-01: 56, 2025-12-01: 71, 2026-01-01: 58, 2026-02-01: 60, 2026-03-01: 64, 2026-04-01: 65, 2026-04-05: 78, 2026-04-12: 79"
"popping boba","Small, gel-like spheres with a liquid center, commonly used as a topping in bubble tea, frozen yogurt, and other desserts. The outer shell is made from a seaweed extract, and when bitten into, the liquid center bursts, releasing a burst of flavor, with common flavors including mango, strawberry, and lychee. Popping boba is popular among individuals who enjoy unique and flavorful additions to their beverages and desserts.","food-beverage, food, beverages, cpg","false","16%","74000","Exploding","constant","Seasonal","Low","Positive","declining","Past 5 years","https://signails.com/topics/popping-boba","{""facebook"":15200,""linkedin"":214,""twitter"":41,""pinterest"":6700,""reddit"":586,""tiktok"":5150,""youtube"":4500}","2021-04-01: 69, 2021-05-01: 85, 2021-06-01: 100, 2021-07-01: 95, 2021-08-01: 70, 2021-09-01: 47, 2021-10-01: 43, 2021-11-01: 38, 2021-12-01: 47, 2022-01-01: 52, 2022-02-01: 53, 2022-03-01: 55, 2022-04-01: 65, 2022-05-01: 62, 2022-06-01: 66, 2022-07-01: 66, 2022-08-01: 63, 2022-09-01: 50, 2022-10-01: 45, 2022-11-01: 42, 2022-12-01: 46, 2023-01-01: 60, 2023-02-01: 57, 2023-03-01: 55, 2023-04-01: 62, 2023-05-01: 60, 2023-06-01: 64, 2023-07-01: 65, 2023-08-01: 59, 2023-09-01: 51, 2023-10-01: 46, 2023-11-01: 43, 2023-12-01: 50, 2024-01-01: 51, 2024-02-01: 53, 2024-03-01: 68, 2024-04-01: 66, 2024-05-01: 94, 2024-06-01: 76, 2024-07-01: 76, 2024-08-01: 68, 2024-09-01: 61, 2024-10-01: 62, 2024-11-01: 52, 2024-12-01: 58, 2025-01-01: 63, 2025-02-01: 64, 2025-03-01: 78, 2025-04-01: 79, 2025-05-01: 92, 2025-06-01: 99, 2025-07-01: 97, 2025-08-01: 91, 2025-09-01: 71, 2025-10-01: 66, 2025-11-01: 60, 2025-12-01: 64, 2026-01-01: 68, 2026-02-01: 79, 2026-03-01: 80, 2026-04-05: 91, 2026-04-12: 93"
"Freeze dried eggs","Dehydrated eggs created through a freeze-drying process, maintaining their nutritional value and flavor while significantly extending their shelf life. These eggs are lightweight and convenient for storage, making them ideal for use in camping, emergency supplies, and long-term food storage solutions. The primary users of freeze-dried eggs are outdoor enthusiasts, preppers, and individuals seeking reliable food options for extended periods.","food-beverage, lifestyle, cooking, food, cpg","false","331%","5400","Exploding","constant","Seasonal","Average","Neutral","stationary","Past 5 years","https://signails.com/topics/freeze-dried-eggs-PCcroNLD","{""facebook"":564,""linkedin"":1,""twitter"":1,""pinterest"":113,""reddit"":6,""tiktok"":65,""youtube"":156}","2021-04-01: 11, 2021-05-01: 13, 2021-06-01: 14, 2021-07-01: 12, 2021-08-01: 13, 2021-09-01: 12, 2021-10-01: 19, 2021-11-01: 12, 2021-12-01: 8, 2022-01-01: 13, 2022-02-01: 17, 2022-03-01: 35, 2022-04-01: 44, 2022-05-01: 35, 2022-06-01: 39, 2022-07-01: 30, 2022-08-01: 32, 2022-09-01: 21, 2022-10-01: 24, 2022-11-01: 19, 2022-12-01: 19, 2023-01-01: 52, 2023-02-01: 36, 2023-03-01: 30, 2023-04-01: 27, 2023-05-01: 25, 2023-06-01: 31, 2023-07-01: 31, 2023-08-01: 32, 2023-09-01: 35, 2023-10-01: 33, 2023-11-01: 25, 2023-12-01: 28, 2024-01-01: 34, 2024-02-01: 40, 2024-03-01: 47, 2024-04-01: 45, 2024-05-01: 45, 2024-06-01: 37, 2024-07-01: 28, 2024-08-01: 39, 2024-09-01: 41, 2024-10-01: 41, 2024-11-01: 31, 2024-12-01: 43, 2025-01-01: 57, 2025-02-01: 100, 2025-03-01: 53, 2025-04-01: 47, 2025-05-01: 51, 2025-06-01: 38, 2025-07-01: 38, 2025-08-01: 58, 2025-09-01: 41, 2025-10-01: 37, 2025-11-01: 32, 2025-12-01: 34, 2026-01-01: 40, 2026-02-01: 49, 2026-03-01: 61, 2026-04-01: 56, 2026-04-05: 54, 2026-04-12: 64"
"Mushroom powder","Mushroom powder is a dietary supplement made from dried and ground mushrooms, known for its rich nutritional profile and health benefits. It provides essential vitamins, minerals, and antioxidants, and is often used to support immune function, cognitive health, and energy levels. This supplement is particularly beneficial for health-conscious individuals looking to enhance their diet with natural, nutrient-dense ingredients.","health, food-beverage, supplements, nutrition, food","false","270%","49500","Exploding","exponential","Seasonal","Low","Positive","growing","Past 5 years","https://signails.com/topics/mushroom-powder","{""facebook"":3810,""linkedin"":329,""twitter"":19,""pinterest"":2570,""reddit"":311,""tiktok"":1000,""youtube"":897}","2021-04-01: 27, 2021-05-01: 27, 2021-06-01: 29, 2021-07-01: 30, 2021-08-01: 32, 2021-09-01: 32, 2021-10-01: 33, 2021-11-01: 33, 2021-12-01: 30, 2022-01-01: 40, 2022-02-01: 37, 2022-03-01: 38, 2022-04-01: 36, 2022-05-01: 35, 2022-06-01: 36, 2022-07-01: 37, 2022-08-01: 40, 2022-09-01: 42, 2022-10-01: 42, 2022-11-01: 39, 2022-12-01: 41, 2023-01-01: 49, 2023-02-01: 49, 2023-03-01: 47, 2023-04-01: 47, 2023-05-01: 46, 2023-06-01: 45, 2023-07-01: 50, 2023-08-01: 50, 2023-09-01: 50, 2023-10-01: 54, 2023-11-01: 62, 2023-12-01: 51, 2024-01-01: 56, 2024-02-01: 53, 2024-03-01: 52, 2024-04-01: 48, 2024-05-01: 67, 2024-06-01: 57, 2024-07-01: 55, 2024-08-01: 52, 2024-09-01: 52, 2024-10-01: 51, 2024-11-01: 53, 2024-12-01: 52, 2025-01-01: 59, 2025-02-01: 57, 2025-03-01: 55, 2025-04-01: 52, 2025-05-01: 53, 2025-06-01: 56, 2025-07-01: 61, 2025-08-01: 74, 2025-09-01: 71, 2025-10-01: 77, 2025-11-01: 73, 2025-12-01: 65, 2026-01-01: 71, 2026-02-01: 77, 2026-03-01: 80, 2026-04-01: 100, 2026-04-05: 101, 2026-04-12: 104"
"Broccoli microgreens","Young broccoli plants harvested within 7-14 days after germination, known for their high nutritional content. They contain concentrated levels of vitamins A, B complex, C, E, and K, as well as essential minerals such as calcium, copper, iron, magnesium, manganese, phosphorous, and potassium, making them a nutrient-dense addition to various dishes. Broccoli microgreens are often used in salads, sandwiches, and as garnishes, appealing to health-conscious individuals seeking to enhance their diet with nutrient-rich foods.","health, food-beverage, lifestyle, nutrition, food, gardening-agriculture","false","127%","6600","Exploding","exponential","Seasonal","Low","Positive","growing","Past 5 years","https://signails.com/topics/broccoli-microgreens","{""facebook"":1950,""linkedin"":77,""twitter"":21,""pinterest"":420,""reddit"":115,""tiktok"":135,""youtube"":415}","2021-04-01: 56, 2021-05-01: 33, 2021-06-01: 26, 2021-07-01: 27, 2021-08-01: 22, 2021-09-01: 22, 2021-10-01: 21, 2021-11-01: 24, 2021-12-01: 14, 2022-01-01: 35, 2022-02-01: 36, 2022-03-01: 33, 2022-04-01: 36, 2022-05-01: 31, 2022-06-01: 35, 2022-07-01: 31, 2022-08-01: 37, 2022-09-01: 30, 2022-10-01: 29, 2022-11-01: 29, 2022-12-01: 26, 2023-01-01: 40, 2023-02-01: 59, 2023-03-01: 53, 2023-04-01: 49, 2023-05-01: 61, 2023-06-01: 48, 2023-07-01: 46, 2023-08-01: 38, 2023-09-01: 32, 2023-10-01: 33, 2023-11-01: 30, 2023-12-01: 25, 2024-01-01: 35, 2024-02-01: 44, 2024-03-01: 49, 2024-04-01: 43, 2024-05-01: 39, 2024-06-01: 41, 2024-07-01: 26, 2024-08-01: 32, 2024-09-01: 40, 2024-10-01: 31, 2024-11-01: 34, 2024-12-01: 31, 2025-01-01: 38, 2025-02-01: 49, 2025-03-01: 45, 2025-04-01: 41, 2025-05-01: 43, 2025-06-01: 38, 2025-07-01: 42, 2025-08-01: 68, 2025-09-01: 52, 2025-10-01: 60, 2025-11-01: 66, 2025-12-01: 54, 2026-01-01: 63, 2026-02-01: 74, 2026-03-01: 100, 2026-04-01: 75, 2026-03-29: 68, 2026-04-05: 65, 2026-04-12: 67"
"Cold pressed oil","Extracted from seeds, nuts, or fruits without the use of heat or chemicals, this type of oil retains its natural flavor, aroma, and nutrients. It is considered healthier due to its preservation of essential nutrients and is commonly used in cooking, skincare, and dietary supplements. The primary consumers of this oil are health-conscious individuals seeking natural and nutrient-rich alternatives for culinary and personal care purposes.","product, food, food-beverage, cooking","undefined","166%","33100","Exploding","exponential","Seasonal","Low","Positive","growing","Past 5 years","https://signails.com/topics/cold-pressed-oil","{""facebook"":11900,""linkedin"":255,""twitter"":289,""pinterest"":1190,""reddit"":185,""tiktok"":190,""youtube"":2740}","2021-04-01: 35, 2021-05-01: 36, 2021-06-01: 37, 2021-07-01: 32, 2021-08-01: 34, 2021-09-01: 32, 2021-10-01: 31, 2021-11-01: 30, 2021-12-01: 31, 2022-01-01: 35, 2022-02-01: 36, 2022-03-01: 34, 2022-04-01: 31, 2022-05-01: 33, 2022-06-01: 35, 2022-07-01: 35, 2022-08-01: 31, 2022-09-01: 30, 2022-10-01: 31, 2022-11-01: 32, 2022-12-01: 34, 2023-01-01: 35, 2023-02-01: 37, 2023-03-01: 37, 2023-04-01: 38, 2023-05-01: 39, 2023-06-01: 44, 2023-07-01: 50, 2023-08-01: 55, 2023-09-01: 54, 2023-10-01: 54, 2023-11-01: 53, 2023-12-01: 50, 2024-01-01: 56, 2024-02-01: 51, 2024-03-01: 50, 2024-04-01: 48, 2024-05-01: 50, 2024-06-01: 52, 2024-07-01: 51, 2024-08-01: 53, 2024-09-01: 49, 2024-10-01: 48, 2024-11-01: 51, 2024-12-01: 53, 2025-01-01: 58, 2025-02-01: 59, 2025-03-01: 55, 2025-04-01: 55, 2025-05-01: 49, 2025-06-01: 58, 2025-07-01: 74, 2025-08-01: 90, 2025-09-01: 92, 2025-10-01: 87, 2025-11-01: 92, 2025-12-01: 84, 2026-01-01: 85, 2026-02-01: 98, 2026-03-01: 93, 2026-03-29: 82, 2026-04-05: 79, 2026-04-12: 81"
"Skyr yogurt","Traditional Icelandic dairy product that is similar to yogurt but technically classified as a cheese. Made from skim milk, it is known for its thick, creamy texture and high protein content, offering a milder and less tangy flavor compared to Greek yogurt. Skyr yogurt is popular among health-conscious individuals seeking a nutritious, high-protein snack or meal addition.","food-beverage, food, cooking, cpg","false","350%","60500","Exploding","exponential","Seasonal","Low","Positive","growing","Past 5 years","https://signails.com/topics/skyr-yogurt","{""facebook"":431,""linkedin"":46,""twitter"":15,""pinterest"":409,""reddit"":148,""tiktok"":224,""youtube"":87}","2021-04-01: 19, 2021-05-01: 18, 2021-06-01: 16, 2021-07-01: 16, 2021-08-01: 16, 2021-09-01: 17, 2021-10-01: 23, 2021-11-01: 16, 2021-12-01: 12, 2022-01-01: 24, 2022-02-01: 22, 2022-03-01: 20, 2022-04-01: 21, 2022-05-01: 21, 2022-06-01: 21, 2022-07-01: 22, 2022-08-01: 24, 2022-09-01: 21, 2022-10-01: 20, 2022-11-01: 18, 2022-12-01: 15, 2023-01-01: 25, 2023-02-01: 27, 2023-03-01: 25, 2023-04-01: 25, 2023-05-01: 25, 2023-06-01: 27, 2023-07-01: 26, 2023-08-01: 27, 2023-09-01: 24, 2023-10-01: 24, 2023-11-01: 21, 2023-12-01: 17, 2024-01-01: 32, 2024-02-01: 33, 2024-03-01: 35, 2024-04-01: 35, 2024-05-01: 39, 2024-06-01: 45, 2024-07-01: 43, 2024-08-01: 40, 2024-09-01: 41, 2024-10-01: 34, 2024-11-01: 32, 2024-12-01: 26, 2025-01-01: 47, 2025-02-01: 49, 2025-03-01: 53, 2025-04-01: 48, 2025-05-01: 49, 2025-06-01: 49, 2025-07-01: 51, 2025-08-01: 61, 2025-09-01: 57, 2025-10-01: 54, 2025-11-01: 50, 2025-12-01: 45, 2026-01-01: 82, 2026-02-01: 75, 2026-03-01: 100, 2026-04-01: 81, 2026-03-29: 75, 2026-04-05: 68, 2026-04-12: 74"
"Orange matcha","A variation of traditional matcha green tea that includes fresh squeezed orange juice, adding a citrusy flavor to the earthy taste of matcha. This combination provides a unique blend of antioxidants and vitamins, enhancing the health benefits of both matcha and orange juice. Orange matcha is particularly appealing to health-conscious individuals and tea enthusiasts looking for a refreshing and nutritious beverage option.","health, food-beverage, beverages, nutrition, food","false","800%","1300","Exploding","exponential","Non-seasonal","Low","Positive","declining","Past 5 years","https://signails.com/topics/orange-matcha","{""facebook"":833,""linkedin"":1,""twitter"":1,""pinterest"":317,""reddit"":17,""tiktok"":445,""youtube"":210}","2021-04-01: 12, 2021-05-01: 10, 2021-06-01: 10, 2021-07-01: 10, 2021-08-01: 10, 2021-09-01: 8, 2021-10-01: 10, 2021-11-01: 11, 2021-12-01: 9, 2022-01-01: 15, 2022-02-01: 13, 2022-03-01: 12, 2022-04-01: 13, 2022-05-01: 15, 2022-06-01: 14, 2022-07-01: 13, 2022-08-01: 14, 2022-09-01: 12, 2022-10-01: 15, 2022-11-01: 12, 2022-12-01: 12, 2023-01-01: 16, 2023-02-01: 20, 2023-03-01: 15, 2023-04-01: 20, 2023-05-01: 15, 2023-06-01: 16, 2023-07-01: 18, 2023-08-01: 18, 2023-09-01: 15, 2023-10-01: 15, 2023-11-01: 13, 2023-12-01: 21, 2024-01-01: 19, 2024-02-01: 23, 2024-03-01: 23, 2024-04-01: 20, 2024-05-01: 21, 2024-06-01: 21, 2024-07-01: 25, 2024-08-01: 28, 2024-09-01: 24, 2024-10-01: 27, 2024-11-01: 26, 2024-12-01: 28, 2025-01-01: 34, 2025-02-01: 35, 2025-03-01: 41, 2025-04-01: 47, 2025-05-01: 43, 2025-06-01: 47, 2025-07-01: 57, 2025-08-01: 99, 2025-09-01: 92, 2025-10-01: 68, 2025-11-01: 69, 2025-12-01: 66, 2026-01-01: 67, 2026-02-01: 100, 2026-03-01: 77, 2026-04-01: 90, 2026-04-05: 79, 2026-04-12: 79"
"Poke mix","A combination of ingredients used in poke bowls, a traditional Hawaiian dish. Poke mix typically includes marinated, uncooked seafood such as tuna or salmon, along with various vegetables, rice, and savory sauces, offering a fresh and flavorful meal. This dish is popular among health-conscious individuals and seafood enthusiasts looking for a nutritious and customizable dining option.","food-beverage, cooking, food, grocery","false","170%","2900","Exploding","exponential","Seasonal","Average","Positive","growing","Past 5 years","https://signails.com/topics/poke-mix","{""facebook"":287,""linkedin"":14,""twitter"":27,""pinterest"":43,""reddit"":34,""tiktok"":42,""youtube"":75}","2021-04-01: 37, 2021-05-01: 37, 2021-06-01: 36, 2021-07-01: 44, 2021-08-01: 35, 2021-09-01: 30, 2021-10-01: 35, 2021-11-01: 31, 2021-12-01: 37, 2022-01-01: 44, 2022-02-01: 46, 2022-03-01: 45, 2022-04-01: 49, 2022-05-01: 42, 2022-06-01: 42, 2022-07-01: 44, 2022-08-01: 47, 2022-09-01: 38, 2022-10-01: 30, 2022-11-01: 36, 2022-12-01: 42, 2023-01-01: 36, 2023-02-01: 44, 2023-03-01: 45, 2023-04-01: 47, 2023-05-01: 37, 2023-06-01: 44, 2023-07-01: 44, 2023-08-01: 40, 2023-09-01: 38, 2023-10-01: 39, 2023-11-01: 34, 2023-12-01: 43, 2024-01-01: 35, 2024-02-01: 43, 2024-03-01: 49, 2024-04-01: 33, 2024-05-01: 44, 2024-06-01: 44, 2024-07-01: 54, 2024-08-01: 48, 2024-09-01: 36, 2024-10-01: 34, 2024-11-01: 45, 2024-12-01: 46, 2025-01-01: 45, 2025-02-01: 49, 2025-03-01: 49, 2025-04-01: 63, 2025-05-01: 51, 2025-06-01: 46, 2025-07-01: 59, 2025-08-01: 58, 2025-09-01: 50, 2025-10-01: 52, 2025-11-01: 54, 2025-12-01: 57, 2026-01-01: 59, 2026-02-01: 61, 2026-03-01: 64, 2026-04-01: 100, 2026-04-05: 66, 2026-04-12: 64"
"Spaghettoni","Type of pasta that is similar to spaghetti but thicker, used in Italian cuisine. Spaghettoni is suitable for dishes that require a more substantial pasta to hold up to heavier sauces or ingredients, offering a robust texture and flavor. This pasta is ideal for individuals who enjoy hearty Italian dishes and prefer a thicker pasta variety.","food-beverage, cooking, food","false","138%","18100","Exploding","exponential","Seasonal","Low","Positive","stationary","Past 5 years","https://signails.com/topics/spaghettoni","{""facebook"":6920,""linkedin"":65,""twitter"":14,""pinterest"":3640,""reddit"":349,""tiktok"":645,""youtube"":1110}","2021-04-01: 45, 2021-05-01: 39, 2021-06-01: 34, 2021-07-01: 47, 2021-08-01: 54, 2021-09-01: 50, 2021-10-01: 45, 2021-11-01: 37, 2021-12-01: 41, 2022-01-01: 78, 2022-02-01: 64, 2022-03-01: 58, 2022-04-01: 55, 2022-05-01: 58, 2022-06-01: 65, 2022-07-01: 64, 2022-08-01: 73, 2022-09-01: 56, 2022-10-01: 61, 2022-11-01: 51, 2022-12-01: 57, 2023-01-01: 56, 2023-02-01: 63, 2023-03-01: 53, 2023-04-01: 56, 2023-05-01: 58, 2023-06-01: 58, 2023-07-01: 68, 2023-08-01: 69, 2023-09-01: 61, 2023-10-01: 65, 2023-11-01: 62, 2023-12-01: 68, 2024-01-01: 60, 2024-02-01: 86, 2024-03-01: 65, 2024-04-01: 59, 2024-05-01: 57, 2024-06-01: 62, 2024-07-01: 69, 2024-08-01: 66, 2024-09-01: 64, 2024-10-01: 60, 2024-11-01: 61, 2024-12-01: 77, 2025-01-01: 73, 2025-02-01: 74, 2025-03-01: 66, 2025-04-01: 62, 2025-05-01: 76, 2025-06-01: 78, 2025-07-01: 93, 2025-08-01: 100, 2025-09-01: 82, 2025-10-01: 75, 2025-11-01: 73, 2025-12-01: 75, 2026-01-01: 73, 2026-02-01: 80, 2026-03-01: 87, 2026-04-01: 93, 2026-04-05: 74, 2026-04-12: 73"
"Wifi meat thermometer","A WiFi meat thermometer is a smart cooking device that allows users to monitor the internal temperature of meat remotely through a connected mobile app. It features probes inserted into the meat and transmits real-time temperature data via WiFi, enabling precise control over cooking without constant supervision. This product is primarily targeted at grilling enthusiasts, home chefs, and anyone seeking accuracy and convenience in cooking meat to specific doneness levels.","technology, cooking, food, food-beverage","undefined","77%","1900","Exploding","exponential","Seasonal","Average","Positive","growing","Past 5 years","https://signails.com/topics/wifi-meat-thermometer","{""facebook"":219,""linkedin"":1,""twitter"":3,""pinterest"":85,""reddit"":39,""tiktok"":7,""youtube"":7}","2021-04-01: 13, 2021-05-01: 11, 2021-06-01: 17, 2021-07-01: 17, 2021-08-01: 7, 2021-09-01: 7, 2021-10-01: 10, 2021-11-01: 20, 2021-12-01: 23, 2022-01-01: 15, 2022-02-01: 13, 2022-03-01: 10, 2022-04-01: 16, 2022-05-01: 15, 2022-06-01: 16, 2022-07-01: 13, 2022-08-01: 11, 2022-09-01: 10, 2022-10-01: 12, 2022-11-01: 23, 2022-12-01: 27, 2023-01-01: 11, 2023-02-01: 7, 2023-03-01: 9, 2023-04-01: 12, 2023-05-01: 12, 2023-06-01: 16, 2023-07-01: 14, 2023-08-01: 12, 2023-09-01: 9, 2023-10-01: 9, 2023-11-01: 20, 2023-12-01: 30, 2024-01-01: 12, 2024-02-01: 6, 2024-03-01: 10, 2024-04-01: 10, 2024-05-01: 12, 2024-06-01: 12, 2024-07-01: 13, 2024-08-01: 11, 2024-09-01: 11, 2024-10-01: 10, 2024-11-01: 28, 2024-12-01: 32, 2025-01-01: 15, 2025-02-01: 8, 2025-03-01: 11, 2025-04-01: 8, 2025-05-01: 13, 2025-06-01: 15, 2025-07-01: 17, 2025-08-01: 20, 2025-09-01: 19, 2025-10-01: 19, 2025-11-01: 42, 2025-12-01: 51, 2026-01-01: 22, 2026-02-01: 28, 2026-03-01: 23, 2026-03-29: 33, 2026-04-05: 29, 2026-04-12: 26"
"Psyllium","A form of fiber derived from the husks of the Plantago ovata plant's seeds, commonly used as a dietary supplement. It is valued for its ability to absorb water and form a viscous compound, aiding in the treatment of constipation, diarrhea, and irritable bowel syndrome (IBS), as well as helping to lower cholesterol and manage blood sugar levels. Psyllium is particularly beneficial for individuals seeking to improve digestive health and manage certain metabolic conditions.","health, food-beverage, industry, pharma, supplements, food","false","151%","1000000","Exploding","exponential","Seasonal","Average","Positive","growing","Past 5 years","https://signails.com/topics/psyllium","{""facebook"":33400,""linkedin"":987,""twitter"":197,""pinterest"":12900,""reddit"":13900,""tiktok"":8190,""youtube"":6370}","2021-04-01: 36, 2021-05-01: 35, 2021-06-01: 31, 2021-07-01: 31, 2021-08-01: 33, 2021-09-01: 32, 2021-10-01: 32, 2021-11-01: 30, 2021-12-01: 25, 2022-01-01: 38, 2022-02-01: 36, 2022-03-01: 37, 2022-04-01: 37, 2022-05-01: 33, 2022-06-01: 34, 2022-07-01: 35, 2022-08-01: 36, 2022-09-01: 36, 2022-10-01: 36, 2022-11-01: 33, 2022-12-01: 32, 2023-01-01: 45, 2023-02-01: 44, 2023-03-01: 45, 2023-04-01: 44, 2023-05-01: 46, 2023-06-01: 44, 2023-07-01: 44, 2023-08-01: 46, 2023-09-01: 47, 2023-10-01: 45, 2023-11-01: 44, 2023-12-01: 39, 2024-01-01: 52, 2024-02-01: 48, 2024-03-01: 49, 2024-04-01: 53, 2024-05-01: 55, 2024-06-01: 54, 2024-07-01: 53, 2024-08-01: 56, 2024-09-01: 57, 2024-10-01: 56, 2024-11-01: 53, 2024-12-01: 46, 2025-01-01: 61, 2025-02-01: 56, 2025-03-01: 61, 2025-04-01: 58, 2025-05-01: 59, 2025-06-01: 55, 2025-07-01: 59, 2025-08-01: 76, 2025-09-01: 78, 2025-10-01: 76, 2025-11-01: 75, 2025-12-01: 67, 2026-01-01: 85, 2026-02-01: 89, 2026-03-01: 100, 2026-04-01: 88, 2026-04-05: 87, 2026-04-12: 86"
"Sand ginger","A monocotyledonous plant in the ginger family (Zingiberaceae), known as Kaempferia galanga, kencur, aromatic ginger, or cutcherry. It has been used in Asian cuisine and traditional medicine for centuries, valued for its aromatic properties and potential health benefits. Sand ginger primarily benefits individuals interested in traditional Asian cooking and natural remedies.","health, food-beverage, science, pharma, nutrition, food","false","157%","5400","Exploding","exponential","Seasonal","Average","Positive","declining","Past 5 years","https://signails.com/topics/sand-ginger","{""facebook"":485,""linkedin"":16,""twitter"":16,""pinterest"":174,""reddit"":42,""tiktok"":136,""youtube"":265}","2021-04-01: 30, 2021-05-01: 23, 2021-06-01: 25, 2021-07-01: 25, 2021-08-01: 22, 2021-09-01: 23, 2021-10-01: 28, 2021-11-01: 27, 2021-12-01: 26, 2022-01-01: 30, 2022-02-01: 28, 2022-03-01: 34, 2022-04-01: 25, 2022-05-01: 25, 2022-06-01: 25, 2022-07-01: 28, 2022-08-01: 31, 2022-09-01: 36, 2022-10-01: 32, 2022-11-01: 26, 2022-12-01: 31, 2023-01-01: 34, 2023-02-01: 35, 2023-03-01: 28, 2023-04-01: 26, 2023-05-01: 25, 2023-06-01: 31, 2023-07-01: 33, 2023-08-01: 32, 2023-09-01: 32, 2023-10-01: 35, 2023-11-01: 32, 2023-12-01: 30, 2024-01-01: 34, 2024-02-01: 32, 2024-03-01: 35, 2024-04-01: 33, 2024-05-01: 40, 2024-06-01: 34, 2024-07-01: 33, 2024-08-01: 32, 2024-09-01: 29, 2024-10-01: 30, 2024-11-01: 33, 2024-12-01: 42, 2025-01-01: 40, 2025-02-01: 43, 2025-03-01: 32, 2025-04-01: 33, 2025-05-01: 33, 2025-06-01: 38, 2025-07-01: 36, 2025-08-01: 49, 2025-09-01: 50, 2025-10-01: 50, 2025-11-01: 53, 2025-12-01: 53, 2026-01-01: 54, 2026-02-01: 74, 2026-03-01: 63, 2026-04-01: 59, 2026-04-05: 64, 2026-04-12: 64"
"Soybean protein","Plant-based protein derived from soybeans, known for its high protein content and nutritional benefits. It is considered a complete protein, containing all nine essential amino acids, and is often used as an alternative to animal-based proteins in various food products and supplements. Soybean protein is popular among vegetarians and vegans, and is available in forms such as soy protein isolate, soy protein concentrate, and textured soy protein.","health, food-beverage, industry, nutrition, food, manufacturing","false","87%","49500","Exploding","exponential","Seasonal","Low","Positive","stationary","Past 5 years","https://signails.com/topics/soybean-protein","{""facebook"":317,""linkedin"":410,""twitter"":22,""pinterest"":42,""reddit"":14,""tiktok"":32,""youtube"":155}","2021-04-01: 32, 2021-05-01: 38, 2021-06-01: 36, 2021-07-01: 39, 2021-08-01: 40, 2021-09-01: 33, 2021-10-01: 30, 2021-11-01: 27, 2021-12-01: 28, 2022-01-01: 38, 2022-02-01: 44, 2022-03-01: 50, 2022-04-01: 49, 2022-05-01: 49, 2022-06-01: 50, 2022-07-01: 56, 2022-08-01: 50, 2022-09-01: 50, 2022-10-01: 40, 2022-11-01: 44, 2022-12-01: 40, 2023-01-01: 43, 2023-02-01: 48, 2023-03-01: 48, 2023-04-01: 48, 2023-05-01: 44, 2023-06-01: 50, 2023-07-01: 52, 2023-08-01: 54, 2023-09-01: 51, 2023-10-01: 45, 2023-11-01: 40, 2023-12-01: 42, 2024-01-01: 44, 2024-02-01: 46, 2024-03-01: 44, 2024-04-01: 43, 2024-05-01: 41, 2024-06-01: 40, 2024-07-01: 47, 2024-08-01: 42, 2024-09-01: 48, 2024-10-01: 44, 2024-11-01: 43, 2024-12-01: 38, 2025-01-01: 44, 2025-02-01: 45, 2025-03-01: 44, 2025-04-01: 41, 2025-05-01: 45, 2025-06-01: 53, 2025-07-01: 55, 2025-08-01: 70, 2025-09-01: 71, 2025-10-01: 66, 2025-11-01: 71, 2025-12-01: 68, 2026-01-01: 64, 2026-02-01: 84, 2026-03-01: 100, 2026-04-01: 71, 2026-04-05: 64, 2026-04-12: 65"
"Freeze dried chicken","Food product that has undergone a dehydration process to remove moisture while preserving its nutritional content and flavor. This process involves freezing the chicken and then reducing the surrounding pressure to allow the frozen water in the chicken to sublimate directly from the solid phase to the gas phase, resulting in a lightweight and long-lasting product. It is ideal for individuals seeking convenient, non-perishable food options, such as campers, hikers, and those preparing emergency food supplies.","food-beverage, industry, lifestyle, food, pets, manufacturing","false","567%","5400","Exploding","constant","Seasonal","Low","Positive","declining","Past 5 years","https://signails.com/topics/freeze-dried-chicken","{""facebook"":1940,""linkedin"":14,""twitter"":14,""pinterest"":1050,""reddit"":244,""tiktok"":1380,""youtube"":528}","2021-04-01: 16, 2021-05-01: 15, 2021-06-01: 15, 2021-07-01: 16, 2021-08-01: 17, 2021-09-01: 16, 2021-10-01: 16, 2021-11-01: 15, 2021-12-01: 14, 2022-01-01: 21, 2022-02-01: 20, 2022-03-01: 23, 2022-04-01: 20, 2022-05-01: 20, 2022-06-01: 21, 2022-07-01: 24, 2022-08-01: 22, 2022-09-01: 21, 2022-10-01: 20, 2022-11-01: 19, 2022-12-01: 20, 2023-01-01: 23, 2023-02-01: 24, 2023-03-01: 24, 2023-04-01: 24, 2023-05-01: 23, 2023-06-01: 25, 2023-07-01: 28, 2023-08-01: 27, 2023-09-01: 27, 2023-10-01: 28, 2023-11-01: 28, 2023-12-01: 28, 2024-01-01: 35, 2024-02-01: 37, 2024-03-01: 36, 2024-04-01: 35, 2024-05-01: 36, 2024-06-01: 38, 2024-07-01: 39, 2024-08-01: 37, 2024-09-01: 36, 2024-10-01: 35, 2024-11-01: 36, 2024-12-01: 44, 2025-01-01: 42, 2025-02-01: 46, 2025-03-01: 43, 2025-04-01: 34, 2025-05-01: 39, 2025-06-01: 37, 2025-07-01: 42, 2025-08-01: 63, 2025-09-01: 54, 2025-10-01: 45, 2025-11-01: 48, 2025-12-01: 52, 2026-01-01: 49, 2026-02-01: 63, 2026-03-01: 74, 2026-04-01: 100, 2026-03-29: 66, 2026-04-05: 66, 2026-04-12: 67"
"Mushroom chocolate","A confectionery product that combines chocolate with medicinal mushrooms such as reishi, chaga, lion's mane, and cordyceps. This fusion aims to provide the indulgence of chocolate along with the health benefits attributed to these mushrooms, including immune support, cognitive enhancement, stress relief, and energy boosting. Mushroom chocolate is particularly appealing to health-conscious individuals seeking a tasty treat with added wellness benefits.","health, food-beverage, industry, nutrition, mental-health, food","false","233%","18100","Exploding","exponential","Seasonal","Low","Positive","growing","Past 5 years","https://signails.com/topics/mushroom-chocolate","{""facebook"":1010,""linkedin"":28,""twitter"":48,""pinterest"":2180,""reddit"":478,""tiktok"":1470,""youtube"":1200}","2021-04-01: 32, 2021-05-01: 30, 2021-06-01: 28, 2021-07-01: 30, 2021-08-01: 32, 2021-09-01: 30, 2021-10-01: 33, 2021-11-01: 37, 2021-12-01: 37, 2022-01-01: 39, 2022-02-01: 47, 2022-03-01: 43, 2022-04-01: 41, 2022-05-01: 40, 2022-06-01: 43, 2022-07-01: 46, 2022-08-01: 44, 2022-09-01: 46, 2022-10-01: 49, 2022-11-01: 50, 2022-12-01: 64, 2023-01-01: 64, 2023-02-01: 64, 2023-03-01: 64, 2023-04-01: 66, 2023-05-01: 62, 2023-06-01: 66, 2023-07-01: 73, 2023-08-01: 64, 2023-09-01: 65, 2023-10-01: 63, 2023-11-01: 63, 2023-12-01: 70, 2024-01-01: 69, 2024-02-01: 71, 2024-03-01: 69, 2024-04-01: 72, 2024-05-01: 71, 2024-06-01: 78, 2024-07-01: 76, 2024-08-01: 74, 2024-09-01: 68, 2024-10-01: 75, 2024-11-01: 77, 2024-12-01: 80, 2025-01-01: 74, 2025-02-01: 75, 2025-03-01: 77, 2025-04-01: 74, 2025-05-01: 77, 2025-06-01: 76, 2025-07-01: 76, 2025-08-01: 87, 2025-09-01: 80, 2025-10-01: 81, 2025-11-01: 91, 2025-12-01: 89, 2026-01-01: 91, 2026-02-01: 89, 2026-03-01: 95, 2026-04-01: 100, 2026-04-05: 83, 2026-04-12: 85"
"freeze dryer","A device used to preserve perishable materials by removing moisture from them through a process called freeze-drying or lyophilization. This involves freezing the material, reducing the surrounding pressure, and allowing the frozen water to sublimate directly from the solid phase to the gas phase, which helps retain the material's structure and nutritional content. Freeze dryers are commonly used in food preservation, pharmaceuticals, and research, benefiting individuals and industries that require long-term storage of sensitive materials.","technology, home, food-beverage, food, kitchen, health, diets","false","192%","368000","Exploding","constant","Non-seasonal","Low","Neutral","growing","Past 5 years","https://signails.com/topics/freeze-dryer","{""facebook"":16600,""linkedin"":1110,""twitter"":24,""pinterest"":5420,""reddit"":1320,""tiktok"":1490,""youtube"":4830}","2021-04-01: 30, 2021-05-01: 26, 2021-06-01: 27, 2021-07-01: 31, 2021-08-01: 36, 2021-09-01: 31, 2021-10-01: 35, 2021-11-01: 31, 2021-12-01: 30, 2022-01-01: 35, 2022-02-01: 40, 2022-03-01: 60, 2022-04-01: 54, 2022-05-01: 47, 2022-06-01: 57, 2022-07-01: 46, 2022-08-01: 48, 2022-09-01: 45, 2022-10-01: 46, 2022-11-01: 45, 2022-12-01: 44, 2023-01-01: 53, 2023-02-01: 78, 2023-03-01: 77, 2023-04-01: 68, 2023-05-01: 65, 2023-06-01: 70, 2023-07-01: 94, 2023-08-01: 100, 2023-09-01: 96, 2023-10-01: 88, 2023-11-01: 82, 2023-12-01: 78, 2024-01-01: 85, 2024-02-01: 94, 2024-03-01: 90, 2024-04-01: 69, 2024-05-01: 100, 2024-06-01: 84, 2024-07-01: 85, 2024-08-01: 84, 2024-09-01: 84, 2024-10-01: 94, 2024-11-01: 80, 2024-12-01: 81, 2025-01-01: 71, 2025-02-01: 59, 2025-03-01: 55, 2025-04-01: 50, 2025-05-01: 55, 2025-06-01: 51, 2025-07-01: 57, 2025-08-01: 83, 2025-09-01: 74, 2025-10-01: 76, 2025-11-01: 74, 2025-12-01: 69, 2026-01-01: 61, 2026-02-01: 63, 2026-03-01: 76, 2026-04-01: 76, 2026-04-05: 70, 2026-04-12: 68"
"Black vinegar","A type of vinegar commonly used in East Asian cuisine, particularly in Chinese and Japanese cooking. Known for its deep, rich flavor and dark color, black vinegar is made from the fermentation of grains such as rice, wheat, millet, or sorghum, resulting in a complex and slightly sweet taste. It is primarily used by individuals seeking to enhance their dishes with a unique, tangy, and umami flavor profile, and is also believed to offer various health benefits.","health, food-beverage, food, beverages, cooking","false","170%","27100","Exploding","exponential","Seasonal","Low","Neutral","growing","Past 5 years","https://signails.com/topics/black-vinegar","{""facebook"":3770,""linkedin"":47,""twitter"":18,""pinterest"":1740,""reddit"":271,""tiktok"":289,""youtube"":858}","2021-04-01: 34, 2021-05-01: 37, 2021-06-01: 37, 2021-07-01: 40, 2021-08-01: 41, 2021-09-01: 35, 2021-10-01: 36, 2021-11-01: 35, 2021-12-01: 32, 2022-01-01: 49, 2022-02-01: 42, 2022-03-01: 35, 2022-04-01: 39, 2022-05-01: 41, 2022-06-01: 40, 2022-07-01: 44, 2022-08-01: 41, 2022-09-01: 39, 2022-10-01: 43, 2022-11-01: 36, 2022-12-01: 37, 2023-01-01: 41, 2023-02-01: 40, 2023-03-01: 38, 2023-04-01: 39, 2023-05-01: 44, 2023-06-01: 42, 2023-07-01: 41, 2023-08-01: 40, 2023-09-01: 40, 2023-10-01: 40, 2023-11-01: 39, 2023-12-01: 36, 2024-01-01: 43, 2024-02-01: 41, 2024-03-01: 44, 2024-04-01: 43, 2024-05-01: 42, 2024-06-01: 41, 2024-07-01: 38, 2024-08-01: 43, 2024-09-01: 42, 2024-10-01: 39, 2024-11-01: 43, 2024-12-01: 44, 2025-01-01: 51, 2025-02-01: 63, 2025-03-01: 46, 2025-04-01: 45, 2025-05-01: 46, 2025-06-01: 44, 2025-07-01: 50, 2025-08-01: 63, 2025-09-01: 62, 2025-10-01: 56, 2025-11-01: 72, 2025-12-01: 55, 2026-01-01: 60, 2026-02-01: 100, 2026-03-01: 79, 2026-04-01: 100, 2026-04-05: 69, 2026-04-12: 73"
"Infuser machine","The Breville Infuser is a semi-automatic espresso machine designed for home use, featuring precise temperature control and pre-infusion technology for even extraction of coffee grounds. It stands out with its thermocoil heating system, PID temperature control, volumetric control, and steam wand, offering a balance of features and ease of use at a mid-range price. This machine is ideal for home baristas seeking a reliable and affordable option for making high-quality espresso and milk-based beverages.","technology, home, food-beverage, kitchen, cooking, food","false","21%","1900","Exploding","exponential","Seasonal","Low","Positive","growing","Past 5 years","https://signails.com/topics/infuser-machine","{""facebook"":248,""linkedin"":1,""twitter"":1,""pinterest"":53,""reddit"":32,""tiktok"":95,""youtube"":27}","2021-04-01: 48, 2021-05-01: 37, 2021-06-01: 42, 2021-07-01: 42, 2021-08-01: 39, 2021-09-01: 38, 2021-10-01: 38, 2021-11-01: 58, 2021-12-01: 51, 2022-01-01: 40, 2022-02-01: 46, 2022-03-01: 39, 2022-04-01: 48, 2022-05-01: 36, 2022-06-01: 37, 2022-07-01: 39, 2022-08-01: 37, 2022-09-01: 33, 2022-10-01: 34, 2022-11-01: 50, 2022-12-01: 55, 2023-01-01: 43, 2023-02-01: 42, 2023-03-01: 43, 2023-04-01: 32, 2023-05-01: 31, 2023-06-01: 33, 2023-07-01: 37, 2023-08-01: 39, 2023-09-01: 39, 2023-10-01: 37, 2023-11-01: 46, 2023-12-01: 53, 2024-01-01: 41, 2024-02-01: 33, 2024-03-01: 38, 2024-04-01: 37, 2024-05-01: 26, 2024-06-01: 33, 2024-07-01: 43, 2024-08-01: 34, 2024-09-01: 36, 2024-10-01: 30, 2024-11-01: 53, 2024-12-01: 59, 2025-01-01: 46, 2025-02-01: 41, 2025-03-01: 40, 2025-04-01: 38, 2025-05-01: 46, 2025-06-01: 37, 2025-07-01: 53, 2025-08-01: 54, 2025-09-01: 59, 2025-10-01: 60, 2025-11-01: 82, 2025-12-01: 61, 2026-01-01: 52, 2026-02-01: 70, 2026-03-01: 58, 2026-04-05: 51, 2026-04-12: 60"
"Triphala","Traditional Ayurvedic herbal formulation consisting of three fruits: Amalaki, Bibhitaki, and Haritaki. Known for its health benefits, including improving digestion, detoxifying the body, and supporting the immune system, it is often used as a gentle bowel tonic. Triphala is primarily targeted at individuals seeking natural remedies for digestive health and overall wellness.","health, food-beverage, supplements, nutrition, food","false","34%","135000","Exploding","exponential","Seasonal","Average","Positive","growing","Past 5 years","https://signails.com/topics/triphala","{""facebook"":9570,""linkedin"":229,""twitter"":77,""pinterest"":1610,""reddit"":1990,""tiktok"":537,""youtube"":7720}","2021-04-01: 65, 2021-05-01: 73, 2021-06-01: 71, 2021-07-01: 71, 2021-08-01: 67, 2021-09-01: 58, 2021-10-01: 51, 2021-11-01: 51, 2021-12-01: 49, 2022-01-01: 66, 2022-02-01: 72, 2022-03-01: 70, 2022-04-01: 66, 2022-05-01: 65, 2022-06-01: 69, 2022-07-01: 79, 2022-08-01: 74, 2022-09-01: 78, 2022-10-01: 69, 2022-11-01: 70, 2022-12-01: 77, 2023-01-01: 86, 2023-02-01: 92, 2023-03-01: 93, 2023-04-01: 96, 2023-05-01: 85, 2023-06-01: 91, 2023-07-01: 100, 2023-08-01: 95, 2023-09-01: 95, 2023-10-01: 85, 2023-11-01: 81, 2023-12-01: 84, 2024-01-01: 87, 2024-02-01: 84, 2024-03-01: 81, 2024-04-01: 72, 2024-05-01: 74, 2024-06-01: 77, 2024-07-01: 80, 2024-08-01: 79, 2024-09-01: 80, 2024-10-01: 72, 2024-11-01: 71, 2024-12-01: 66, 2025-01-01: 71, 2025-02-01: 71, 2025-03-01: 70, 2025-04-01: 72, 2025-05-01: 73, 2025-06-01: 77, 2025-07-01: 85, 2025-08-01: 91, 2025-09-01: 90, 2025-10-01: 83, 2025-11-01: 93, 2025-12-01: 83, 2026-01-01: 89, 2026-02-01: 92, 2026-03-01: 87, 2026-03-22: 92, 2026-03-29: 88, 2026-04-05: 89, 2026-04-12: 88"
"Shiso leaf","Herb commonly used in Japanese cuisine, known for its distinctive flavor that combines mint, basil, and anise. Shiso leaves come in various forms, including red, green, bicolor, and ruffled varieties, and are often used in sushi, salads, and as a garnish. They are particularly valued for their antibacterial properties, which help prevent the spoilage of food, especially raw fish and seafood.","kitchen, food-beverage, food, cooking, health, lifestyle, nutrition, pharma, gardening-agriculture","false","59%","22200","Exploding","stationary","Seasonal","Low","Positive","declining","Past 5 years","https://signails.com/topics/shiso-leaf","{""facebook"":425,""linkedin"":22,""twitter"":22,""pinterest"":230,""reddit"":34,""tiktok"":27,""youtube"":290}","2021-04-01: 45, 2021-05-01: 46, 2021-06-01: 48, 2021-07-01: 56, 2021-08-01: 57, 2021-09-01: 49, 2021-10-01: 46, 2021-11-01: 41, 2021-12-01: 46, 2022-01-01: 42, 2022-02-01: 41, 2022-03-01: 48, 2022-04-01: 47, 2022-05-01: 47, 2022-06-01: 52, 2022-07-01: 60, 2022-08-01: 59, 2022-09-01: 53, 2022-10-01: 45, 2022-11-01: 52, 2022-12-01: 44, 2023-01-01: 50, 2023-02-01: 49, 2023-03-01: 56, 2023-04-01: 64, 2023-05-01: 57, 2023-06-01: 72, 2023-07-01: 80, 2023-08-01: 81, 2023-09-01: 67, 2023-10-01: 61, 2023-11-01: 59, 2023-12-01: 60, 2024-01-01: 58, 2024-02-01: 62, 2024-03-01: 74, 2024-04-01: 76, 2024-05-01: 74, 2024-06-01: 85, 2024-07-01: 74, 2024-08-01: 87, 2024-09-01: 77, 2024-10-01: 70, 2024-11-01: 60, 2024-12-01: 70, 2025-01-01: 58, 2025-02-01: 66, 2025-03-01: 67, 2025-04-01: 72, 2025-05-01: 87, 2025-06-01: 80, 2025-07-01: 92, 2025-08-01: 100, 2025-09-01: 83, 2025-10-01: 78, 2025-11-01: 72, 2025-12-01: 70, 2026-01-01: 83, 2026-02-01: 61, 2026-03-01: 65, 2026-04-01: 73, 2026-04-05: 73, 2026-04-12: 69"
"Queso Chihuahua","Semi-soft cheese originating from the Mexican state of Chihuahua, made from cow's milk. It is characterized by its mild, buttery flavor and excellent melting properties, making it a popular choice for dishes such as quesadillas, nachos, and fundido. Queso Chihuahua is particularly favored by those who enjoy traditional Mexican cuisine and seek a versatile cheese for various culinary applications.","food-beverage, industry, food, manufacturing","false","30%","18100","Exploding","exponential","Seasonal","Low","Positive","growing","Past 5 years","https://signails.com/topics/queso-chihuahua","{""facebook"":6030,""linkedin"":1,""twitter"":21,""pinterest"":295,""reddit"":209,""tiktok"":184,""youtube"":210}","2021-04-01: 42, 2021-05-01: 43, 2021-06-01: 50, 2021-07-01: 47, 2021-08-01: 45, 2021-09-01: 57, 2021-10-01: 54, 2021-11-01: 49, 2021-12-01: 51, 2022-01-01: 57, 2022-02-01: 56, 2022-03-01: 51, 2022-04-01: 48, 2022-05-01: 50, 2022-06-01: 50, 2022-07-01: 53, 2022-08-01: 48, 2022-09-01: 68, 2022-10-01: 57, 2022-11-01: 47, 2022-12-01: 51, 2023-01-01: 52, 2023-02-01: 52, 2023-03-01: 50, 2023-04-01: 47, 2023-05-01: 46, 2023-06-01: 52, 2023-07-01: 53, 2023-08-01: 55, 2023-09-01: 49, 2023-10-01: 55, 2023-11-01: 50, 2023-12-01: 55, 2024-01-01: 51, 2024-02-01: 52, 2024-03-01: 48, 2024-04-01: 45, 2024-05-01: 45, 2024-06-01: 44, 2024-07-01: 52, 2024-08-01: 60, 2024-09-01: 52, 2024-10-01: 58, 2024-11-01: 48, 2024-12-01: 55, 2025-01-01: 59, 2025-02-01: 57, 2025-03-01: 53, 2025-04-01: 50, 2025-05-01: 50, 2025-06-01: 50, 2025-07-01: 56, 2025-08-01: 60, 2025-09-01: 54, 2025-10-01: 59, 2025-11-01: 52, 2025-12-01: 62, 2026-01-01: 63, 2026-02-01: 64, 2026-03-01: 56, 2026-04-01: 56, 2026-04-05: 73, 2026-04-12: 78"
"Chum churum","Popular Korean soju brand known for its clear, colorless distilled spirit made from ingredients such as rice, potatoes, sweet potatoes, or tapioca. It offers a light, sweet, crisp, and clean taste with a cool finish, and is distinguished by its lower calorie profile and lower proof alcohol content. Chum Churum is favored by liquor enthusiasts seeking a lighter and smoother alcoholic beverage.","food-beverage, alcohol, beverages, food","true","-25%","12100","Falling","exponential","Seasonal","Low","Positive","stationary","Past 5 years","https://signails.com/topics/chum-churum","{""facebook"":2310,""linkedin"":20,""twitter"":152,""pinterest"":889,""reddit"":193,""tiktok"":48,""youtube"":236}","2021-04-01: 84, 2021-05-01: 94, 2021-06-01: 83, 2021-07-01: 72, 2021-08-01: 67, 2021-09-01: 58, 2021-10-01: 84, 2021-11-01: 63, 2021-12-01: 94, 2022-01-01: 97, 2022-02-01: 71, 2022-03-01: 84, 2022-04-01: 80, 2022-05-01: 71, 2022-06-01: 76, 2022-07-01: 80, 2022-08-01: 70, 2022-09-01: 80, 2022-10-01: 70, 2022-11-01: 61, 2022-12-01: 74, 2023-01-01: 82, 2023-02-01: 69, 2023-03-01: 78, 2023-04-01: 64, 2023-05-01: 71, 2023-06-01: 64, 2023-07-01: 74, 2023-08-01: 70, 2023-09-01: 69, 2023-10-01: 68, 2023-11-01: 57, 2023-12-01: 75, 2024-01-01: 73, 2024-02-01: 67, 2024-03-01: 89, 2024-04-01: 84, 2024-05-01: 77, 2024-06-01: 75, 2024-07-01: 67, 2024-08-01: 62, 2024-09-01: 68, 2024-10-01: 54, 2024-11-01: 67, 2024-12-01: 74, 2025-01-01: 72, 2025-02-01: 81, 2025-03-01: 67, 2025-04-01: 61, 2025-05-01: 64, 2025-06-01: 73, 2025-07-01: 68, 2025-08-01: 88, 2025-09-01: 66, 2025-10-01: 66, 2025-11-01: 73, 2025-12-01: 91, 2026-01-01: 65, 2026-02-01: 63, 2026-03-01: 63, 2026-04-05: 46, 2026-04-12: 48"
"Raw milk","Milk that has not undergone pasteurization to eliminate harmful bacteria. Advocates claim it retains more nutrients and beneficial enzymes compared to pasteurized milk, but it poses significant health risks due to potential contamination with pathogens like E. coli, Salmonella, and Listeria. Raw milk is often sought by individuals who prefer its taste and texture or use it in artisanal dairy products, though its sale is heavily regulated in many regions.","health, food-beverage, industry, food, beverages, manufacturing","false","181%","165000","Exploding","constant","Seasonal","Average","Neutral","growing","Past 5 years","https://signails.com/topics/raw-milk","{""facebook"":44800,""linkedin"":1140,""twitter"":1510,""pinterest"":13800,""reddit"":4590,""tiktok"":7280,""youtube"":10300}","2021-04-01: 26, 2021-05-01: 27, 2021-06-01: 24, 2021-07-01: 25, 2021-08-01: 25, 2021-09-01: 26, 2021-10-01: 23, 2021-11-01: 22, 2021-12-01: 24, 2022-01-01: 30, 2022-02-01: 32, 2022-03-01: 34, 2022-04-01: 36, 2022-05-01: 34, 2022-06-01: 36, 2022-07-01: 35, 2022-08-01: 38, 2022-09-01: 37, 2022-10-01: 36, 2022-11-01: 33, 2022-12-01: 32, 2023-01-01: 39, 2023-02-01: 42, 2023-03-01: 39, 2023-04-01: 44, 2023-05-01: 42, 2023-06-01: 45, 2023-07-01: 52, 2023-08-01: 55, 2023-09-01: 50, 2023-10-01: 49, 2023-11-01: 44, 2023-12-01: 47, 2024-01-01: 56, 2024-02-01: 54, 2024-03-01: 57, 2024-04-01: 60, 2024-05-01: 61, 2024-06-01: 60, 2024-07-01: 64, 2024-08-01: 59, 2024-09-01: 61, 2024-10-01: 60, 2024-11-01: 82, 2024-12-01: 80, 2025-01-01: 72, 2025-02-01: 68, 2025-03-01: 63, 2025-04-01: 59, 2025-05-01: 61, 2025-06-01: 61, 2025-07-01: 59, 2025-08-01: 83, 2025-09-01: 66, 2025-10-01: 77, 2025-11-01: 75, 2025-12-01: 70, 2026-01-01: 86, 2026-02-01: 100, 2026-03-01: 89, 2026-04-01: 76, 2026-03-29: 84, 2026-04-05: 86, 2026-04-12: 89"
"Centella asiatica","Herbaceous, perennial plant native to wetlands in Asia, known for its use in traditional medicine. Centella asiatica is valued for its potential benefits in wound healing, cognitive function, anti-inflammatory and antioxidant properties, and skin health, distinguishing it from other medicinal herbs. It primarily benefits individuals seeking natural remedies for skin care, cognitive enhancement, and overall wellness.","health, food-beverage, industry, pharma, healthcare, food","false","107%","246000","Exploding","constant","Seasonal","Low","Positive","declining","Past 5 years","https://signails.com/topics/centella-asiatica","{""facebook"":20300,""linkedin"":231,""twitter"":116,""pinterest"":7180,""reddit"":1440,""tiktok"":6580,""youtube"":3150}","2021-04-01: 42, 2021-05-01: 43, 2021-06-01: 41, 2021-07-01: 40, 2021-08-01: 40, 2021-09-01: 36, 2021-10-01: 36, 2021-11-01: 36, 2021-12-01: 31, 2022-01-01: 39, 2022-02-01: 42, 2022-03-01: 47, 2022-04-01: 45, 2022-05-01: 41, 2022-06-01: 43, 2022-07-01: 40, 2022-08-01: 43, 2022-09-01: 45, 2022-10-01: 38, 2022-11-01: 52, 2022-12-01: 46, 2023-01-01: 48, 2023-02-01: 48, 2023-03-01: 47, 2023-04-01: 46, 2023-05-01: 50, 2023-06-01: 49, 2023-07-01: 50, 2023-08-01: 47, 2023-09-01: 45, 2023-10-01: 45, 2023-11-01: 53, 2023-12-01: 50, 2024-01-01: 57, 2024-02-01: 57, 2024-03-01: 57, 2024-04-01: 63, 2024-05-01: 67, 2024-06-01: 64, 2024-07-01: 65, 2024-08-01: 64, 2024-09-01: 65, 2024-10-01: 66, 2024-11-01: 66, 2024-12-01: 63, 2025-01-01: 74, 2025-02-01: 74, 2025-03-01: 76, 2025-04-01: 72, 2025-05-01: 68, 2025-06-01: 67, 2025-07-01: 74, 2025-08-01: 91, 2025-09-01: 94, 2025-10-01: 91, 2025-11-01: 92, 2025-12-01: 82, 2026-01-01: 83, 2026-02-01: 94, 2026-03-01: 100, 2026-04-01: 89, 2026-04-05: 80, 2026-04-12: 79"
"guasacaca","Savory sauce commonly found in Venezuelan cuisine, similar to guacamole. Guasacaca is easy to make, healthy, vibrant, fresh, and bursting with delicious flavor, often used in chicken dishes. It appeals to individuals who enjoy flavorful and healthy condiments in their meals.","food-beverage, cooking, food","false","31%","33100","Exploding","exponential","Seasonal","Low","Positive","declining","Past 5 years","https://signails.com/topics/guasacaca","{""facebook"":5220,""linkedin"":30,""twitter"":150,""pinterest"":3300,""reddit"":174,""tiktok"":1050,""youtube"":1130}","2021-04-01: 72, 2021-05-01: 81, 2021-06-01: 80, 2021-07-01: 82, 2021-08-01: 75, 2021-09-01: 62, 2021-10-01: 57, 2021-11-01: 49, 2021-12-01: 57, 2022-01-01: 63, 2022-02-01: 66, 2022-03-01: 67, 2022-04-01: 79, 2022-05-01: 70, 2022-06-01: 75, 2022-07-01: 78, 2022-08-01: 76, 2022-09-01: 74, 2022-10-01: 67, 2022-11-01: 58, 2022-12-01: 63, 2023-01-01: 61, 2023-02-01: 64, 2023-03-01: 66, 2023-04-01: 79, 2023-05-01: 87, 2023-06-01: 100, 2023-07-01: 91, 2023-08-01: 75, 2023-09-01: 74, 2023-10-01: 63, 2023-11-01: 61, 2023-12-01: 69, 2024-01-01: 63, 2024-02-01: 59, 2024-03-01: 67, 2024-04-01: 63, 2024-05-01: 66, 2024-06-01: 83, 2024-07-01: 75, 2024-08-01: 81, 2024-09-01: 73, 2024-10-01: 56, 2024-11-01: 51, 2024-12-01: 55, 2025-01-01: 51, 2025-02-01: 53, 2025-03-01: 55, 2025-04-01: 58, 2025-05-01: 60, 2025-06-01: 61, 2025-07-01: 68, 2025-08-01: 66, 2025-09-01: 59, 2025-10-01: 54, 2025-11-01: 57, 2025-12-01: 60, 2026-01-01: 53, 2026-02-01: 55, 2026-03-01: 94, 2026-04-05: 28, 2026-04-12: 31"
"Snack box","Care package brand dedicated to providing snacks to college students, military members, and other individuals. The company differentiates itself by supporting nonprofit organizations fighting against child hunger, donating one meal to Feed My Starving Children for each box sold. SnackBox primarily targets college students, military members, and socially conscious consumers who appreciate convenience and charitable contributions.","food-beverage, food, cpg","false","70%","135000","Exploding","exponential","Seasonal","Low","Positive","growing","Past 5 years","https://signails.com/topics/snack-box","{""facebook"":311000,""linkedin"":312,""twitter"":616,""pinterest"":42300,""reddit"":1380,""tiktok"":22700,""youtube"":20600}","2021-04-01: 44, 2021-05-01: 44, 2021-06-01: 43, 2021-07-01: 43, 2021-08-01: 45, 2021-09-01: 43, 2021-10-01: 46, 2021-11-01: 51, 2021-12-01: 57, 2022-01-01: 49, 2022-02-01: 52, 2022-03-01: 50, 2022-04-01: 45, 2022-05-01: 47, 2022-06-01: 54, 2022-07-01: 53, 2022-08-01: 57, 2022-09-01: 54, 2022-10-01: 51, 2022-11-01: 54, 2022-12-01: 62, 2023-01-01: 54, 2023-02-01: 54, 2023-03-01: 49, 2023-04-01: 42, 2023-05-01: 52, 2023-06-01: 58, 2023-07-01: 58, 2023-08-01: 60, 2023-09-01: 52, 2023-10-01: 53, 2023-11-01: 58, 2023-12-01: 68, 2024-01-01: 57, 2024-02-01: 55, 2024-03-01: 48, 2024-04-01: 48, 2024-05-01: 54, 2024-06-01: 58, 2024-07-01: 58, 2024-08-01: 61, 2024-09-01: 57, 2024-10-01: 51, 2024-11-01: 59, 2024-12-01: 71, 2025-01-01: 57, 2025-02-01: 58, 2025-03-01: 53, 2025-04-01: 49, 2025-05-01: 61, 2025-06-01: 63, 2025-07-01: 63, 2025-08-01: 84, 2025-09-01: 75, 2025-10-01: 68, 2025-11-01: 78, 2025-12-01: 85, 2026-01-01: 75, 2026-02-01: 100, 2026-03-01: 75, 2026-04-05: 85, 2026-04-12: 87"
"Soy protein","Plant-based protein derived from soybeans, known for being a complete protein with all essential amino acids. It is used in various food products and offers benefits such as improved heart health, weight management, and bone health, and comes in forms like soy protein isolate, concentrate, and textured soy protein. Soy protein is particularly beneficial for vegetarians, vegans, and individuals seeking plant-based protein sources, though some may have allergies or concerns about its hormonal effects.","health, food-beverage, industry, nutrition, food, manufacturing","false","245.00000000000003%","49500","Exploding","exponential","Seasonal","Average","Positive","declining","Past 5 years","https://signails.com/topics/soy-protein","{""facebook"":12200,""linkedin"":1820,""twitter"":111,""pinterest"":1500,""reddit"":1050,""tiktok"":3220,""youtube"":1750}","2021-04-01: 29, 2021-05-01: 30, 2021-06-01: 28, 2021-07-01: 31, 2021-08-01: 28, 2021-09-01: 27, 2021-10-01: 26, 2021-11-01: 27, 2021-12-01: 23, 2022-01-01: 30, 2022-02-01: 31, 2022-03-01: 34, 2022-04-01: 34, 2022-05-01: 29, 2022-06-01: 30, 2022-07-01: 31, 2022-08-01: 33, 2022-09-01: 31, 2022-10-01: 29, 2022-11-01: 24, 2022-12-01: 22, 2023-01-01: 31, 2023-02-01: 35, 2023-03-01: 34, 2023-04-01: 32, 2023-05-01: 31, 2023-06-01: 31, 2023-07-01: 32, 2023-08-01: 35, 2023-09-01: 32, 2023-10-01: 31, 2023-11-01: 28, 2023-12-01: 27, 2024-01-01: 42, 2024-02-01: 38, 2024-03-01: 35, 2024-04-01: 39, 2024-05-01: 32, 2024-06-01: 33, 2024-07-01: 35, 2024-08-01: 38, 2024-09-01: 36, 2024-10-01: 36, 2024-11-01: 32, 2024-12-01: 29, 2025-01-01: 39, 2025-02-01: 39, 2025-03-01: 42, 2025-04-01: 38, 2025-05-01: 38, 2025-06-01: 42, 2025-07-01: 50, 2025-08-01: 79, 2025-09-01: 73, 2025-10-01: 69, 2025-11-01: 74, 2025-12-01: 61, 2026-01-01: 76, 2026-02-01: 95, 2026-03-01: 100, 2026-04-05: 84, 2026-04-12: 85"
"Sparkling tea","A beverage that combines tea, such as black, herbal, or green tea, with sparkling water or other carbonated drinks. Sparkling tea offers a refreshing alternative to traditional tea by adding effervescence, which enhances the flavor and provides a unique drinking experience. This beverage is popular among health-conscious individuals and those looking for a low-calorie, flavorful drink option.","health, food-beverage, beverages, food, cpg","false","224.00000000000003%","12100","Exploding","exponential","Seasonal","Low","Positive","growing","Past 5 years","https://signails.com/topics/sparkling-tea","{""facebook"":2660,""linkedin"":502,""twitter"":24,""pinterest"":1460,""reddit"":278,""tiktok"":432,""youtube"":500}","2021-04-01: 26, 2021-05-01: 29, 2021-06-01: 30, 2021-07-01: 30, 2021-08-01: 26, 2021-09-01: 23, 2021-10-01: 24, 2021-11-01: 23, 2021-12-01: 31, 2022-01-01: 30, 2022-02-01: 30, 2022-03-01: 28, 2022-04-01: 31, 2022-05-01: 38, 2022-06-01: 41, 2022-07-01: 38, 2022-08-01: 36, 2022-09-01: 29, 2022-10-01: 25, 2022-11-01: 29, 2022-12-01: 39, 2023-01-01: 36, 2023-02-01: 33, 2023-03-01: 34, 2023-04-01: 33, 2023-05-01: 36, 2023-06-01: 38, 2023-07-01: 38, 2023-08-01: 41, 2023-09-01: 34, 2023-10-01: 30, 2023-11-01: 37, 2023-12-01: 49, 2024-01-01: 41, 2024-02-01: 41, 2024-03-01: 37, 2024-04-01: 42, 2024-05-01: 43, 2024-06-01: 44, 2024-07-01: 44, 2024-08-01: 46, 2024-09-01: 42, 2024-10-01: 43, 2024-11-01: 49, 2024-12-01: 72, 2025-01-01: 65, 2025-02-01: 51, 2025-03-01: 57, 2025-04-01: 57, 2025-05-01: 61, 2025-06-01: 65, 2025-07-01: 66, 2025-08-01: 80, 2025-09-01: 68, 2025-10-01: 72, 2025-11-01: 77, 2025-12-01: 100, 2026-01-01: 79, 2026-02-01: 91, 2026-03-01: 81, 2026-04-01: 94, 2026-04-05: 90, 2026-04-12: 95"
"Protein cookies","Protein cookies are snack products designed to provide a high-protein content while resembling traditional cookies in taste and texture. They are typically made with ingredients like whey or plant-based protein, offering a convenient way to support muscle recovery, manage hunger, or maintain a high-protein diet. Protein cookies are popular among fitness enthusiasts, individuals following high-protein diets, and those seeking healthier snack alternatives.","food, food-beverage, fitness, supplements, nutrition","undefined","178%","49500","Exploding","exponential","Seasonal","Low","Neutral","growing","Past 5 years","https://signails.com/topics/protein-cookies","{""facebook"":10700,""linkedin"":116,""twitter"":80,""pinterest"":32300,""reddit"":392,""tiktok"":3340,""youtube"":2470}","2021-04-01: 32, 2021-05-01: 34, 2021-06-01: 32, 2021-07-01: 33, 2021-08-01: 33, 2021-09-01: 31, 2021-10-01: 31, 2021-11-01: 28, 2021-12-01: 25, 2022-01-01: 42, 2022-02-01: 40, 2022-03-01: 38, 2022-04-01: 37, 2022-05-01: 35, 2022-06-01: 34, 2022-07-01: 37, 2022-08-01: 38, 2022-09-01: 38, 2022-10-01: 36, 2022-11-01: 32, 2022-12-01: 31, 2023-01-01: 45, 2023-02-01: 46, 2023-03-01: 45, 2023-04-01: 39, 2023-05-01: 36, 2023-06-01: 40, 2023-07-01: 39, 2023-08-01: 40, 2023-09-01: 38, 2023-10-01: 37, 2023-11-01: 39, 2023-12-01: 33, 2024-01-01: 48, 2024-02-01: 52, 2024-03-01: 47, 2024-04-01: 45, 2024-05-01: 45, 2024-06-01: 46, 2024-07-01: 47, 2024-08-01: 48, 2024-09-01: 46, 2024-10-01: 48, 2024-11-01: 45, 2024-12-01: 43, 2025-01-01: 63, 2025-02-01: 62, 2025-03-01: 64, 2025-04-01: 60, 2025-05-01: 53, 2025-06-01: 55, 2025-07-01: 59, 2025-08-01: 78, 2025-09-01: 77, 2025-10-01: 69, 2025-11-01: 63, 2025-12-01: 60, 2026-01-01: 89, 2026-02-01: 98, 2026-03-01: 89, 2026-04-05: 97, 2026-04-12: 95"
"Beech mushrooms ","Known as hon-shimeji, these mushrooms grow in tight bunches and are identified by their short stems and small button caps. They come in two main varieties: brown beech mushrooms with light tan caps and white beech mushrooms with pure ivory caps, offering a chewy texture and good flavor. Beech mushrooms are popular in various culinary dishes and are favored by chefs and home cooks for their unique taste and texture.","food-beverage, science, cooking, food","false","112.99999999999999%","12100","Exploding","constant","Seasonal","Average","Positive","growing","Past 5 years","https://signails.com/topics/beech-mushrooms","{""facebook"":589,""linkedin"":23,""twitter"":22,""pinterest"":430,""reddit"":137,""tiktok"":57,""youtube"":122}","2021-04-01: 54, 2021-05-01: 39, 2021-06-01: 45, 2021-07-01: 51, 2021-08-01: 52, 2021-09-01: 59, 2021-10-01: 51, 2021-11-01: 44, 2021-12-01: 54, 2022-01-01: 65, 2022-02-01: 47, 2022-03-01: 55, 2022-04-01: 53, 2022-05-01: 50, 2022-06-01: 44, 2022-07-01: 35, 2022-08-01: 43, 2022-09-01: 58, 2022-10-01: 57, 2022-11-01: 48, 2022-12-01: 46, 2023-01-01: 58, 2023-02-01: 58, 2023-03-01: 48, 2023-04-01: 52, 2023-05-01: 52, 2023-06-01: 54, 2023-07-01: 57, 2023-08-01: 74, 2023-09-01: 94, 2023-10-01: 100, 2023-11-01: 69, 2023-12-01: 69, 2024-01-01: 93, 2024-02-01: 94, 2024-03-01: 77, 2024-04-01: 79, 2024-05-01: 78, 2024-06-01: 82, 2024-07-01: 67, 2024-08-01: 70, 2024-09-01: 80, 2024-10-01: 83, 2024-11-01: 93, 2024-12-01: 86, 2025-01-01: 97, 2025-02-01: 98, 2025-03-01: 84, 2025-04-01: 78, 2025-05-01: 81, 2025-06-01: 78, 2025-07-01: 88, 2025-08-01: 86, 2025-09-01: 87, 2025-10-01: 91, 2025-11-01: 86, 2025-12-01: 77, 2026-01-01: 90, 2026-02-01: 90, 2026-03-01: 82, 2026-04-01: 83, 2026-04-05: 75, 2026-04-12: 70"
"Calamansi","A small citrus fruit commonly used in Southeast Asian cuisine, particularly in the Philippines. Known for its sour taste, it is often utilized to enhance the flavor of dishes, marinades, and beverages, and is rich in vitamin C and other nutrients. Calamansi is primarily used by culinary enthusiasts and individuals seeking to add a tangy flavor to their food and drinks.","food-beverage, lifestyle, science, cooking, food, gardening-agriculture","true","36%","165000","Exploding","exponential","Seasonal","Low","Neutral","stationary","Past 5 years","https://signails.com/topics/calamansi","{""facebook"":199000,""linkedin"":184,""twitter"":292,""pinterest"":6530,""reddit"":3560,""tiktok"":7350,""youtube"":18200}","2021-04-01: 67, 2021-05-01: 62, 2021-06-01: 61, 2021-07-01: 63, 2021-08-01: 72, 2021-09-01: 84, 2021-10-01: 70, 2021-11-01: 60, 2021-12-01: 55, 2022-01-01: 87, 2022-02-01: 72, 2022-03-01: 76, 2022-04-01: 71, 2022-05-01: 77, 2022-06-01: 75, 2022-07-01: 68, 2022-08-01: 70, 2022-09-01: 75, 2022-10-01: 71, 2022-11-01: 61, 2022-12-01: 56, 2023-01-01: 64, 2023-02-01: 72, 2023-03-01: 74, 2023-04-01: 75, 2023-05-01: 78, 2023-06-01: 76, 2023-07-01: 73, 2023-08-01: 71, 2023-09-01: 81, 2023-10-01: 80, 2023-11-01: 73, 2023-12-01: 73, 2024-01-01: 86, 2024-02-01: 89, 2024-03-01: 78, 2024-04-01: 80, 2024-05-01: 77, 2024-06-01: 71, 2024-07-01: 70, 2024-08-01: 77, 2024-09-01: 73, 2024-10-01: 70, 2024-11-01: 71, 2024-12-01: 71, 2025-01-01: 78, 2025-02-01: 77, 2025-03-01: 82, 2025-04-01: 71, 2025-05-01: 80, 2025-06-01: 80, 2025-07-01: 98, 2025-08-01: 100, 2025-09-01: 96, 2025-10-01: 93, 2025-11-01: 84, 2025-12-01: 87, 2026-01-01: 92, 2026-02-01: 91, 2026-03-01: 91, 2026-04-05: 90, 2026-04-12: 93"
"Lychee cocktail","A refreshing drink made with lychee fruit, simple syrup, gin, and tonic water. Known for its sweet and floral flavors, it can be garnished with mint leaves or lime to enhance its aromatic profile. This cocktail is popular among individuals who enjoy fruity and exotic beverages, often served at social gatherings and summer events.","food-beverage, alcohol, beverages, food","false","46%","6600","Exploding","exponential","Seasonal","Low","Positive","growing","Past 5 years","https://signails.com/topics/lychee-cocktail","{""facebook"":304,""linkedin"":0,""twitter"":1,""pinterest"":1420,""reddit"":46,""tiktok"":62,""youtube"":123}","2021-04-01: 35, 2021-05-01: 48, 2021-06-01: 52, 2021-07-01: 57, 2021-08-01: 50, 2021-09-01: 46, 2021-10-01: 48, 2021-11-01: 44, 2021-12-01: 74, 2022-01-01: 60, 2022-02-01: 51, 2022-03-01: 41, 2022-04-01: 45, 2022-05-01: 48, 2022-06-01: 49, 2022-07-01: 55, 2022-08-01: 50, 2022-09-01: 43, 2022-10-01: 53, 2022-11-01: 45, 2022-12-01: 98, 2023-01-01: 61, 2023-02-01: 57, 2023-03-01: 44, 2023-04-01: 58, 2023-05-01: 47, 2023-06-01: 50, 2023-07-01: 56, 2023-08-01: 49, 2023-09-01: 54, 2023-10-01: 52, 2023-11-01: 51, 2023-12-01: 93, 2024-01-01: 49, 2024-02-01: 60, 2024-03-01: 51, 2024-04-01: 49, 2024-05-01: 58, 2024-06-01: 56, 2024-07-01: 55, 2024-08-01: 51, 2024-09-01: 47, 2024-10-01: 59, 2024-11-01: 54, 2024-12-01: 96, 2025-01-01: 59, 2025-02-01: 54, 2025-03-01: 55, 2025-04-01: 51, 2025-05-01: 54, 2025-06-01: 54, 2025-07-01: 57, 2025-08-01: 58, 2025-09-01: 47, 2025-10-01: 56, 2025-11-01: 58, 2025-12-01: 100, 2026-01-01: 51, 2026-02-01: 63, 2026-03-01: 51, 2026-04-01: 70, 2026-04-05: 43, 2026-04-12: 41"
"konjac","A herbaceous, cormous, perennial plant native to Yunnan in southwest China, known for its edible corms. The corms are used to produce low-calorie, high-fiber food products such as konjac jelly and konjac noodles, which are valued for their health benefits. These products are particularly popular among individuals seeking dietary options that support weight management and digestive health.","food-beverage, lifestyle, science, food, cooking, gardening-agriculture","false","31%","301000","Exploding","exponential","Seasonal","Average","Positive","growing","Past 5 years","https://signails.com/topics/konjac","{""facebook"":43600,""linkedin"":1300,""twitter"":507,""pinterest"":14600,""reddit"":7040,""tiktok"":11900,""youtube"":10100}","2021-04-01: 61, 2021-05-01: 61, 2021-06-01: 53, 2021-07-01: 52, 2021-08-01: 52, 2021-09-01: 48, 2021-10-01: 52, 2021-11-01: 48, 2021-12-01: 41, 2022-01-01: 73, 2022-02-01: 61, 2022-03-01: 63, 2022-04-01: 59, 2022-05-01: 66, 2022-06-01: 56, 2022-07-01: 57, 2022-08-01: 57, 2022-09-01: 55, 2022-10-01: 52, 2022-11-01: 58, 2022-12-01: 44, 2023-01-01: 68, 2023-02-01: 66, 2023-03-01: 65, 2023-04-01: 57, 2023-05-01: 74, 2023-06-01: 58, 2023-07-01: 55, 2023-08-01: 57, 2023-09-01: 53, 2023-10-01: 51, 2023-11-01: 48, 2023-12-01: 47, 2024-01-01: 75, 2024-02-01: 62, 2024-03-01: 57, 2024-04-01: 66, 2024-05-01: 63, 2024-06-01: 62, 2024-07-01: 61, 2024-08-01: 63, 2024-09-01: 63, 2024-10-01: 58, 2024-11-01: 61, 2024-12-01: 57, 2025-01-01: 87, 2025-02-01: 81, 2025-03-01: 76, 2025-04-01: 67, 2025-05-01: 72, 2025-06-01: 71, 2025-07-01: 69, 2025-08-01: 79, 2025-09-01: 80, 2025-10-01: 76, 2025-11-01: 79, 2025-12-01: 64, 2026-01-01: 100, 2026-02-01: 91, 2026-03-01: 88, 2026-04-01: 80, 2026-04-05: 75, 2026-04-12: 80"
"Digestive enzyme","Biological molecules that facilitate the breakdown of food into smaller, absorbable components. Digestive enzymes are essential for the digestion and absorption of nutrients, with specific enzymes targeting carbohydrates, proteins, and fats. They are crucial for individuals seeking to maintain proper digestive health and nutrient absorption.","health, food-beverage, industry, supplements, pharma, food","false","13%","201000","Exploding","exponential","Seasonal","Average","Neutral","growing","Past 5 years","https://signails.com/topics/digestive-enzyme","{""facebook"":3100,""linkedin"":390,""twitter"":24,""pinterest"":745,""reddit"":259,""tiktok"":978,""youtube"":1210}","2021-04-01: 70, 2021-05-01: 76, 2021-06-01: 70, 2021-07-01: 62, 2021-08-01: 57, 2021-09-01: 62, 2021-10-01: 62, 2021-11-01: 55, 2021-12-01: 53, 2022-01-01: 59, 2022-02-01: 67, 2022-03-01: 66, 2022-04-01: 83, 2022-05-01: 77, 2022-06-01: 69, 2022-07-01: 66, 2022-08-01: 54, 2022-09-01: 66, 2022-10-01: 65, 2022-11-01: 67, 2022-12-01: 58, 2023-01-01: 64, 2023-02-01: 72, 2023-03-01: 73, 2023-04-01: 71, 2023-05-01: 79, 2023-06-01: 63, 2023-07-01: 55, 2023-08-01: 54, 2023-09-01: 66, 2023-10-01: 67, 2023-11-01: 64, 2023-12-01: 58, 2024-01-01: 65, 2024-02-01: 75, 2024-03-01: 77, 2024-04-01: 80, 2024-05-01: 78, 2024-06-01: 60, 2024-07-01: 57, 2024-08-01: 52, 2024-09-01: 68, 2024-10-01: 71, 2024-11-01: 70, 2024-12-01: 58, 2025-01-01: 66, 2025-02-01: 76, 2025-03-01: 72, 2025-04-01: 81, 2025-05-01: 74, 2025-06-01: 73, 2025-07-01: 64, 2025-08-01: 86, 2025-09-01: 92, 2025-10-01: 93, 2025-11-01: 91, 2025-12-01: 88, 2026-01-01: 80, 2026-02-01: 96, 2026-03-01: 100, 2026-04-01: 86, 2026-04-05: 87, 2026-04-12: 91"
"Sanzo","Beverage brand offering Asian-inspired sparkling water made with real fruit and no added sugars, artificial flavors, or preservatives. Sanzo differentiates itself by celebrating high-quality Asian flavors and aiming to bridge East and West through its unique offerings. The target demographic includes health-conscious consumers and those interested in authentic Asian flavors.","food-beverage, beverages, food, cpg","true","17%","8100","Exploding","constant","Non-seasonal","Average","Positive","declining","Past 5 years","https://signails.com/topics/sanzo","{""facebook"":31000,""linkedin"":2730,""twitter"":1190,""pinterest"":9470,""reddit"":2230,""tiktok"":1670,""youtube"":9120}","2021-04-01: 39, 2021-05-01: 40, 2021-06-01: 36, 2021-07-01: 32, 2021-08-01: 40, 2021-09-01: 30, 2021-10-01: 35, 2021-11-01: 29, 2021-12-01: 35, 2022-01-01: 36, 2022-02-01: 35, 2022-03-01: 36, 2022-04-01: 34, 2022-05-01: 42, 2022-06-01: 41, 2022-07-01: 41, 2022-08-01: 35, 2022-09-01: 41, 2022-10-01: 56, 2022-11-01: 31, 2022-12-01: 34, 2023-01-01: 39, 2023-02-01: 44, 2023-03-01: 45, 2023-04-01: 54, 2023-05-01: 48, 2023-06-01: 48, 2023-07-01: 46, 2023-08-01: 43, 2023-09-01: 40, 2023-10-01: 39, 2023-11-01: 40, 2023-12-01: 45, 2024-01-01: 46, 2024-02-01: 53, 2024-03-01: 50, 2024-04-01: 46, 2024-05-01: 54, 2024-06-01: 49, 2024-07-01: 42, 2024-08-01: 44, 2024-09-01: 38, 2024-10-01: 40, 2024-11-01: 35, 2024-12-01: 37, 2025-01-01: 39, 2025-02-01: 40, 2025-03-01: 38, 2025-04-01: 36, 2025-05-01: 38, 2025-06-01: 40, 2025-07-01: 38, 2025-08-01: 45, 2025-09-01: 59, 2025-10-01: 41, 2025-11-01: 37, 2025-12-01: 46, 2026-01-01: 39, 2026-02-01: 40, 2026-03-01: 48, 2026-04-01: 47, 2026-03-29: 61, 2026-04-05: 61, 2026-04-12: 62"
"D-mannose","A type of sugar related to glucose, found in several fruits and produced in the body. It is commonly used as a dietary supplement for the prevention and treatment of urinary tract infections (UTIs) by preventing certain bacteria from adhering to the walls of the urinary tract. This supplement is particularly beneficial for individuals prone to recurrent UTIs seeking a natural preventive measure.","health, food-beverage, science, supplements, pharma, food","false","148%","246000","Exploding","exponential","Seasonal","Average","Positive","growing","Past 5 years","https://signails.com/topics/d-mannose","{""facebook"":2030,""linkedin"":250,""twitter"":24,""pinterest"":1780,""reddit"":2570,""tiktok"":774,""youtube"":501}","2021-04-01: 41, 2021-05-01: 40, 2021-06-01: 40, 2021-07-01: 45, 2021-08-01: 45, 2021-09-01: 44, 2021-10-01: 46, 2021-11-01: 45, 2021-12-01: 44, 2022-01-01: 46, 2022-02-01: 50, 2022-03-01: 51, 2022-04-01: 49, 2022-05-01: 48, 2022-06-01: 48, 2022-07-01: 49, 2022-08-01: 50, 2022-09-01: 51, 2022-10-01: 49, 2022-11-01: 53, 2022-12-01: 51, 2023-01-01: 54, 2023-02-01: 57, 2023-03-01: 52, 2023-04-01: 52, 2023-05-01: 52, 2023-06-01: 52, 2023-07-01: 56, 2023-08-01: 57, 2023-09-01: 55, 2023-10-01: 57, 2023-11-01: 55, 2023-12-01: 54, 2024-01-01: 57, 2024-02-01: 58, 2024-03-01: 57, 2024-04-01: 54, 2024-05-01: 53, 2024-06-01: 52, 2024-07-01: 57, 2024-08-01: 57, 2024-09-01: 59, 2024-10-01: 58, 2024-11-01: 54, 2024-12-01: 50, 2025-01-01: 54, 2025-02-01: 53, 2025-03-01: 58, 2025-04-01: 52, 2025-05-01: 54, 2025-06-01: 59, 2025-07-01: 66, 2025-08-01: 85, 2025-09-01: 98, 2025-10-01: 96, 2025-11-01: 100, 2025-12-01: 86, 2026-01-01: 85, 2026-02-01: 90, 2026-03-01: 96, 2026-04-01: 99, 2026-03-29: 67, 2026-04-05: 65, 2026-04-12: 66"
"Zesty","Cloud infrastructure optimization platform designed to reduce cloud costs and manual efforts while maintaining optimal performance. Zesty differentiates itself by offering automated solutions that dynamically adjust cloud resources in real-time, ensuring cost efficiency and performance without manual intervention. The platform is primarily targeted at businesses and organizations that utilize cloud services and seek to optimize their cloud expenditure and operational efficiency.","food-beverage, cooking, food","true","220.00000000000003%","135000","Exploding","constant","Seasonal","Average","Positive","declining","Past 5 years","https://signails.com/topics/zesty","{""facebook"":908000,""linkedin"":3810,""twitter"":4550,""pinterest"":762000,""reddit"":14300,""tiktok"":74800,""youtube"":72100}","2021-04-01: 29, 2021-05-01: 30, 2021-06-01: 27, 2021-07-01: 28, 2021-08-01: 28, 2021-09-01: 25, 2021-10-01: 25, 2021-11-01: 23, 2021-12-01: 25, 2022-01-01: 28, 2022-02-01: 30, 2022-03-01: 36, 2022-04-01: 92, 2022-05-01: 40, 2022-06-01: 42, 2022-07-01: 44, 2022-08-01: 44, 2022-09-01: 49, 2022-10-01: 47, 2022-11-01: 60, 2022-12-01: 62, 2023-01-01: 65, 2023-02-01: 68, 2023-03-01: 71, 2023-04-01: 82, 2023-05-01: 77, 2023-06-01: 76, 2023-07-01: 67, 2023-08-01: 58, 2023-09-01: 71, 2023-10-01: 69, 2023-11-01: 60, 2023-12-01: 68, 2024-01-01: 72, 2024-02-01: 75, 2024-03-01: 72, 2024-04-01: 77, 2024-05-01: 85, 2024-06-01: 78, 2024-07-01: 73, 2024-08-01: 73, 2024-09-01: 69, 2024-10-01: 73, 2024-11-01: 80, 2024-12-01: 78, 2025-01-01: 73, 2025-02-01: 77, 2025-03-01: 75, 2025-04-01: 92, 2025-05-01: 100, 2025-06-01: 82, 2025-07-01: 83, 2025-08-01: 80, 2025-09-01: 80, 2025-10-01: 80, 2025-11-01: 77, 2025-12-01: 81, 2026-01-01: 82, 2026-02-01: 82, 2026-03-01: 85, 2026-04-01: 96, 2026-03-29: 100, 2026-04-05: 102, 2026-04-12: 102"
"kufta","A traditional dish consisting of spiced ground meat, kufta is a staple in Middle Eastern, South Asian, and Central Asian cuisines. It is typically prepared by mixing minced meat with spices and herbs, then shaped into balls or patties and cooked by grilling, baking, or frying. Kufta is often served with accompaniments like rice, bread, or salad, appealing to those who enjoy flavorful and aromatic meat dishes.","food-beverage, lifestyle, cooking, food, cpg","false","78%","1230","Exploding","constant","Seasonal","Low","Positive","stationary","Past 5 years","https://signails.com/topics/kufta","{""facebook"":8260,""linkedin"":248,""twitter"":9,""pinterest"":1510,""reddit"":80,""tiktok"":843,""youtube"":2610}","2021-04-01: 45, 2021-05-01: 44, 2021-06-01: 42, 2021-07-01: 43, 2021-08-01: 40, 2021-09-01: 41, 2021-10-01: 41, 2021-11-01: 38, 2021-12-01: 52, 2022-01-01: 42, 2022-02-01: 44, 2022-03-01: 45, 2022-04-01: 50, 2022-05-01: 41, 2022-06-01: 42, 2022-07-01: 46, 2022-08-01: 41, 2022-09-01: 36, 2022-10-01: 44, 2022-11-01: 44, 2022-12-01: 49, 2023-01-01: 41, 2023-02-01: 45, 2023-03-01: 53, 2023-04-01: 44, 2023-05-01: 46, 2023-06-01: 41, 2023-07-01: 42, 2023-08-01: 46, 2023-09-01: 43, 2023-10-01: 45, 2023-11-01: 48, 2023-12-01: 60, 2024-01-01: 55, 2024-02-01: 76, 2024-03-01: 82, 2024-04-01: 77, 2024-05-01: 74, 2024-06-01: 70, 2024-07-01: 70, 2024-08-01: 87, 2024-09-01: 79, 2024-10-01: 79, 2024-11-01: 89, 2024-12-01: 100, 2025-01-01: 81, 2025-02-01: 84, 2025-03-01: 87, 2025-04-01: 85, 2025-05-01: 78, 2025-06-01: 86, 2025-07-01: 88, 2025-08-01: 91, 2025-09-01: 77, 2025-10-01: 78, 2025-11-01: 80, 2025-12-01: 75, 2026-01-01: 73, 2026-02-01: 73, 2026-03-01: 80, 2026-03-29: 66, 2026-04-05: 61, 2026-04-12: 66"
"Lychee cream","A dessert cream made by blending lychees into a puree and combining it with ingredients such as egg yolks, corn starch, sugar, vanilla extract, and a pinch of salt. This mixture is whisked until it turns pale and is often used in various desserts like cream puffs, where it can be paired with other elements like lychee coconut jelly, resulting in a light, airy, and fruity cream. Lychee cream is particularly appealing to those who enjoy unique and exotic flavors in their sweet dishes.","food-beverage, cooking, food, cpg","false","178%","170","Exploding","exponential","Seasonal","Low","Positive","growing","Past 5 years","https://signails.com/topics/lychee-cream","{""facebook"":200,""linkedin"":1,""twitter"":0,""pinterest"":72,""reddit"":16,""tiktok"":82,""youtube"":51}","2021-04-01: 33, 2021-05-01: 36, 2021-06-01: 47, 2021-07-01: 40, 2021-08-01: 30, 2021-09-01: 30, 2021-10-01: 26, 2021-11-01: 27, 2021-12-01: 33, 2022-01-01: 28, 2022-02-01: 33, 2022-03-01: 35, 2022-04-01: 36, 2022-05-01: 36, 2022-06-01: 44, 2022-07-01: 45, 2022-08-01: 37, 2022-09-01: 33, 2022-10-01: 24, 2022-11-01: 33, 2022-12-01: 43, 2023-01-01: 56, 2023-02-01: 43, 2023-03-01: 38, 2023-04-01: 36, 2023-05-01: 40, 2023-06-01: 54, 2023-07-01: 43, 2023-08-01: 44, 2023-09-01: 38, 2023-10-01: 35, 2023-11-01: 36, 2023-12-01: 40, 2024-01-01: 50, 2024-02-01: 43, 2024-03-01: 39, 2024-04-01: 40, 2024-05-01: 47, 2024-06-01: 52, 2024-07-01: 53, 2024-08-01: 42, 2024-09-01: 43, 2024-10-01: 35, 2024-11-01: 47, 2024-12-01: 50, 2025-01-01: 51, 2025-02-01: 56, 2025-03-01: 53, 2025-04-01: 55, 2025-05-01: 68, 2025-06-01: 75, 2025-07-01: 57, 2025-08-01: 74, 2025-09-01: 65, 2025-10-01: 52, 2025-11-01: 66, 2025-12-01: 69, 2026-01-01: 69, 2026-02-01: 76, 2026-03-01: 88, 2026-04-01: 100, 2026-04-05: 72, 2026-04-12: 70"
"mortadella","A large Italian sausage or luncheon meat made of finely hashed or ground, heat-cured pork, incorporating at least 15% small cubes of pork fat. It is flavored with spices such as whole or ground black pepper, myrtle berries, and pistachios, and originates from Bologna, Italy. Mortadella is primarily enjoyed by individuals who appreciate traditional Italian charcuterie and gourmet deli meats.","food-beverage, cooking, food, cpg","false","72%","450000","Exploding","constant","Seasonal","Low","Positive","stationary","Past 5 years","https://signails.com/topics/mortadella","{""facebook"":107000,""linkedin"":523,""twitter"":602,""pinterest"":37500,""reddit"":4810,""tiktok"":7680,""youtube"":8930}","2021-04-01: 59, 2021-05-01: 53, 2021-06-01: 48, 2021-07-01: 53, 2021-08-01: 54, 2021-09-01: 52, 2021-10-01: 60, 2021-11-01: 53, 2021-12-01: 59, 2022-01-01: 60, 2022-02-01: 63, 2022-03-01: 58, 2022-04-01: 66, 2022-05-01: 63, 2022-06-01: 61, 2022-07-01: 70, 2022-08-01: 68, 2022-09-01: 64, 2022-10-01: 66, 2022-11-01: 62, 2022-12-01: 72, 2023-01-01: 65, 2023-02-01: 72, 2023-03-01: 67, 2023-04-01: 66, 2023-05-01: 67, 2023-06-01: 69, 2023-07-01: 74, 2023-08-01: 70, 2023-09-01: 71, 2023-10-01: 69, 2023-11-01: 68, 2023-12-01: 82, 2024-01-01: 74, 2024-02-01: 82, 2024-03-01: 85, 2024-04-01: 81, 2024-05-01: 82, 2024-06-01: 85, 2024-07-01: 93, 2024-08-01: 90, 2024-09-01: 85, 2024-10-01: 84, 2024-11-01: 77, 2024-12-01: 94, 2025-01-01: 83, 2025-02-01: 79, 2025-03-01: 83, 2025-04-01: 86, 2025-05-01: 91, 2025-06-01: 93, 2025-07-01: 99, 2025-08-01: 95, 2025-09-01: 87, 2025-10-01: 86, 2025-11-01: 82, 2025-12-01: 100, 2026-01-01: 84, 2026-02-01: 85, 2026-03-01: 85, 2026-04-01: 91, 2026-04-05: 90, 2026-04-12: 92"
"Bopis","An omnichannel retail strategy where customers purchase items online and pick them up at a physical store. This method, also known as click-and-collect or curbside pickup, offers convenience by combining the ease of online shopping with the immediacy of in-store pickup, reducing shipping costs and wait times. BOPIS primarily benefits busy consumers who prefer the flexibility of online shopping but need their items quickly without waiting for delivery.","food-beverage, cooking, food","false","50%","27100","Exploding","exponential","Seasonal","Low","Positive","growing","Past 5 years","https://signails.com/topics/bopis","{""facebook"":54500,""linkedin"":975,""twitter"":76,""pinterest"":503,""reddit"":3670,""tiktok"":944,""youtube"":5090}","2021-04-01: 58, 2021-05-01: 52, 2021-06-01: 53, 2021-07-01: 51, 2021-08-01: 51, 2021-09-01: 53, 2021-10-01: 55, 2021-11-01: 52, 2021-12-01: 56, 2022-01-01: 54, 2022-02-01: 55, 2022-03-01: 58, 2022-04-01: 58, 2022-05-01: 60, 2022-06-01: 66, 2022-07-01: 59, 2022-08-01: 67, 2022-09-01: 63, 2022-10-01: 65, 2022-11-01: 67, 2022-12-01: 65, 2023-01-01: 59, 2023-02-01: 66, 2023-03-01: 65, 2023-04-01: 52, 2023-05-01: 61, 2023-06-01: 65, 2023-07-01: 62, 2023-08-01: 64, 2023-09-01: 64, 2023-10-01: 62, 2023-11-01: 64, 2023-12-01: 100, 2024-01-01: 61, 2024-02-01: 69, 2024-03-01: 69, 2024-04-01: 59, 2024-05-01: 56, 2024-06-01: 59, 2024-07-01: 57, 2024-08-01: 60, 2024-09-01: 68, 2024-10-01: 66, 2024-11-01: 62, 2024-12-01: 60, 2025-01-01: 56, 2025-02-01: 60, 2025-03-01: 58, 2025-04-01: 60, 2025-05-01: 62, 2025-06-01: 63, 2025-07-01: 65, 2025-08-01: 88, 2025-09-01: 80, 2025-10-01: 83, 2025-11-01: 90, 2025-12-01: 91, 2026-01-01: 76, 2026-02-01: 81, 2026-03-01: 87, 2026-04-05: 46, 2026-04-12: 45"
"Macadamia coffee","A type of coffee where the beans are roasted slightly darker than usual, resulting in a rich, buttery, and nutty flavor reminiscent of macadamia nuts. This unique flavor profile differentiates it from other coffee varieties, offering a distinct and indulgent taste experience. Macadamia coffee is particularly appealing to coffee enthusiasts who enjoy exploring diverse and gourmet coffee flavors.","food-beverage, food, beverages, cpg","false","94%","880","Exploding","exponential","Seasonal","Low","Positive","growing","Past 5 years","https://signails.com/topics/macadamia-coffee","{""facebook"":336,""linkedin"":14,""twitter"":1,""pinterest"":81,""reddit"":0,""tiktok"":34,""youtube"":23}","2021-04-01: 39, 2021-05-01: 49, 2021-06-01: 48, 2021-07-01: 54, 2021-08-01: 48, 2021-09-01: 56, 2021-10-01: 49, 2021-11-01: 53, 2021-12-01: 56, 2022-01-01: 47, 2022-02-01: 60, 2022-03-01: 50, 2022-04-01: 55, 2022-05-01: 52, 2022-06-01: 44, 2022-07-01: 60, 2022-08-01: 55, 2022-09-01: 61, 2022-10-01: 44, 2022-11-01: 57, 2022-12-01: 62, 2023-01-01: 55, 2023-02-01: 54, 2023-03-01: 49, 2023-04-01: 51, 2023-05-01: 66, 2023-06-01: 69, 2023-07-01: 54, 2023-08-01: 53, 2023-09-01: 45, 2023-10-01: 48, 2023-11-01: 51, 2023-12-01: 51, 2024-01-01: 56, 2024-02-01: 43, 2024-03-01: 47, 2024-04-01: 52, 2024-05-01: 67, 2024-06-01: 60, 2024-07-01: 57, 2024-08-01: 64, 2024-09-01: 49, 2024-10-01: 49, 2024-11-01: 49, 2024-12-01: 69, 2025-01-01: 51, 2025-02-01: 55, 2025-03-01: 59, 2025-04-01: 58, 2025-05-01: 66, 2025-06-01: 65, 2025-07-01: 57, 2025-08-01: 82, 2025-09-01: 77, 2025-10-01: 73, 2025-11-01: 73, 2025-12-01: 90, 2026-01-01: 81, 2026-02-01: 92, 2026-03-01: 100, 2026-04-01: 95, 2026-04-05: 78, 2026-04-12: 81"
"Smart Waffle Maker","A smart waffle maker is a kitchen appliance equipped with digital controls and smart features, such as app connectivity or programmable settings, to automate and personalize waffle preparation. It allows users to adjust browning levels, receive alerts, and use pre-set cooking modes to ensure consistent results with minimal oversight. This appliance is aimed at home cooks and breakfast enthusiasts seeking convenience, precision, and customization in their waffle-making experience.","technology, kitchen, cooking, food, home","undefined","127%","140","Exploding","exponential","Seasonal","Average","Positive","growing","Past 5 years","https://signails.com/topics/smart-waffle-maker","{""facebook"":74,""linkedin"":0,""twitter"":2,""pinterest"":91,""reddit"":3,""tiktok"":3,""youtube"":65}","2021-04-01: 15, 2021-05-01: 16, 2021-06-01: 12, 2021-07-01: 15, 2021-08-01: 11, 2021-09-01: 9, 2021-10-01: 14, 2021-11-01: 26, 2021-12-01: 25, 2022-01-01: 21, 2022-02-01: 12, 2022-03-01: 11, 2022-04-01: 13, 2022-05-01: 12, 2022-06-01: 11, 2022-07-01: 9, 2022-08-01: 9, 2022-09-01: 12, 2022-10-01: 14, 2022-11-01: 14, 2022-12-01: 18, 2023-01-01: 17, 2023-02-01: 20, 2023-03-01: 14, 2023-04-01: 10, 2023-05-01: 9, 2023-06-01: 7, 2023-07-01: 15, 2023-08-01: 7, 2023-09-01: 11, 2023-10-01: 13, 2023-11-01: 21, 2023-12-01: 20, 2024-01-01: 11, 2024-02-01: 6, 2024-03-01: 10, 2024-04-01: 9, 2024-05-01: 12, 2024-06-01: 9, 2024-07-01: 12, 2024-08-01: 14, 2024-09-01: 15, 2024-10-01: 14, 2024-11-01: 25, 2024-12-01: 30, 2025-01-01: 15, 2025-02-01: 13, 2025-03-01: 13, 2025-04-01: 14, 2025-05-01: 15, 2025-06-01: 16, 2025-07-01: 18, 2025-08-01: 27, 2025-09-01: 25, 2025-10-01: 26, 2025-11-01: 42, 2025-12-01: 42, 2026-01-01: 30, 2026-02-01: 49, 2026-03-01: 34, 2026-03-29: 43, 2026-04-05: 44, 2026-04-12: 49"
"Kamut flour","Kamut flour is made from Khorasan wheat, an ancient grain believed to have originated in the Middle East. It is known for its rich, nutty flavor and higher nutritional value, including more protein and certain minerals compared to modern wheat. Kamut flour is often used in baking and cooking as a substitute for regular wheat flour, appealing to those interested in ancient grains or alternative flours.","health, food-beverage, industry, nutrition, food, manufacturing","false","3%","9900","Exploding","constant","Seasonal","Low","Positive","growing","Past 5 years","https://signails.com/topics/kamut-flour","{""facebook"":548,""linkedin"":1,""twitter"":0,""pinterest"":1060,""reddit"":44,""tiktok"":63,""youtube"":94}","2021-04-01: 59, 2021-05-01: 59, 2021-06-01: 55, 2021-07-01: 45, 2021-08-01: 52, 2021-09-01: 52, 2021-10-01: 77, 2021-11-01: 73, 2021-12-01: 66, 2022-01-01: 83, 2022-02-01: 80, 2022-03-01: 69, 2022-04-01: 59, 2022-05-01: 43, 2022-06-01: 48, 2022-07-01: 41, 2022-08-01: 52, 2022-09-01: 54, 2022-10-01: 51, 2022-11-01: 47, 2022-12-01: 52, 2023-01-01: 73, 2023-02-01: 69, 2023-03-01: 64, 2023-04-01: 64, 2023-05-01: 57, 2023-06-01: 54, 2023-07-01: 60, 2023-08-01: 57, 2023-09-01: 60, 2023-10-01: 68, 2023-11-01: 73, 2023-12-01: 78, 2024-01-01: 97, 2024-02-01: 85, 2024-03-01: 77, 2024-04-01: 63, 2024-05-01: 63, 2024-06-01: 59, 2024-07-01: 53, 2024-08-01: 61, 2024-09-01: 69, 2024-10-01: 80, 2024-11-01: 69, 2024-12-01: 76, 2025-01-01: 99, 2025-02-01: 81, 2025-03-01: 66, 2025-04-01: 67, 2025-05-01: 61, 2025-06-01: 58, 2025-07-01: 62, 2025-08-01: 79, 2025-09-01: 66, 2025-10-01: 56, 2025-11-01: 68, 2025-12-01: 70, 2026-01-01: 84, 2026-02-01: 72, 2026-03-01: 66, 2026-04-01: 61, 2026-03-29: 66, 2026-04-05: 64, 2026-04-12: 59"
"Brisket burnt ends","A barbecue dish made from the point end of a smoked brisket, cut into cubes, re-seasoned, and smoked again until caramelized and crispy on the outside while remaining tender and juicy on the inside. Known for their rich, smoky flavor, brisket burnt ends originated in Kansas City and are a popular item in barbecue cuisine. This dish primarily appeals to barbecue enthusiasts and meat lovers seeking a flavorful and indulgent culinary experience.","food-beverage, cooking, food","false","-17%","8100","Falling","constant","Seasonal","Average","Positive","declining","Past 5 years","https://signails.com/topics/brisket-burnt-ends","{""facebook"":5200,""linkedin"":16,""twitter"":33,""pinterest"":2660,""reddit"":375,""tiktok"":354,""youtube"":463}","2021-04-01: 75, 2021-05-01: 87, 2021-06-01: 71, 2021-07-01: 80, 2021-08-01: 67, 2021-09-01: 65, 2021-10-01: 54, 2021-11-01: 53, 2021-12-01: 68, 2022-01-01: 47, 2022-02-01: 53, 2022-03-01: 50, 2022-04-01: 68, 2022-05-01: 82, 2022-06-01: 79, 2022-07-01: 100, 2022-08-01: 70, 2022-09-01: 76, 2022-10-01: 61, 2022-11-01: 53, 2022-12-01: 70, 2023-01-01: 61, 2023-02-01: 73, 2023-03-01: 61, 2023-04-01: 75, 2023-05-01: 78, 2023-06-01: 90, 2023-07-01: 86, 2023-08-01: 70, 2023-09-01: 65, 2023-10-01: 48, 2023-11-01: 59, 2023-12-01: 71, 2024-01-01: 48, 2024-02-01: 66, 2024-03-01: 57, 2024-04-01: 52, 2024-05-01: 73, 2024-06-01: 76, 2024-07-01: 96, 2024-08-01: 76, 2024-09-01: 74, 2024-10-01: 61, 2024-11-01: 65, 2024-12-01: 81, 2025-01-01: 48, 2025-02-01: 63, 2025-03-01: 53, 2025-04-01: 65, 2025-05-01: 80, 2025-06-01: 82, 2025-07-01: 79, 2025-08-01: 75, 2025-09-01: 59, 2025-10-01: 57, 2025-11-01: 58, 2025-12-01: 69, 2026-01-01: 60, 2026-02-01: 51, 2026-03-01: 49, 2026-04-01: 72, 2026-03-29: 39, 2026-04-05: 46, 2026-04-12: 56"
"Okara","A byproduct of soy milk production, Okara is rich in protein, oil, and complex carbohydrates. It is often used in various culinary applications, including baking and as an ingredient in vegetarian dishes, due to its nutritional value and versatility. Okara is particularly beneficial for individuals seeking plant-based protein sources and those interested in sustainable food practices.","food-beverage, industry, food, cooking, manufacturing","false","61%","135000","Exploding","exponential","Seasonal","Average","Positive","declining","Past 5 years","https://signails.com/topics/okara","{""facebook"":568000,""linkedin"":7990,""twitter"":1050,""pinterest"":7710,""reddit"":1070,""tiktok"":58700,""youtube"":78200}","2021-04-01: 46, 2021-05-01: 46, 2021-06-01: 48, 2021-07-01: 56, 2021-08-01: 47, 2021-09-01: 49, 2021-10-01: 44, 2021-11-01: 50, 2021-12-01: 42, 2022-01-01: 70, 2022-02-01: 60, 2022-03-01: 53, 2022-04-01: 51, 2022-05-01: 58, 2022-06-01: 72, 2022-07-01: 92, 2022-08-01: 64, 2022-09-01: 54, 2022-10-01: 52, 2022-11-01: 64, 2022-12-01: 53, 2023-01-01: 65, 2023-02-01: 58, 2023-03-01: 63, 2023-04-01: 71, 2023-05-01: 79, 2023-06-01: 80, 2023-07-01: 93, 2023-08-01: 77, 2023-09-01: 71, 2023-10-01: 55, 2023-11-01: 50, 2023-12-01: 56, 2024-01-01: 70, 2024-02-01: 57, 2024-03-01: 63, 2024-04-01: 57, 2024-05-01: 60, 2024-06-01: 59, 2024-07-01: 100, 2024-08-01: 72, 2024-09-01: 58, 2024-10-01: 56, 2024-11-01: 47, 2024-12-01: 53, 2025-01-01: 53, 2025-02-01: 55, 2025-03-01: 56, 2025-04-01: 50, 2025-05-01: 56, 2025-06-01: 66, 2025-07-01: 97, 2025-08-01: 74, 2025-09-01: 64, 2025-10-01: 59, 2025-11-01: 57, 2025-12-01: 60, 2026-01-01: 68, 2026-02-01: 65, 2026-03-01: 68, 2026-04-01: 74, 2026-04-05: 66, 2026-04-12: 66"
"kibbeling","Traditional Dutch dish consisting of battered and deep-fried pieces of white fish, often served with a dipping sauce. Kibbeling is a popular street food in the Netherlands, known for its crispy texture and savory flavor, typically made from cod or other white fish. This dish is enjoyed by locals and tourists alike, particularly those seeking a quick and tasty seafood snack.","food-beverage, cooking, food","false","1%","60500","Exploding","constant","Seasonal","Low","Positive","declining","Past 5 years","https://signails.com/topics/kibbeling","{""facebook"":7700,""linkedin"":160,""twitter"":111,""pinterest"":1950,""reddit"":527,""tiktok"":870,""youtube"":680}","2021-04-01: 72, 2021-05-01: 64, 2021-06-01: 57, 2021-07-01: 73, 2021-08-01: 74, 2021-09-01: 68, 2021-10-01: 64, 2021-11-01: 51, 2021-12-01: 46, 2022-01-01: 63, 2022-02-01: 51, 2022-03-01: 55, 2022-04-01: 68, 2022-05-01: 62, 2022-06-01: 70, 2022-07-01: 75, 2022-08-01: 78, 2022-09-01: 74, 2022-10-01: 67, 2022-11-01: 53, 2022-12-01: 43, 2023-01-01: 55, 2023-02-01: 63, 2023-03-01: 62, 2023-04-01: 71, 2023-05-01: 73, 2023-06-01: 72, 2023-07-01: 80, 2023-08-01: 86, 2023-09-01: 77, 2023-10-01: 70, 2023-11-01: 60, 2023-12-01: 62, 2024-01-01: 55, 2024-02-01: 61, 2024-03-01: 77, 2024-04-01: 75, 2024-05-01: 82, 2024-06-01: 78, 2024-07-01: 80, 2024-08-01: 95, 2024-09-01: 75, 2024-10-01: 77, 2024-11-01: 64, 2024-12-01: 55, 2025-01-01: 65, 2025-02-01: 66, 2025-03-01: 69, 2025-04-01: 78, 2025-05-01: 76, 2025-06-01: 75, 2025-07-01: 83, 2025-08-01: 93, 2025-09-01: 78, 2025-10-01: 75, 2025-11-01: 63, 2025-12-01: 56, 2026-01-01: 58, 2026-02-01: 67, 2026-03-01: 73, 2026-04-05: 87, 2026-04-12: 89"
"Basmati","A type of long-grain rice traditionally grown in India, Pakistan, and Nepal, known for its distinctive aroma, flavor, and fluffy texture when cooked. Basmati rice is often used in Indian and Middle Eastern cuisines, particularly in dishes like biryani and pilaf, and is available in both white and brown varieties. It is prized for its unique characteristics attributed to the specific geographic regions where it is grown, benefiting culinary enthusiasts and chefs who seek high-quality, aromatic rice for their dishes.","food-beverage, industry, lifestyle, food, cooking, gardening-agriculture","false","39%","60500","Exploding","exponential","Seasonal","Average","Positive","declining","Past 5 years","https://signails.com/topics/basmati","{""facebook"":265000,""linkedin"":5030,""twitter"":1440,""pinterest"":53400,""reddit"":10700,""tiktok"":16300,""youtube"":63100}","2021-04-01: 47, 2021-05-01: 49, 2021-06-01: 43, 2021-07-01: 45, 2021-08-01: 44, 2021-09-01: 40, 2021-10-01: 42, 2021-11-01: 41, 2021-12-01: 39, 2022-01-01: 54, 2022-02-01: 51, 2022-03-01: 51, 2022-04-01: 50, 2022-05-01: 49, 2022-06-01: 48, 2022-07-01: 48, 2022-08-01: 48, 2022-09-01: 50, 2022-10-01: 50, 2022-11-01: 50, 2022-12-01: 45, 2023-01-01: 60, 2023-02-01: 56, 2023-03-01: 54, 2023-04-01: 50, 2023-05-01: 50, 2023-06-01: 51, 2023-07-01: 60, 2023-08-01: 54, 2023-09-01: 55, 2023-10-01: 52, 2023-11-01: 52, 2023-12-01: 52, 2024-01-01: 60, 2024-02-01: 56, 2024-03-01: 55, 2024-04-01: 56, 2024-05-01: 53, 2024-06-01: 52, 2024-07-01: 54, 2024-08-01: 56, 2024-09-01: 56, 2024-10-01: 54, 2024-11-01: 52, 2024-12-01: 52, 2025-01-01: 60, 2025-02-01: 59, 2025-03-01: 60, 2025-04-01: 55, 2025-05-01: 58, 2025-06-01: 55, 2025-07-01: 56, 2025-08-01: 64, 2025-09-01: 64, 2025-10-01: 71, 2025-11-01: 62, 2025-12-01: 61, 2026-01-01: 76, 2026-02-01: 100, 2026-03-01: 73, 2026-04-01: 68, 2026-03-29: 67, 2026-04-05: 67, 2026-04-12: 69"
"Fonio","Ancient grain native to West Africa, known for its small size and quick cooking time. Fonio is highly nutritious, rich in amino acids, iron, and fiber, and is gluten-free, making it suitable for people with gluten sensitivities or celiac disease. It is often used in traditional African dishes and is gaining popularity as a health food in other parts of the world due to its nutritional benefits and versatility in cooking.","food-beverage, science, food, cpg","false","33%","49500","Exploding","constant","Non-seasonal","Low","Positive","stationary","Past 5 years","https://signails.com/topics/fonio","{""facebook"":13500,""linkedin"":1230,""twitter"":347,""pinterest"":2490,""reddit"":367,""tiktok"":1190,""youtube"":2220}","2021-04-01: 89, 2021-05-01: 45, 2021-06-01: 57, 2021-07-01: 45, 2021-08-01: 40, 2021-09-01: 39, 2021-10-01: 55, 2021-11-01: 54, 2021-12-01: 71, 2022-01-01: 84, 2022-02-01: 62, 2022-03-01: 60, 2022-04-01: 56, 2022-05-01: 58, 2022-06-01: 53, 2022-07-01: 69, 2022-08-01: 61, 2022-09-01: 55, 2022-10-01: 51, 2022-11-01: 60, 2022-12-01: 53, 2023-01-01: 66, 2023-02-01: 59, 2023-03-01: 64, 2023-04-01: 53, 2023-05-01: 63, 2023-06-01: 47, 2023-07-01: 64, 2023-08-01: 67, 2023-09-01: 75, 2023-10-01: 67, 2023-11-01: 82, 2023-12-01: 48, 2024-01-01: 70, 2024-02-01: 64, 2024-03-01: 54, 2024-04-01: 100, 2024-05-01: 76, 2024-06-01: 67, 2024-07-01: 89, 2024-08-01: 52, 2024-09-01: 82, 2024-10-01: 55, 2024-11-01: 55, 2024-12-01: 71, 2025-01-01: 56, 2025-02-01: 64, 2025-03-01: 68, 2025-04-01: 64, 2025-05-01: 69, 2025-06-01: 62, 2025-07-01: 57, 2025-08-01: 77, 2025-09-01: 68, 2025-10-01: 61, 2025-11-01: 70, 2025-12-01: 56, 2026-01-01: 63, 2026-02-01: 89, 2026-03-01: 73, 2026-04-01: 60, 2026-04-05: 57, 2026-04-12: 55"
"ancho","Type of dried chili pepper, specifically the dried form of the poblano pepper. It has a mild to medium heat level and is known for its rich, smoky flavor with sweet undertones, making it a versatile ingredient in various dishes. Ancho chilies are commonly used in Mexican cuisine, particularly in sauces, salsas, and traditional dishes like mole, appealing to culinary enthusiasts and chefs specializing in Mexican cooking.","food-beverage, industry, food, cooking, cpg","true","32%","74000","Exploding","exponential","Seasonal","Average","Positive","declining","Past 5 years","https://signails.com/topics/ancho","{""facebook"":1390000,""linkedin"":2080,""twitter"":3180,""pinterest"":99100,""reddit"":47200,""tiktok"":21900,""youtube"":20800}","2021-04-01: 56, 2021-05-01: 62, 2021-06-01: 60, 2021-07-01: 55, 2021-08-01: 54, 2021-09-01: 59, 2021-10-01: 58, 2021-11-01: 61, 2021-12-01: 50, 2022-01-01: 57, 2022-02-01: 66, 2022-03-01: 70, 2022-04-01: 66, 2022-05-01: 70, 2022-06-01: 67, 2022-07-01: 57, 2022-08-01: 62, 2022-09-01: 63, 2022-10-01: 68, 2022-11-01: 66, 2022-12-01: 56, 2023-01-01: 57, 2023-02-01: 62, 2023-03-01: 69, 2023-04-01: 62, 2023-05-01: 68, 2023-06-01: 67, 2023-07-01: 60, 2023-08-01: 63, 2023-09-01: 65, 2023-10-01: 63, 2023-11-01: 71, 2023-12-01: 62, 2024-01-01: 63, 2024-02-01: 64, 2024-03-01: 67, 2024-04-01: 68, 2024-05-01: 69, 2024-06-01: 68, 2024-07-01: 65, 2024-08-01: 67, 2024-09-01: 68, 2024-10-01: 74, 2024-11-01: 72, 2024-12-01: 67, 2025-01-01: 68, 2025-02-01: 70, 2025-03-01: 72, 2025-04-01: 69, 2025-05-01: 81, 2025-06-01: 77, 2025-07-01: 78, 2025-08-01: 86, 2025-09-01: 92, 2025-10-01: 96, 2025-11-01: 100, 2025-12-01: 89, 2026-01-01: 88, 2026-02-01: 96, 2026-03-01: 94, 2026-04-01: 82, 2026-04-05: 81, 2026-04-12: 81"
"Moona","Mediterranean restaurant located in Cambridge, MA, known for its Eastern Mediterranean and Arabic cuisine. Moona focuses on high-quality pantry items and seasonal local produce, offering a fine-casual dining experience in an intimate setting. The restaurant primarily attracts food enthusiasts and diners seeking a unique and high-quality Mediterranean dining experience.","food-beverage, cooking, food, beverages","true","18%","33100","Exploding","constant","Seasonal","Low","Positive","stationary","Past 5 years","https://signails.com/topics/moona","{""facebook"":75400,""linkedin"":2750,""twitter"":3920,""pinterest"":26900,""reddit"":8180,""tiktok"":14300,""youtube"":24800}","2021-04-01: 60, 2021-05-01: 62, 2021-06-01: 63, 2021-07-01: 70, 2021-08-01: 64, 2021-09-01: 66, 2021-10-01: 62, 2021-11-01: 61, 2021-12-01: 100, 2022-01-01: 73, 2022-02-01: 66, 2022-03-01: 71, 2022-04-01: 63, 2022-05-01: 64, 2022-06-01: 59, 2022-07-01: 67, 2022-08-01: 65, 2022-09-01: 74, 2022-10-01: 62, 2022-11-01: 56, 2022-12-01: 64, 2023-01-01: 70, 2023-02-01: 74, 2023-03-01: 69, 2023-04-01: 68, 2023-05-01: 63, 2023-06-01: 61, 2023-07-01: 65, 2023-08-01: 65, 2023-09-01: 63, 2023-10-01: 59, 2023-11-01: 59, 2023-12-01: 60, 2024-01-01: 64, 2024-02-01: 65, 2024-03-01: 65, 2024-04-01: 67, 2024-05-01: 66, 2024-06-01: 71, 2024-07-01: 72, 2024-08-01: 65, 2024-09-01: 67, 2024-10-01: 70, 2024-11-01: 75, 2024-12-01: 91, 2025-01-01: 83, 2025-02-01: 77, 2025-03-01: 82, 2025-04-01: 83, 2025-05-01: 82, 2025-06-01: 78, 2025-07-01: 72, 2025-08-01: 73, 2025-09-01: 74, 2025-10-01: 70, 2025-11-01: 70, 2025-12-01: 68, 2026-01-01: 80, 2026-02-01: 73, 2026-03-01: 74, 2026-04-01: 73, 2026-04-05: 82, 2026-04-12: 78"
"panko","Type of breadcrumb used in Japanese cuisine, made from bread without crusts, resulting in a lighter, airier texture. Known for being crispier than traditional breadcrumbs, it is commonly used in dishes like tonkatsu and tempura to provide a crunchy coating. Panko is particularly popular among chefs and home cooks seeking to add a light, crispy texture to fried foods.","food-beverage, cooking, food","false","19%","368000","Exploding","exponential","Seasonal","Low","Positive","growing","Past 5 years","https://signails.com/topics/panko","{""facebook"":122000,""linkedin"":2490,""twitter"":1930,""pinterest"":86400,""reddit"":8450,""tiktok"":12600,""youtube"":13900}","2021-04-01: 83, 2021-05-01: 77, 2021-06-01: 67, 2021-07-01: 72, 2021-08-01: 75, 2021-09-01: 68, 2021-10-01: 72, 2021-11-01: 72, 2021-12-01: 73, 2022-01-01: 92, 2022-02-01: 84, 2022-03-01: 77, 2022-04-01: 72, 2022-05-01: 69, 2022-06-01: 68, 2022-07-01: 74, 2022-08-01: 73, 2022-09-01: 72, 2022-10-01: 72, 2022-11-01: 71, 2022-12-01: 75, 2023-01-01: 87, 2023-02-01: 84, 2023-03-01: 83, 2023-04-01: 76, 2023-05-01: 69, 2023-06-01: 72, 2023-07-01: 75, 2023-08-01: 75, 2023-09-01: 70, 2023-10-01: 69, 2023-11-01: 74, 2023-12-01: 76, 2024-01-01: 86, 2024-02-01: 85, 2024-03-01: 86, 2024-04-01: 76, 2024-05-01: 72, 2024-06-01: 69, 2024-07-01: 71, 2024-08-01: 78, 2024-09-01: 72, 2024-10-01: 74, 2024-11-01: 79, 2024-12-01: 84, 2025-01-01: 93, 2025-02-01: 90, 2025-03-01: 87, 2025-04-01: 79, 2025-05-01: 75, 2025-06-01: 71, 2025-07-01: 81, 2025-08-01: 86, 2025-09-01: 77, 2025-10-01: 78, 2025-11-01: 84, 2025-12-01: 84, 2026-01-01: 92, 2026-02-01: 95, 2026-03-01: 91, 2026-04-01: 92, 2026-04-05: 84, 2026-04-12: 86"
"Guanciale","Italian cured meat product made from pork jowl or cheeks, known for its rich flavor. It is commonly used in traditional Italian dishes such as pasta all'amatriciana and spaghetti alla carbonara, offering a higher fat content and more intense flavor compared to pancetta. Guanciale is particularly favored by chefs and home cooks seeking authentic Italian flavors in their culinary creations.","food-beverage, cooking, food","false","94%","823000","Exploding","stationary","Seasonal","Low","Positive","growing","Past 5 years","https://signails.com/topics/guanciale","{""facebook"":55900,""linkedin"":441,""twitter"":358,""pinterest"":12700,""reddit"":7660,""tiktok"":3860,""youtube"":5820}","2021-04-01: 48, 2021-05-01: 42, 2021-06-01: 40, 2021-07-01: 47, 2021-08-01: 49, 2021-09-01: 46, 2021-10-01: 47, 2021-11-01: 49, 2021-12-01: 41, 2022-01-01: 58, 2022-02-01: 70, 2022-03-01: 69, 2022-04-01: 59, 2022-05-01: 54, 2022-06-01: 53, 2022-07-01: 58, 2022-08-01: 66, 2022-09-01: 62, 2022-10-01: 76, 2022-11-01: 65, 2022-12-01: 61, 2023-01-01: 82, 2023-02-01: 72, 2023-03-01: 94, 2023-04-01: 76, 2023-05-01: 71, 2023-06-01: 67, 2023-07-01: 72, 2023-08-01: 78, 2023-09-01: 82, 2023-10-01: 74, 2023-11-01: 76, 2023-12-01: 74, 2024-01-01: 81, 2024-02-01: 85, 2024-03-01: 90, 2024-04-01: 84, 2024-05-01: 83, 2024-06-01: 92, 2024-07-01: 91, 2024-08-01: 96, 2024-09-01: 95, 2024-10-01: 92, 2024-11-01: 84, 2024-12-01: 87, 2025-01-01: 90, 2025-02-01: 81, 2025-03-01: 84, 2025-04-01: 79, 2025-05-01: 88, 2025-06-01: 79, 2025-07-01: 88, 2025-08-01: 95, 2025-09-01: 86, 2025-10-01: 90, 2025-11-01: 91, 2025-12-01: 85, 2026-01-01: 88, 2026-02-01: 100, 2026-03-01: 93, 2026-04-05: 86, 2026-04-12: 85"
"Tajin","Popular Mexican condiment made from a blend of chili peppers, lime, and salt. Known for its tangy, spicy, and slightly salty taste, it is a versatile addition to various dishes, enhancing the flavor of fruits, vegetables, snacks, and beverages. Tajín is widely used by individuals seeking to add a zesty kick to their food and drinks.","food-beverage, food, cpg, kitchen","false","30%","550000","Exploding","constant","Seasonal","Average","Positive","declining","Past 5 years","https://signails.com/topics/tajin","{""facebook"":21200,""linkedin"":1240,""twitter"":552,""pinterest"":18900,""reddit"":4840,""tiktok"":23400,""youtube"":20200}","2021-04-01: 52, 2021-05-01: 57, 2021-06-01: 63, 2021-07-01: 66, 2021-08-01: 60, 2021-09-01: 48, 2021-10-01: 43, 2021-11-01: 41, 2021-12-01: 45, 2022-01-01: 53, 2022-02-01: 55, 2022-03-01: 57, 2022-04-01: 59, 2022-05-01: 68, 2022-06-01: 72, 2022-07-01: 72, 2022-08-01: 67, 2022-09-01: 57, 2022-10-01: 50, 2022-11-01: 46, 2022-12-01: 49, 2023-01-01: 59, 2023-02-01: 65, 2023-03-01: 70, 2023-04-01: 71, 2023-05-01: 71, 2023-06-01: 78, 2023-07-01: 79, 2023-08-01: 71, 2023-09-01: 60, 2023-10-01: 55, 2023-11-01: 51, 2023-12-01: 50, 2024-01-01: 58, 2024-02-01: 70, 2024-03-01: 77, 2024-04-01: 72, 2024-05-01: 83, 2024-06-01: 81, 2024-07-01: 90, 2024-08-01: 88, 2024-09-01: 65, 2024-10-01: 57, 2024-11-01: 56, 2024-12-01: 59, 2025-01-01: 64, 2025-02-01: 70, 2025-03-01: 81, 2025-04-01: 75, 2025-05-01: 85, 2025-06-01: 84, 2025-07-01: 89, 2025-08-01: 100, 2025-09-01: 68, 2025-10-01: 60, 2025-11-01: 58, 2025-12-01: 57, 2026-01-01: 66, 2026-02-01: 67, 2026-03-01: 74, 2026-04-01: 74, 2026-04-05: 63, 2026-04-12: 63"
"Proper Good","Proper Good is a company that offers a variety of convenient, ready-to-eat meals made from clean, whole ingredients. Their meals are quick and easy to prepare and come in various flavors to suit different dietary preferences, including options like oatmeal, soup, curry, and chili. Proper Good primarily targets busy individuals and health-conscious consumers looking for nutritious and hassle-free meal solutions.","food-beverage, food, cooking, cpg","true","92%","2900","Exploding","exponential","Seasonal","Low","Positive","growing","Past 5 years","https://signails.com/topics/proper-good","{""facebook"":4680,""linkedin"":213,""twitter"":170,""pinterest"":968,""reddit"":434,""tiktok"":510,""youtube"":489}","2021-04-01: 49, 2021-05-01: 48, 2021-06-01: 46, 2021-07-01: 40, 2021-08-01: 39, 2021-09-01: 53, 2021-10-01: 83, 2021-11-01: 66, 2021-12-01: 48, 2022-01-01: 66, 2022-02-01: 72, 2022-03-01: 86, 2022-04-01: 70, 2022-05-01: 60, 2022-06-01: 56, 2022-07-01: 48, 2022-08-01: 47, 2022-09-01: 61, 2022-10-01: 63, 2022-11-01: 59, 2022-12-01: 54, 2023-01-01: 60, 2023-02-01: 70, 2023-03-01: 58, 2023-04-01: 58, 2023-05-01: 61, 2023-06-01: 50, 2023-07-01: 43, 2023-08-01: 44, 2023-09-01: 57, 2023-10-01: 53, 2023-11-01: 54, 2023-12-01: 48, 2024-01-01: 52, 2024-02-01: 61, 2024-03-01: 57, 2024-04-01: 63, 2024-05-01: 61, 2024-06-01: 50, 2024-07-01: 48, 2024-08-01: 51, 2024-09-01: 69, 2024-10-01: 67, 2024-11-01: 63, 2024-12-01: 58, 2025-01-01: 63, 2025-02-01: 78, 2025-03-01: 69, 2025-04-01: 70, 2025-05-01: 63, 2025-06-01: 64, 2025-07-01: 64, 2025-08-01: 68, 2025-09-01: 83, 2025-10-01: 83, 2025-11-01: 82, 2025-12-01: 77, 2026-01-01: 88, 2026-02-01: 100, 2026-03-01: 94, 2026-04-05: 84, 2026-04-12: 84"
"Protein milk","Ultra-filtered milk is a dairy product that has undergone processing to enhance its protein content. This type of milk offers approximately 18 grams of protein per serving, significantly more than the 8 grams found in standard milk, achieved through a specialized filtration process. It is particularly beneficial for individuals seeking higher protein intake, such as athletes and those focused on muscle building or weight management.","product, food, cooking, food-beverage","undefined","197%","74000","Exploding","exponential","Seasonal","Low","Neutral","growing","Past 5 years","https://signails.com/topics/protein-milk-yLWFRmL3","{""facebook"":4260,""linkedin"":194,""twitter"":64,""pinterest"":2100,""reddit"":643,""tiktok"":2580,""youtube"":2990}","2021-04-01: 28, 2021-05-01: 29, 2021-06-01: 30, 2021-07-01: 31, 2021-08-01: 29, 2021-09-01: 28, 2021-10-01: 26, 2021-11-01: 23, 2021-12-01: 21, 2022-01-01: 34, 2022-02-01: 37, 2022-03-01: 40, 2022-04-01: 35, 2022-05-01: 38, 2022-06-01: 37, 2022-07-01: 36, 2022-08-01: 37, 2022-09-01: 35, 2022-10-01: 34, 2022-11-01: 33, 2022-12-01: 29, 2023-01-01: 39, 2023-02-01: 42, 2023-03-01: 41, 2023-04-01: 38, 2023-05-01: 41, 2023-06-01: 42, 2023-07-01: 43, 2023-08-01: 41, 2023-09-01: 42, 2023-10-01: 42, 2023-11-01: 39, 2023-12-01: 38, 2024-01-01: 48, 2024-02-01: 49, 2024-03-01: 45, 2024-04-01: 49, 2024-05-01: 48, 2024-06-01: 47, 2024-07-01: 49, 2024-08-01: 49, 2024-09-01: 50, 2024-10-01: 48, 2024-11-01: 44, 2024-12-01: 44, 2025-01-01: 56, 2025-02-01: 55, 2025-03-01: 59, 2025-04-01: 56, 2025-05-01: 55, 2025-06-01: 60, 2025-07-01: 68, 2025-08-01: 79, 2025-09-01: 79, 2025-10-01: 70, 2025-11-01: 74, 2025-12-01: 64, 2026-01-01: 92, 2026-02-01: 94, 2026-03-01: 100, 2026-03-29: 88, 2026-04-05: 86, 2026-04-12: 88"
"cevapi","Traditional Balkan dish consisting of small, grilled minced meat sausages made from a mixture of beef, lamb, and sometimes pork. Typically served with flatbread, chopped onions, sour cream, and sometimes ajvar, it offers a flavorful and hearty meal. This dish is popular among individuals who enjoy rich, meat-based cuisine and traditional Balkan flavors.","food-beverage, cooking, food","false","50%","201000","Exploding","stationary","Seasonal","Low","Positive","declining","Past 5 years","https://signails.com/topics/cevapi","{""facebook"":11400,""linkedin"":136,""twitter"":93,""pinterest"":1930,""reddit"":872,""tiktok"":2480,""youtube"":2240}","2021-04-01: 50, 2021-05-01: 55, 2021-06-01: 54, 2021-07-01: 62, 2021-08-01: 64, 2021-09-01: 52, 2021-10-01: 50, 2021-11-01: 42, 2021-12-01: 43, 2022-01-01: 45, 2022-02-01: 49, 2022-03-01: 46, 2022-04-01: 51, 2022-05-01: 59, 2022-06-01: 60, 2022-07-01: 65, 2022-08-01: 67, 2022-09-01: 56, 2022-10-01: 58, 2022-11-01: 51, 2022-12-01: 49, 2023-01-01: 53, 2023-02-01: 59, 2023-03-01: 57, 2023-04-01: 65, 2023-05-01: 60, 2023-06-01: 66, 2023-07-01: 74, 2023-08-01: 72, 2023-09-01: 65, 2023-10-01: 60, 2023-11-01: 54, 2023-12-01: 55, 2024-01-01: 55, 2024-02-01: 62, 2024-03-01: 63, 2024-04-01: 70, 2024-05-01: 69, 2024-06-01: 78, 2024-07-01: 81, 2024-08-01: 92, 2024-09-01: 73, 2024-10-01: 57, 2024-11-01: 58, 2024-12-01: 60, 2025-01-01: 58, 2025-02-01: 61, 2025-03-01: 63, 2025-04-01: 70, 2025-05-01: 77, 2025-06-01: 79, 2025-07-01: 91, 2025-08-01: 100, 2025-09-01: 65, 2025-10-01: 66, 2025-11-01: 61, 2025-12-01: 61, 2026-01-01: 60, 2026-02-01: 60, 2026-03-01: 75, 2026-04-05: 68, 2026-04-12: 69"
"daal","A staple in Indian cuisine, daal refers to dried, split pulses such as lentils, beans, or peas that do not require soaking before cooking. It is commonly used to prepare various soups or stews, known for their nutritional value and versatility in cooking. Daal is particularly popular among individuals seeking nutritious and protein-rich vegetarian meals.","food-beverage, industry, cooking, food, manufacturing","false","120%","135000","Exploding","exponential","Seasonal","Low","Positive","growing","Past 5 years","https://signails.com/topics/daal","{""facebook"":214000,""linkedin"":5120,""twitter"":2760,""pinterest"":35400,""reddit"":8120,""tiktok"":15900,""youtube"":431000}","2021-04-01: 41, 2021-05-01: 46, 2021-06-01: 45, 2021-07-01: 44, 2021-08-01: 44, 2021-09-01: 41, 2021-10-01: 38, 2021-11-01: 35, 2021-12-01: 35, 2022-01-01: 59, 2022-02-01: 57, 2022-03-01: 64, 2022-04-01: 61, 2022-05-01: 59, 2022-06-01: 67, 2022-07-01: 71, 2022-08-01: 69, 2022-09-01: 71, 2022-10-01: 68, 2022-11-01: 60, 2022-12-01: 57, 2023-01-01: 62, 2023-02-01: 59, 2023-03-01: 60, 2023-04-01: 58, 2023-05-01: 58, 2023-06-01: 64, 2023-07-01: 54, 2023-08-01: 51, 2023-09-01: 49, 2023-10-01: 48, 2023-11-01: 44, 2023-12-01: 47, 2024-01-01: 50, 2024-02-01: 52, 2024-03-01: 55, 2024-04-01: 53, 2024-05-01: 52, 2024-06-01: 56, 2024-07-01: 58, 2024-08-01: 57, 2024-09-01: 57, 2024-10-01: 52, 2024-11-01: 52, 2024-12-01: 53, 2025-01-01: 57, 2025-02-01: 56, 2025-03-01: 61, 2025-04-01: 60, 2025-05-01: 71, 2025-06-01: 63, 2025-07-01: 74, 2025-08-01: 74, 2025-09-01: 71, 2025-10-01: 68, 2025-11-01: 69, 2025-12-01: 73, 2026-01-01: 79, 2026-02-01: 78, 2026-03-01: 90, 2026-04-05: 93, 2026-04-12: 91"
"padano","Hard, crumbly-textured cheese originating from the Po Valley in northern Italy, made from unpasteurized cows' milk that is semi-skimmed through a natural creaming process. Known for its buttery, softer, and more delicate taste compared to Parmigiano Reggiano, Grana Padano has less strict production regulations. It is primarily enjoyed by cheese enthusiasts and culinary professionals seeking a versatile and flavorful addition to various dishes.","food-beverage, industry, food, cooking, manufacturing","false","67%","12100","Exploding","constant","Seasonal","Low","Positive","growing","Past 5 years","https://signails.com/topics/padano","{""facebook"":25500,""linkedin"":958,""twitter"":371,""pinterest"":7550,""reddit"":1260,""tiktok"":1590,""youtube"":3000}","2021-04-01: 57, 2021-05-01: 58, 2021-06-01: 56, 2021-07-01: 72, 2021-08-01: 64, 2021-09-01: 52, 2021-10-01: 63, 2021-11-01: 62, 2021-12-01: 62, 2022-01-01: 69, 2022-02-01: 67, 2022-03-01: 68, 2022-04-01: 68, 2022-05-01: 69, 2022-06-01: 73, 2022-07-01: 74, 2022-08-01: 70, 2022-09-01: 69, 2022-10-01: 76, 2022-11-01: 68, 2022-12-01: 73, 2023-01-01: 73, 2023-02-01: 81, 2023-03-01: 73, 2023-04-01: 73, 2023-05-01: 72, 2023-06-01: 74, 2023-07-01: 82, 2023-08-01: 90, 2023-09-01: 79, 2023-10-01: 79, 2023-11-01: 79, 2023-12-01: 84, 2024-01-01: 83, 2024-02-01: 85, 2024-03-01: 85, 2024-04-01: 83, 2024-05-01: 86, 2024-06-01: 87, 2024-07-01: 88, 2024-08-01: 92, 2024-09-01: 92, 2024-10-01: 87, 2024-11-01: 84, 2024-12-01: 93, 2025-01-01: 84, 2025-02-01: 79, 2025-03-01: 84, 2025-04-01: 84, 2025-05-01: 88, 2025-06-01: 87, 2025-07-01: 92, 2025-08-01: 100, 2025-09-01: 86, 2025-10-01: 91, 2025-11-01: 89, 2025-12-01: 100, 2026-01-01: 91, 2026-02-01: 94, 2026-03-01: 95, 2026-04-05: 83, 2026-04-12: 82"
"Raw kefir","Fermented milk drink made from kefir grains, which are a combination of bacteria and yeast. Known for its probiotic content, raw kefir aids in digestion, improves gut health, and is rich in nutrients such as calcium, protein, and B vitamins. It is particularly beneficial for individuals seeking to enhance their digestive health, manage cholesterol levels, and improve bone health.","health, food-beverage, industry, nutrition, beverages, food","false","290%","12100","Exploding","constant","Seasonal","Low","Positive","stationary","Past 5 years","https://signails.com/topics/raw-kefir","{""facebook"":348,""linkedin"":17,""twitter"":14,""pinterest"":123,""reddit"":114,""tiktok"":190,""youtube"":193}","2021-04-01: 22, 2021-05-01: 20, 2021-06-01: 19, 2021-07-01: 16, 2021-08-01: 19, 2021-09-01: 18, 2021-10-01: 16, 2021-11-01: 14, 2021-12-01: 13, 2022-01-01: 25, 2022-02-01: 27, 2022-03-01: 26, 2022-04-01: 31, 2022-05-01: 29, 2022-06-01: 35, 2022-07-01: 33, 2022-08-01: 37, 2022-09-01: 32, 2022-10-01: 27, 2022-11-01: 27, 2022-12-01: 28, 2023-01-01: 39, 2023-02-01: 42, 2023-03-01: 42, 2023-04-01: 48, 2023-05-01: 39, 2023-06-01: 87, 2023-07-01: 73, 2023-08-01: 77, 2023-09-01: 69, 2023-10-01: 65, 2023-11-01: 59, 2023-12-01: 65, 2024-01-01: 80, 2024-02-01: 89, 2024-03-01: 75, 2024-04-01: 73, 2024-05-01: 70, 2024-06-01: 100, 2024-07-01: 93, 2024-08-01: 70, 2024-09-01: 76, 2024-10-01: 76, 2024-11-01: 67, 2024-12-01: 56, 2025-01-01: 75, 2025-02-01: 84, 2025-03-01: 88, 2025-04-01: 61, 2025-05-01: 60, 2025-06-01: 51, 2025-07-01: 55, 2025-08-01: 66, 2025-09-01: 61, 2025-10-01: 62, 2025-11-01: 60, 2025-12-01: 54, 2026-01-01: 66, 2026-02-01: 67, 2026-03-01: 75, 2026-04-01: 78, 2026-03-29: 67, 2026-04-05: 64, 2026-04-12: 70"
"decaf","Coffee that has had at least 97% of its caffeine content removed, making it a lower-caffeine alternative to regular coffee. Decaf coffee provides the flavor and experience of coffee without the stimulating effects of caffeine, making it suitable for individuals who are sensitive to caffeine or wish to reduce their caffeine intake. It is particularly popular among those who enjoy coffee but need to avoid caffeine for health or personal reasons.","health, food-beverage, beverages, food, cpg","true","96%","60500","Exploding","exponential","Seasonal","Low","Positive","growing","Past 5 years","https://signails.com/topics/decaf","{""facebook"":53700,""linkedin"":1180,""twitter"":1180,""pinterest"":22300,""reddit"":68200,""tiktok"":8860,""youtube"":13200}","2021-04-01: 47, 2021-05-01: 47, 2021-06-01: 45, 2021-07-01: 48, 2021-08-01: 48, 2021-09-01: 48, 2021-10-01: 51, 2021-11-01: 53, 2021-12-01: 47, 2022-01-01: 56, 2022-02-01: 53, 2022-03-01: 53, 2022-04-01: 49, 2022-05-01: 48, 2022-06-01: 46, 2022-07-01: 49, 2022-08-01: 48, 2022-09-01: 51, 2022-10-01: 52, 2022-11-01: 52, 2022-12-01: 51, 2023-01-01: 62, 2023-02-01: 59, 2023-03-01: 54, 2023-04-01: 52, 2023-05-01: 51, 2023-06-01: 53, 2023-07-01: 55, 2023-08-01: 55, 2023-09-01: 55, 2023-10-01: 56, 2023-11-01: 60, 2023-12-01: 62, 2024-01-01: 67, 2024-02-01: 70, 2024-03-01: 65, 2024-04-01: 68, 2024-05-01: 70, 2024-06-01: 60, 2024-07-01: 60, 2024-08-01: 69, 2024-09-01: 66, 2024-10-01: 64, 2024-11-01: 69, 2024-12-01: 72, 2025-01-01: 80, 2025-02-01: 77, 2025-03-01: 79, 2025-04-01: 74, 2025-05-01: 72, 2025-06-01: 72, 2025-07-01: 78, 2025-08-01: 93, 2025-09-01: 89, 2025-10-01: 94, 2025-11-01: 100, 2025-12-01: 88, 2026-01-01: 93, 2026-02-01: 93, 2026-03-01: 92, 2026-04-05: 92, 2026-04-12: 94"
"Eleat","The Early Life Exposure Assessment Tool (ELEAT) is a self-administered questionnaire designed for parents to report their child's early life environmental exposures. It consists of approximately 260 questions organized into 10 different modules, with some questions being skipped based on responses to gateway questions, aiming to assess the role of environmental exposures during early life windows of susceptibility. ELEAT is primarily targeted at parents, particularly mothers, to help researchers understand the impact of environmental factors on conditions such as autism.","food, food-beverage, grocery, fitness","true","231.99999999999997%","2400","Exploding","constant","Seasonal","Low","Positive","growing","Past 5 years","https://signails.com/topics/eleat","{""facebook"":1960,""linkedin"":188,""twitter"":0,""pinterest"":678,""reddit"":28,""tiktok"":428,""youtube"":144}","2021-04-01: 17, 2021-05-01: 19, 2021-06-01: 22, 2021-07-01: 23, 2021-08-01: 20, 2021-09-01: 22, 2021-10-01: 19, 2021-11-01: 19, 2021-12-01: 24, 2022-01-01: 18, 2022-02-01: 32, 2022-03-01: 20, 2022-04-01: 24, 2022-05-01: 25, 2022-06-01: 21, 2022-07-01: 24, 2022-08-01: 31, 2022-09-01: 28, 2022-10-01: 27, 2022-11-01: 36, 2022-12-01: 28, 2023-01-01: 45, 2023-02-01: 43, 2023-03-01: 39, 2023-04-01: 36, 2023-05-01: 39, 2023-06-01: 36, 2023-07-01: 43, 2023-08-01: 39, 2023-09-01: 46, 2023-10-01: 41, 2023-11-01: 46, 2023-12-01: 42, 2024-01-01: 54, 2024-02-01: 54, 2024-03-01: 49, 2024-04-01: 54, 2024-05-01: 47, 2024-06-01: 49, 2024-07-01: 45, 2024-08-01: 53, 2024-09-01: 62, 2024-10-01: 52, 2024-11-01: 43, 2024-12-01: 46, 2025-01-01: 74, 2025-02-01: 58, 2025-03-01: 57, 2025-04-01: 55, 2025-05-01: 54, 2025-06-01: 49, 2025-07-01: 48, 2025-08-01: 71, 2025-09-01: 77, 2025-10-01: 62, 2025-11-01: 55, 2025-12-01: 50, 2026-01-01: 70, 2026-02-01: 100, 2026-03-01: 72, 2026-04-01: 63, 2026-04-05: 50, 2026-04-12: 45"
"Irish Moss","A species of red algae known scientifically as Chondrus crispus, commonly found along the rocky Atlantic coasts of Europe and North America. It is valued for its gelling, thickening, and stabilizing properties, making it a popular food additive. Irish Moss is primarily used by the food industry and individuals seeking natural thickening agents for culinary and health purposes.","food-beverage, lifestyle, science, food, cooking, gardening-agriculture","false","-21%","49500","Falling","exponential","Seasonal","Average","Neutral","declining","Past 5 years","https://signails.com/topics/irish-moss","{""facebook"":3890,""linkedin"":104,""twitter"":93,""pinterest"":7050,""reddit"":424,""tiktok"":636,""youtube"":1300}","2021-04-01: 62, 2021-05-01: 60, 2021-06-01: 53, 2021-07-01: 51, 2021-08-01: 50, 2021-09-01: 42, 2021-10-01: 38, 2021-11-01: 37, 2021-12-01: 42, 2022-01-01: 50, 2022-02-01: 48, 2022-03-01: 54, 2022-04-01: 58, 2022-05-01: 59, 2022-06-01: 55, 2022-07-01: 51, 2022-08-01: 48, 2022-09-01: 43, 2022-10-01: 43, 2022-11-01: 41, 2022-12-01: 37, 2023-01-01: 50, 2023-02-01: 50, 2023-03-01: 49, 2023-04-01: 62, 2023-05-01: 73, 2023-06-01: 65, 2023-07-01: 57, 2023-08-01: 49, 2023-09-01: 48, 2023-10-01: 46, 2023-11-01: 38, 2023-12-01: 41, 2024-01-01: 54, 2024-02-01: 52, 2024-03-01: 60, 2024-04-01: 56, 2024-05-01: 56, 2024-06-01: 51, 2024-07-01: 45, 2024-08-01: 44, 2024-09-01: 42, 2024-10-01: 42, 2024-11-01: 36, 2024-12-01: 37, 2025-01-01: 45, 2025-02-01: 46, 2025-03-01: 51, 2025-04-01: 54, 2025-05-01: 54, 2025-06-01: 56, 2025-07-01: 50, 2025-08-01: 54, 2025-09-01: 44, 2025-10-01: 44, 2025-11-01: 39, 2025-12-01: 38, 2026-01-01: 38, 2026-02-01: 49, 2026-03-01: 49, 2026-04-05: 79, 2026-04-12: 79"
"Mana","Concept that represents a spiritual life force or healing power in Oceanian cultures, and is also used in various other contexts. In Mandaeism, it is equivalent to 'nous', while in religious texts like the Bible and Quran, it refers to an edible substance. In gaming and fantasy literature, mana is commonly used as a resource for magical abilities, appealing to gamers and fantasy enthusiasts.","entertainment, food-beverage, lifestyle, media, art, food","true","96%","510000","Exploding","exponential","Seasonal","Low","Positive","growing","Past 5 years","https://signails.com/topics/mana","{""facebook"":4750000,""linkedin"":59000,""twitter"":164000,""pinterest"":348000,""reddit"":2450000,""tiktok"":1020000,""youtube"":2800000}","2021-04-01: 47, 2021-05-01: 51, 2021-06-01: 55, 2021-07-01: 56, 2021-08-01: 61, 2021-09-01: 58, 2021-10-01: 58, 2021-11-01: 66, 2021-12-01: 62, 2022-01-01: 62, 2022-02-01: 66, 2022-03-01: 68, 2022-04-01: 66, 2022-05-01: 67, 2022-06-01: 70, 2022-07-01: 66, 2022-08-01: 69, 2022-09-01: 68, 2022-10-01: 65, 2022-11-01: 68, 2022-12-01: 74, 2023-01-01: 69, 2023-02-01: 69, 2023-03-01: 66, 2023-04-01: 68, 2023-05-01: 73, 2023-06-01: 70, 2023-07-01: 66, 2023-08-01: 64, 2023-09-01: 69, 2023-10-01: 65, 2023-11-01: 80, 2023-12-01: 72, 2024-01-01: 67, 2024-02-01: 64, 2024-03-01: 62, 2024-04-01: 62, 2024-05-01: 67, 2024-06-01: 63, 2024-07-01: 63, 2024-08-01: 68, 2024-09-01: 71, 2024-10-01: 67, 2024-11-01: 70, 2024-12-01: 72, 2025-01-01: 68, 2025-02-01: 67, 2025-03-01: 68, 2025-04-01: 74, 2025-05-01: 72, 2025-06-01: 76, 2025-07-01: 71, 2025-08-01: 82, 2025-09-01: 81, 2025-10-01: 81, 2025-11-01: 90, 2025-12-01: 89, 2026-01-01: 100, 2026-02-01: 94, 2026-03-01: 92, 2026-04-05: 80, 2026-04-12: 80"
"Smartfood","Brand of pre-popped popcorn marketed as a healthier snack option. Known for its distinctive black packaging and a variety of flavors, with White Cheddar being the most popular, Smartfood emphasizes using high-quality ingredients. It primarily targets health-conscious consumers looking for convenient and tasty snack alternatives.","health, food-beverage, food, nutrition","true","39%","22200","Exploding","exponential","Non-seasonal","Low","Positive","growing","Past 5 years","https://signails.com/topics/smartfood","{""facebook"":7780,""linkedin"":870,""twitter"":143,""pinterest"":1100,""reddit"":1170,""tiktok"":829,""youtube"":1330}","2021-04-01: 66, 2021-05-01: 78, 2021-06-01: 78, 2021-07-01: 72, 2021-08-01: 66, 2021-09-01: 72, 2021-10-01: 75, 2021-11-01: 73, 2021-12-01: 76, 2022-01-01: 77, 2022-02-01: 89, 2022-03-01: 79, 2022-04-01: 75, 2022-05-01: 82, 2022-06-01: 71, 2022-07-01: 67, 2022-08-01: 67, 2022-09-01: 63, 2022-10-01: 62, 2022-11-01: 65, 2022-12-01: 73, 2023-01-01: 70, 2023-02-01: 71, 2023-03-01: 66, 2023-04-01: 72, 2023-05-01: 70, 2023-06-01: 75, 2023-07-01: 67, 2023-08-01: 65, 2023-09-01: 65, 2023-10-01: 64, 2023-11-01: 69, 2023-12-01: 66, 2024-01-01: 69, 2024-02-01: 77, 2024-03-01: 72, 2024-04-01: 70, 2024-05-01: 71, 2024-06-01: 62, 2024-07-01: 59, 2024-08-01: 60, 2024-09-01: 62, 2024-10-01: 68, 2024-11-01: 70, 2024-12-01: 70, 2025-01-01: 72, 2025-02-01: 81, 2025-03-01: 95, 2025-04-01: 80, 2025-05-01: 76, 2025-06-01: 73, 2025-07-01: 73, 2025-08-01: 81, 2025-09-01: 71, 2025-10-01: 84, 2025-11-01: 78, 2025-12-01: 78, 2026-01-01: 89, 2026-02-01: 95, 2026-03-01: 92, 2026-04-05: 83, 2026-04-12: 79"
"aïoli","Traditional Provençal sauce made of garlic, olive oil, lemon juice, and egg yolks. It is similar to mayonnaise but has a stronger garlic flavor and is often used as a condiment for seafood, vegetables, and meats, or as a dip or spread. Aïoli is particularly popular among those who enjoy Mediterranean cuisine and robust, garlicky flavors.","food-beverage, cooking, food","false","39%","450000","Exploding","constant","Seasonal","Low","Positive","declining","Past 5 years","https://signails.com/topics/aioli","{""facebook"":17100,""linkedin"":235,""twitter"":75,""pinterest"":6980,""reddit"":341,""tiktok"":475,""youtube"":982}","2021-04-01: 37, 2021-05-01: 38, 2021-06-01: 39, 2021-07-01: 44, 2021-08-01: 45, 2021-09-01: 37, 2021-10-01: 33, 2021-11-01: 28, 2021-12-01: 40, 2022-01-01: 30, 2022-02-01: 36, 2022-03-01: 34, 2022-04-01: 38, 2022-05-01: 42, 2022-06-01: 45, 2022-07-01: 50, 2022-08-01: 55, 2022-09-01: 41, 2022-10-01: 37, 2022-11-01: 31, 2022-12-01: 39, 2023-01-01: 32, 2023-02-01: 40, 2023-03-01: 36, 2023-04-01: 41, 2023-05-01: 43, 2023-06-01: 45, 2023-07-01: 53, 2023-08-01: 52, 2023-09-01: 41, 2023-10-01: 36, 2023-11-01: 35, 2023-12-01: 41, 2024-01-01: 36, 2024-02-01: 34, 2024-03-01: 40, 2024-04-01: 42, 2024-05-01: 47, 2024-06-01: 44, 2024-07-01: 48, 2024-08-01: 57, 2024-09-01: 38, 2024-10-01: 38, 2024-11-01: 34, 2024-12-01: 49, 2025-01-01: 41, 2025-02-01: 35, 2025-03-01: 45, 2025-04-01: 100, 2025-05-01: 52, 2025-06-01: 51, 2025-07-01: 60, 2025-08-01: 62, 2025-09-01: 46, 2025-10-01: 45, 2025-11-01: 43, 2025-12-01: 48, 2026-01-01: 39, 2026-02-01: 45, 2026-03-01: 47, 2026-04-01: 53, 2026-04-05: 41, 2026-04-12: 43"
"Mushroom grow kit","A mushroom grow kit is a product designed to facilitate the cultivation of mushrooms at home. These kits typically include a substrate, spores or spawn, and detailed instructions, with some advanced versions offering automated features or fruiting chambers to simplify the growing process. Mushroom grow kits are ideal for hobbyists, home gardeners, and anyone interested in cultivating their own mushrooms for personal use or culinary purposes.","home, food-beverage, industry, lifestyle, gardening-agriculture, food, manufacturing","false","-19%","49500","Falling","exponential","Seasonal","Low","Positive","growing","Past 5 years","https://signails.com/topics/mushroom-grow-kit","{""facebook"":306,""linkedin"":16,""twitter"":14,""pinterest"":888,""reddit"":415,""tiktok"":167,""youtube"":323}","2021-04-01: 77, 2021-05-01: 64, 2021-06-01: 58, 2021-07-01: 50, 2021-08-01: 63, 2021-09-01: 63, 2021-10-01: 66, 2021-11-01: 81, 2021-12-01: 80, 2022-01-01: 95, 2022-02-01: 75, 2022-03-01: 72, 2022-04-01: 72, 2022-05-01: 73, 2022-06-01: 71, 2022-07-01: 78, 2022-08-01: 78, 2022-09-01: 79, 2022-10-01: 77, 2022-11-01: 89, 2022-12-01: 100, 2023-01-01: 99, 2023-02-01: 93, 2023-03-01: 89, 2023-04-01: 84, 2023-05-01: 78, 2023-06-01: 66, 2023-07-01: 83, 2023-08-01: 76, 2023-09-01: 67, 2023-10-01: 72, 2023-11-01: 67, 2023-12-01: 75, 2024-01-01: 71, 2024-02-01: 67, 2024-03-01: 66, 2024-04-01: 57, 2024-05-01: 75, 2024-06-01: 65, 2024-07-01: 57, 2024-08-01: 55, 2024-09-01: 53, 2024-10-01: 57, 2024-11-01: 62, 2024-12-01: 74, 2025-01-01: 59, 2025-02-01: 58, 2025-03-01: 59, 2025-04-01: 51, 2025-05-01: 57, 2025-06-01: 54, 2025-07-01: 55, 2025-08-01: 68, 2025-09-01: 60, 2025-10-01: 59, 2025-11-01: 69, 2025-12-01: 69, 2026-01-01: 52, 2026-02-01: 51, 2026-03-01: 62, 2026-04-05: 70, 2026-04-12: 71"
"Pistachio pesto","A variation of the traditional basil pesto, substituting pistachios for the usual pine nuts. This pesto combines fresh basil leaves, shelled pistachios, freshly grated Parmesan cheese, garlic, olive oil, and sometimes lemon juice, blended together until smooth, offering a unique and rich flavor profile. It is ideal for use in pasta, sandwiches, or as a topping for meats and vegetables, appealing to those who enjoy gourmet and distinctive culinary experiences.","food-beverage, cooking, food, cpg","false","79%","18100","Exploding","constant","Seasonal","Average","Positive","declining","Past 5 years","https://signails.com/topics/pistachio-pesto","{""facebook"":5050,""linkedin"":17,""twitter"":57,""pinterest"":12000,""reddit"":404,""tiktok"":703,""youtube"":696}","2021-04-01: 24, 2021-05-01: 21, 2021-06-01: 21, 2021-07-01: 25, 2021-08-01: 23, 2021-09-01: 20, 2021-10-01: 19, 2021-11-01: 15, 2021-12-01: 14, 2022-01-01: 23, 2022-02-01: 20, 2022-03-01: 20, 2022-04-01: 22, 2022-05-01: 24, 2022-06-01: 33, 2022-07-01: 35, 2022-08-01: 32, 2022-09-01: 31, 2022-10-01: 26, 2022-11-01: 18, 2022-12-01: 21, 2023-01-01: 22, 2023-02-01: 22, 2023-03-01: 24, 2023-04-01: 26, 2023-05-01: 28, 2023-06-01: 39, 2023-07-01: 42, 2023-08-01: 33, 2023-09-01: 36, 2023-10-01: 36, 2023-11-01: 27, 2023-12-01: 28, 2024-01-01: 31, 2024-02-01: 32, 2024-03-01: 33, 2024-04-01: 35, 2024-05-01: 43, 2024-06-01: 49, 2024-07-01: 50, 2024-08-01: 53, 2024-09-01: 45, 2024-10-01: 42, 2024-11-01: 34, 2024-12-01: 40, 2025-01-01: 36, 2025-02-01: 44, 2025-03-01: 45, 2025-04-01: 42, 2025-05-01: 47, 2025-06-01: 53, 2025-07-01: 62, 2025-08-01: 64, 2025-09-01: 53, 2025-10-01: 45, 2025-11-01: 39, 2025-12-01: 42, 2026-01-01: 47, 2026-02-01: 48, 2026-03-01: 43, 2026-04-05: 73, 2026-04-12: 74"
"Mandoline Slicer","A culinary utensil used for slicing and cutting juliennes of vegetables and fruits. It consists of a flat surface fitted with a sharp blade, allowing for quick, precise, and uniform cuts, with some models offering attachments for crinkle-cuts and other shapes. This versatile tool is often used in kitchens to save time and ensure consistent slicing, making it popular among both home cooks and professional chefs.","home, food-beverage, kitchen, cooking, food","false","23%","165000","Exploding","constant","Seasonal","Low","Positive","growing","Past 5 years","https://signails.com/topics/mandoline-slicer","{""facebook"":9390,""linkedin"":21,""twitter"":14,""pinterest"":5200,""reddit"":179,""tiktok"":2800,""youtube"":1840}","2021-04-01: 51, 2021-05-01: 47, 2021-06-01: 51, 2021-07-01: 47, 2021-08-01: 51, 2021-09-01: 47, 2021-10-01: 45, 2021-11-01: 62, 2021-12-01: 71, 2022-01-01: 65, 2022-02-01: 55, 2022-03-01: 48, 2022-04-01: 48, 2022-05-01: 43, 2022-06-01: 42, 2022-07-01: 54, 2022-08-01: 51, 2022-09-01: 47, 2022-10-01: 50, 2022-11-01: 62, 2022-12-01: 76, 2023-01-01: 62, 2023-02-01: 54, 2023-03-01: 43, 2023-04-01: 50, 2023-05-01: 43, 2023-06-01: 44, 2023-07-01: 48, 2023-08-01: 45, 2023-09-01: 44, 2023-10-01: 46, 2023-11-01: 65, 2023-12-01: 73, 2024-01-01: 61, 2024-02-01: 50, 2024-03-01: 54, 2024-04-01: 49, 2024-05-01: 44, 2024-06-01: 43, 2024-07-01: 52, 2024-08-01: 78, 2024-09-01: 82, 2024-10-01: 58, 2024-11-01: 72, 2024-12-01: 80, 2025-01-01: 65, 2025-02-01: 54, 2025-03-01: 53, 2025-04-01: 51, 2025-05-01: 44, 2025-06-01: 54, 2025-07-01: 53, 2025-08-01: 66, 2025-09-01: 57, 2025-10-01: 57, 2025-11-01: 76, 2025-12-01: 82, 2026-01-01: 64, 2026-02-01: 62, 2026-03-01: 72, 2026-04-01: 100, 2026-04-05: 58, 2026-04-12: 58"
"Stinky tofu","A type of fermented tofu known for its strong odor, popular in East and Southeast Asia. Often deep-fried and served with various condiments, it has a mild and pleasant taste with a rich, umami flavor despite its pungent smell. Stinky tofu is enjoyed by adventurous eaters and those who appreciate traditional Asian street foods.","food-beverage, lifestyle, cooking, food, travel","false","100%","33100","Exploding","constant","Seasonal","Low","Neutral","stationary","Past 5 years","https://signails.com/topics/stinky-tofu","{""facebook"":5510,""linkedin"":22,""twitter"":87,""pinterest"":880,""reddit"":417,""tiktok"":1110,""youtube"":5630}","2021-04-01: 33, 2021-05-01: 28, 2021-06-01: 26, 2021-07-01: 33, 2021-08-01: 31, 2021-09-01: 25, 2021-10-01: 28, 2021-11-01: 24, 2021-12-01: 24, 2022-01-01: 34, 2022-02-01: 30, 2022-03-01: 29, 2022-04-01: 34, 2022-05-01: 32, 2022-06-01: 38, 2022-07-01: 44, 2022-08-01: 41, 2022-09-01: 36, 2022-10-01: 35, 2022-11-01: 33, 2022-12-01: 34, 2023-01-01: 38, 2023-02-01: 36, 2023-03-01: 42, 2023-04-01: 43, 2023-05-01: 43, 2023-06-01: 43, 2023-07-01: 40, 2023-08-01: 39, 2023-09-01: 41, 2023-10-01: 39, 2023-11-01: 36, 2023-12-01: 46, 2024-01-01: 42, 2024-02-01: 45, 2024-03-01: 45, 2024-04-01: 98, 2024-05-01: 47, 2024-06-01: 49, 2024-07-01: 41, 2024-08-01: 48, 2024-09-01: 50, 2024-10-01: 46, 2024-11-01: 66, 2024-12-01: 42, 2025-01-01: 44, 2025-02-01: 37, 2025-03-01: 100, 2025-04-01: 88, 2025-05-01: 65, 2025-06-01: 57, 2025-07-01: 58, 2025-08-01: 65, 2025-09-01: 59, 2025-10-01: 54, 2025-11-01: 59, 2025-12-01: 61, 2026-01-01: 60, 2026-02-01: 58, 2026-03-01: 66, 2026-04-05: 89, 2026-04-12: 85"
"Pistachio ice cream","A popular ice cream flavor characterized by its distinctive green color and nutty taste, made using pistachio nuts or flavoring. It often includes additional ingredients like almond extract to enhance its flavor profile. This ice cream is enjoyed by a wide range of consumers and is commonly available in ice cream parlors and grocery stores worldwide.","product, food, food-beverage","undefined","105%","74000","Exploding","constant","Seasonal","Low","Positive","declining","Past 5 years","https://signails.com/topics/pistachio-ice-cream","{""facebook"":13800,""linkedin"":74,""twitter"":994,""pinterest"":14900,""reddit"":580,""tiktok"":2780,""youtube"":1840}","2021-04-01: 37, 2021-05-01: 42, 2021-06-01: 46, 2021-07-01: 49, 2021-08-01: 42, 2021-09-01: 35, 2021-10-01: 29, 2021-11-01: 30, 2021-12-01: 33, 2022-01-01: 37, 2022-02-01: 39, 2022-03-01: 41, 2022-04-01: 41, 2022-05-01: 43, 2022-06-01: 48, 2022-07-01: 56, 2022-08-01: 48, 2022-09-01: 35, 2022-10-01: 37, 2022-11-01: 31, 2022-12-01: 34, 2023-01-01: 37, 2023-02-01: 36, 2023-03-01: 41, 2023-04-01: 44, 2023-05-01: 45, 2023-06-01: 54, 2023-07-01: 56, 2023-08-01: 54, 2023-09-01: 45, 2023-10-01: 38, 2023-11-01: 35, 2023-12-01: 40, 2024-01-01: 41, 2024-02-01: 46, 2024-03-01: 56, 2024-04-01: 56, 2024-05-01: 74, 2024-06-01: 81, 2024-07-01: 79, 2024-08-01: 77, 2024-09-01: 57, 2024-10-01: 49, 2024-11-01: 49, 2024-12-01: 51, 2025-01-01: 57, 2025-02-01: 64, 2025-03-01: 76, 2025-04-01: 82, 2025-05-01: 83, 2025-06-01: 88, 2025-07-01: 100, 2025-08-01: 91, 2025-09-01: 64, 2025-10-01: 63, 2025-11-01: 60, 2025-12-01: 65, 2026-01-01: 63, 2026-02-01: 70, 2026-03-01: 76, 2026-03-29: 74, 2026-04-05: 76, 2026-04-12: 77"
"Mango Chocolate","This confectionery item combines the rich taste of chocolate with the tropical flavor of ripe mangos, often enhanced with lime, sea salt, and pasilla chile for a unique sweet, tangy, and slightly spicy experience. The blend of these ingredients creates a distinctive taste profile that sets it apart from traditional chocolate offerings. Mango chocolate is particularly appealing to adventurous food enthusiasts and those seeking novel flavor combinations in their confectionery choices.","product, food, food-beverage","undefined","85%","5400","Exploding","exponential","Seasonal","Low","Positive","stationary","Past 5 years","https://signails.com/topics/mango-chocolate","{""facebook"":3810,""linkedin"":8,""twitter"":121,""pinterest"":891,""reddit"":62,""tiktok"":263,""youtube"":2510}","2021-04-01: 47, 2021-05-01: 58, 2021-06-01: 53, 2021-07-01: 42, 2021-08-01: 39, 2021-09-01: 33, 2021-10-01: 37, 2021-11-01: 36, 2021-12-01: 44, 2022-01-01: 42, 2022-02-01: 48, 2022-03-01: 50, 2022-04-01: 57, 2022-05-01: 57, 2022-06-01: 56, 2022-07-01: 50, 2022-08-01: 45, 2022-09-01: 44, 2022-10-01: 41, 2022-11-01: 49, 2022-12-01: 52, 2023-01-01: 46, 2023-02-01: 51, 2023-03-01: 49, 2023-04-01: 57, 2023-05-01: 67, 2023-06-01: 64, 2023-07-01: 52, 2023-08-01: 49, 2023-09-01: 49, 2023-10-01: 48, 2023-11-01: 47, 2023-12-01: 55, 2024-01-01: 45, 2024-02-01: 51, 2024-03-01: 53, 2024-04-01: 58, 2024-05-01: 66, 2024-06-01: 60, 2024-07-01: 56, 2024-08-01: 54, 2024-09-01: 54, 2024-10-01: 50, 2024-11-01: 57, 2024-12-01: 66, 2025-01-01: 58, 2025-02-01: 65, 2025-03-01: 66, 2025-04-01: 75, 2025-05-01: 82, 2025-06-01: 80, 2025-07-01: 73, 2025-08-01: 84, 2025-09-01: 81, 2025-10-01: 82, 2025-11-01: 90, 2025-12-01: 91, 2026-01-01: 80, 2026-02-01: 89, 2026-03-01: 87, 2026-03-29: 88, 2026-04-05: 89, 2026-04-12: 90"
"Hpmc","Hydroxypropyl methylcellulose (HPMC), also known as hypromellose, is a type of soluble methylcellulose ether used in various industries. It serves as a thickening agent, binder, film former, and hydrophilic matrix material, with applications in pharmaceuticals, food, and construction materials. HPMC is particularly beneficial for manufacturers and formulators seeking versatile and effective ingredients for product development.","health, food-beverage, industry, pharma, food, construction","false","95%","27100","Exploding","exponential","Non-seasonal","Low","Neutral","declining","Past 5 years","https://signails.com/topics/hpmc","{""facebook"":14100,""linkedin"":3100,""twitter"":92,""pinterest"":348,""reddit"":230,""tiktok"":568,""youtube"":3510}","2021-04-01: 40, 2021-05-01: 39, 2021-06-01: 43, 2021-07-01: 44, 2021-08-01: 35, 2021-09-01: 40, 2021-10-01: 46, 2021-11-01: 48, 2021-12-01: 43, 2022-01-01: 39, 2022-02-01: 45, 2022-03-01: 50, 2022-04-01: 49, 2022-05-01: 44, 2022-06-01: 54, 2022-07-01: 45, 2022-08-01: 51, 2022-09-01: 51, 2022-10-01: 41, 2022-11-01: 46, 2022-12-01: 42, 2023-01-01: 47, 2023-02-01: 47, 2023-03-01: 49, 2023-04-01: 48, 2023-05-01: 54, 2023-06-01: 52, 2023-07-01: 52, 2023-08-01: 51, 2023-09-01: 50, 2023-10-01: 51, 2023-11-01: 51, 2023-12-01: 48, 2024-01-01: 54, 2024-02-01: 55, 2024-03-01: 54, 2024-04-01: 48, 2024-05-01: 56, 2024-06-01: 51, 2024-07-01: 58, 2024-08-01: 51, 2024-09-01: 55, 2024-10-01: 56, 2024-11-01: 59, 2024-12-01: 51, 2025-01-01: 65, 2025-02-01: 58, 2025-03-01: 60, 2025-04-01: 60, 2025-05-01: 60, 2025-06-01: 64, 2025-07-01: 67, 2025-08-01: 96, 2025-09-01: 97, 2025-10-01: 95, 2025-11-01: 100, 2025-12-01: 93, 2026-01-01: 84, 2026-02-01: 91, 2026-03-01: 99, 2026-04-01: 76, 2026-04-05: 66, 2026-04-12: 64"
"Piri piri","A type of chili pepper commonly used in African and Portuguese cuisine, known for its intense heat and distinctive flavor. The term also refers to a sauce made from these peppers, typically including ingredients like garlic, lemon, vinegar, and oil, which adds a spicy and tangy taste to various dishes. Piri piri is popular among individuals who enjoy spicy foods and are looking to add a unique flavor to their culinary creations.","food-beverage, industry, cooking, food, manufacturing","false","60%","135000","Exploding","exponential","Seasonal","Average","Positive","stationary","Past 5 years","https://signails.com/topics/piri-piri","{""facebook"":56500,""linkedin"":861,""twitter"":440,""pinterest"":12700,""reddit"":2650,""tiktok"":4360,""youtube"":6950}","2021-04-01: 66, 2021-05-01: 62, 2021-06-01: 68, 2021-07-01: 68, 2021-08-01: 74, 2021-09-01: 67, 2021-10-01: 64, 2021-11-01: 56, 2021-12-01: 77, 2022-01-01: 69, 2022-02-01: 80, 2022-03-01: 79, 2022-04-01: 74, 2022-05-01: 69, 2022-06-01: 71, 2022-07-01: 79, 2022-08-01: 75, 2022-09-01: 72, 2022-10-01: 69, 2022-11-01: 67, 2022-12-01: 73, 2023-01-01: 81, 2023-02-01: 76, 2023-03-01: 76, 2023-04-01: 86, 2023-05-01: 83, 2023-06-01: 82, 2023-07-01: 88, 2023-08-01: 86, 2023-09-01: 84, 2023-10-01: 81, 2023-11-01: 82, 2023-12-01: 78, 2024-01-01: 80, 2024-02-01: 79, 2024-03-01: 81, 2024-04-01: 77, 2024-05-01: 76, 2024-06-01: 76, 2024-07-01: 86, 2024-08-01: 85, 2024-09-01: 87, 2024-10-01: 84, 2024-11-01: 72, 2024-12-01: 71, 2025-01-01: 71, 2025-02-01: 75, 2025-03-01: 71, 2025-04-01: 67, 2025-05-01: 75, 2025-06-01: 81, 2025-07-01: 79, 2025-08-01: 87, 2025-09-01: 80, 2025-10-01: 76, 2025-11-01: 74, 2025-12-01: 66, 2026-01-01: 75, 2026-02-01: 73, 2026-03-01: 70, 2026-04-01: 99, 2026-03-29: 72, 2026-04-05: 72, 2026-04-12: 78"