keyword,description,categories,brand,growth,volume,growth_indicator,speed_indicator,seasonality_indicator,volatility_indicator,sentiment_indicator,forecast_indicator,timeframe,url,channel_breadkdown,search_history
"Tomorrow.io","Tomorrow.io is a weather intelligence platform that provides hyper-local, real-time, and predictive weather data to support operational decision-making. The platform sets itself apart by integrating proprietary forecasting models with AI-driven analytics, enabling businesses and governments to automate weather-related decisions and enhance preparedness. Tomorrow.io primarily targets industries and organizations in sectors such as aviation, logistics, agriculture, and public safety that require precise and actionable weather insights.","business, technology, ai, supply-chain, automation","true","1450%","0","Exploding","exponential","Non-seasonal","Average","Positive","growing","Past 5 years","https://signails.com/topics/tomorrowio-Wruasbcd","{""facebook"":339,""linkedin"":1430,""twitter"":1,""pinterest"":14,""reddit"":216,""tiktok"":19,""youtube"":285}","2021-04-01: 6, 2021-05-01: 8, 2021-06-01: 10, 2021-07-01: 10, 2021-08-01: 10, 2021-09-01: 12, 2021-10-01: 10, 2021-11-01: 6, 2021-12-01: 17, 2022-01-01: 20, 2022-02-01: 17, 2022-03-01: 17, 2022-04-01: 14, 2022-05-01: 19, 2022-06-01: 12, 2022-07-01: 13, 2022-08-01: 25, 2022-09-01: 12, 2022-10-01: 16, 2022-11-01: 13, 2022-12-01: 13, 2023-01-01: 14, 2023-02-01: 11, 2023-03-01: 14, 2023-04-01: 15, 2023-05-01: 19, 2023-06-01: 23, 2023-07-01: 24, 2023-08-01: 23, 2023-09-01: 18, 2023-10-01: 18, 2023-11-01: 16, 2023-12-01: 14, 2024-01-01: 18, 2024-02-01: 21, 2024-03-01: 22, 2024-04-01: 17, 2024-05-01: 20, 2024-06-01: 16, 2024-07-01: 18, 2024-08-01: 15, 2024-09-01: 21, 2024-10-01: 16, 2024-11-01: 20, 2024-12-01: 17, 2025-01-01: 18, 2025-02-01: 19, 2025-03-01: 22, 2025-04-01: 19, 2025-05-01: 19, 2025-06-01: 24, 2025-07-01: 34, 2025-08-01: 98, 2025-09-01: 76, 2025-10-01: 62, 2025-11-01: 79, 2025-12-01: 60, 2026-01-01: 72, 2026-02-01: 100, 2026-03-01: 93, 2026-04-05: 33, 2026-04-12: 36"
"Deliverect","Software company founded in 2018 that specializes in developing online order management software. The platform simplifies food delivery service options by integrating various food delivery channels into a single system, helping restaurants and food service providers manage their online orders more efficiently. Deliverect primarily targets restaurants and food service providers looking to streamline their online order processes and enhance customer experiences.","business, technology, food-beverage, productivity, supply-chain, automation","true","159%","14800","Exploding","exponential","Non-seasonal","Average","Positive","declining","Past 5 years","https://signails.com/topics/deliverect","{""facebook"":426,""linkedin"":2040,""twitter"":15,""pinterest"":20,""reddit"":84,""tiktok"":14,""youtube"":195}","2021-04-01: 34, 2021-05-01: 27, 2021-06-01: 25, 2021-07-01: 25, 2021-08-01: 20, 2021-09-01: 35, 2021-10-01: 30, 2021-11-01: 31, 2021-12-01: 34, 2022-01-01: 70, 2022-02-01: 51, 2022-03-01: 50, 2022-04-01: 59, 2022-05-01: 60, 2022-06-01: 58, 2022-07-01: 56, 2022-08-01: 64, 2022-09-01: 59, 2022-10-01: 67, 2022-11-01: 62, 2022-12-01: 53, 2023-01-01: 56, 2023-02-01: 65, 2023-03-01: 59, 2023-04-01: 55, 2023-05-01: 65, 2023-06-01: 65, 2023-07-01: 56, 2023-08-01: 50, 2023-09-01: 51, 2023-10-01: 59, 2023-11-01: 51, 2023-12-01: 52, 2024-01-01: 51, 2024-02-01: 57, 2024-03-01: 59, 2024-04-01: 49, 2024-05-01: 56, 2024-06-01: 49, 2024-07-01: 50, 2024-08-01: 49, 2024-09-01: 51, 2024-10-01: 56, 2024-11-01: 57, 2024-12-01: 52, 2025-01-01: 60, 2025-02-01: 58, 2025-03-01: 53, 2025-04-01: 48, 2025-05-01: 59, 2025-06-01: 57, 2025-07-01: 64, 2025-08-01: 97, 2025-09-01: 100, 2025-10-01: 93, 2025-11-01: 88, 2025-12-01: 88, 2026-01-01: 72, 2026-02-01: 77, 2026-03-01: 88, 2026-04-05: 55, 2026-04-12: 54"
"Shipwell","Software company that offers a comprehensive platform to enhance supply chain efficiency and service effectiveness. The platform includes features such as transportation management, real-time visibility, procurement, integrated planning, streamlined freight audit and payment, and robust analytics, differentiating itself by providing an all-in-one solution for shippers. Shipwell primarily targets businesses and shippers looking to optimize and manage their entire shipping process seamlessly.","business, technology, software, supply-chain, productivity, automation","true","147%","2400","Exploding","exponential","Non-seasonal","Average","Positive","growing","Past 5 years","https://signails.com/topics/shipwell","{""facebook"":270,""linkedin"":504,""twitter"":14,""pinterest"":20,""reddit"":17,""tiktok"":16,""youtube"":44}","2021-04-01: 36, 2021-05-01: 32, 2021-06-01: 40, 2021-07-01: 29, 2021-08-01: 26, 2021-09-01: 39, 2021-10-01: 56, 2021-11-01: 33, 2021-12-01: 50, 2022-01-01: 61, 2022-02-01: 34, 2022-03-01: 41, 2022-04-01: 54, 2022-05-01: 49, 2022-06-01: 51, 2022-07-01: 47, 2022-08-01: 44, 2022-09-01: 51, 2022-10-01: 43, 2022-11-01: 40, 2022-12-01: 32, 2023-01-01: 44, 2023-02-01: 49, 2023-03-01: 47, 2023-04-01: 45, 2023-05-01: 39, 2023-06-01: 49, 2023-07-01: 45, 2023-08-01: 46, 2023-09-01: 40, 2023-10-01: 39, 2023-11-01: 39, 2023-12-01: 27, 2024-01-01: 38, 2024-02-01: 51, 2024-03-01: 37, 2024-04-01: 38, 2024-05-01: 39, 2024-06-01: 42, 2024-07-01: 36, 2024-08-01: 39, 2024-09-01: 50, 2024-10-01: 54, 2024-11-01: 34, 2024-12-01: 43, 2025-01-01: 46, 2025-02-01: 51, 2025-03-01: 54, 2025-04-01: 39, 2025-05-01: 43, 2025-06-01: 66, 2025-07-01: 42, 2025-08-01: 66, 2025-09-01: 70, 2025-10-01: 49, 2025-11-01: 61, 2025-12-01: 53, 2026-01-01: 71, 2026-02-01: 97, 2026-03-01: 100, 2026-04-01: 79, 2026-04-05: 67, 2026-04-12: 73"
"Workflow automation","The use of technology to automate complex business processes and functions beyond simple data manipulation and record-keeping activities. Workflow automation typically involves the integration of various systems and software to streamline tasks, reduce manual effort, and improve efficiency, applicable in domains such as marketing, HR, finance, and customer service. It is particularly beneficial for businesses looking to enhance operational efficiency and reduce the time spent on repetitive tasks.","business, technology, software, productivity, automation, supply-chain","false","1750%","9900","Exploding","exponential","Non-seasonal","Low","Positive","growing","Past 5 years","https://signails.com/topics/workflow-automation","{""facebook"":4530,""linkedin"":18100,""twitter"":237,""pinterest"":1500,""reddit"":984,""tiktok"":258,""youtube"":4240}","2021-04-01: 2, 2021-05-01: 2, 2021-06-01: 2, 2021-07-01: 2, 2021-08-01: 2, 2021-09-01: 2, 2021-10-01: 2, 2021-11-01: 2, 2021-12-01: 2, 2022-01-01: 2, 2022-02-01: 2, 2022-03-01: 2, 2022-04-01: 2, 2022-05-01: 2, 2022-06-01: 2, 2022-07-01: 2, 2022-08-01: 2, 2022-09-01: 2, 2022-10-01: 2, 2022-11-01: 2, 2022-12-01: 2, 2023-01-01: 2, 2023-02-01: 2, 2023-03-01: 2, 2023-04-01: 2, 2023-05-01: 2, 2023-06-01: 2, 2023-07-01: 3, 2023-08-01: 3, 2023-09-01: 2, 2023-10-01: 3, 2023-11-01: 2, 2023-12-01: 3, 2024-01-01: 3, 2024-02-01: 3, 2024-03-01: 3, 2024-04-01: 3, 2024-05-01: 3, 2024-06-01: 3, 2024-07-01: 3, 2024-08-01: 3, 2024-09-01: 3, 2024-10-01: 3, 2024-11-01: 3, 2024-12-01: 3, 2025-01-01: 4, 2025-02-01: 5, 2025-03-01: 5, 2025-04-01: 6, 2025-05-01: 7, 2025-06-01: 16, 2025-07-01: 19, 2025-08-01: 29, 2025-09-01: 29, 2025-10-01: 29, 2025-11-01: 33, 2025-12-01: 33, 2026-01-01: 39, 2026-02-01: 100, 2026-03-01: 58, 2026-04-01: 37, 2026-03-29: 36, 2026-04-05: 34, 2026-04-12: 35"
"ShipHero","Company that develops ecommerce shipping software and offers a fulfillment service and a warehouse management system. ShipHero provides features such as inventory management, order management, mobile-pick and pack, returns management, and reporting, differentiating itself with comprehensive solutions for ecommerce logistics. The primary target demographic includes ecommerce businesses seeking efficient and integrated shipping and warehouse management solutions.","business, technology, industry, supply-chain, productivity, automation","true","374%","9900","Exploding","exponential","Non-seasonal","Low","Neutral","stationary","Past 5 years","https://signails.com/topics/shiphero","{""facebook"":352,""linkedin"":991,""twitter"":69,""pinterest"":21,""reddit"":169,""tiktok"":46,""youtube"":364}","2021-04-01: 19, 2021-05-01: 23, 2021-06-01: 32, 2021-07-01: 26, 2021-08-01: 27, 2021-09-01: 24, 2021-10-01: 24, 2021-11-01: 25, 2021-12-01: 28, 2022-01-01: 29, 2022-02-01: 27, 2022-03-01: 31, 2022-04-01: 40, 2022-05-01: 42, 2022-06-01: 37, 2022-07-01: 39, 2022-08-01: 38, 2022-09-01: 38, 2022-10-01: 43, 2022-11-01: 47, 2022-12-01: 46, 2023-01-01: 48, 2023-02-01: 42, 2023-03-01: 43, 2023-04-01: 39, 2023-05-01: 37, 2023-06-01: 33, 2023-07-01: 37, 2023-08-01: 43, 2023-09-01: 40, 2023-10-01: 39, 2023-11-01: 41, 2023-12-01: 39, 2024-01-01: 39, 2024-02-01: 45, 2024-03-01: 45, 2024-04-01: 40, 2024-05-01: 37, 2024-06-01: 37, 2024-07-01: 48, 2024-08-01: 49, 2024-09-01: 49, 2024-10-01: 46, 2024-11-01: 48, 2024-12-01: 52, 2025-01-01: 56, 2025-02-01: 60, 2025-03-01: 55, 2025-04-01: 60, 2025-05-01: 51, 2025-06-01: 66, 2025-07-01: 78, 2025-08-01: 100, 2025-09-01: 98, 2025-10-01: 98, 2025-11-01: 92, 2025-12-01: 72, 2026-01-01: 74, 2026-02-01: 90, 2026-03-01: 90, 2026-04-05: 44, 2026-04-12: 41"
"Levity ai","Software company based in Berlin, Germany, offering a no-code AI workflow automation platform. This platform enables non-technical users to create AI-powered workflow automations without the need for coding, thereby streamlining tasks such as sales, orders, and tracking to maximize efficiency. Levity AI primarily targets businesses looking to enhance operational efficiency through automated processes.","business, technology, software, ai, automation, supply-chain","true","2200%","480","Exploding","exponential","Non-seasonal","Average","Positive","declining","Past 5 years","https://signails.com/topics/levity-ai","{""facebook"":17,""linkedin"":47,""twitter"":0,""pinterest"":0,""reddit"":1,""tiktok"":15,""youtube"":54}","2021-04-01: 0, 2021-05-01: 0, 2021-06-01: 0, 2021-07-01: 0, 2021-08-01: 0, 2021-09-01: 0, 2021-10-01: 0, 2021-11-01: 0, 2021-12-01: 0, 2022-01-01: 0, 2022-02-01: 0, 2022-03-01: 0, 2022-04-01: 0, 2022-05-01: 0, 2022-06-01: 0, 2022-07-01: 0, 2022-08-01: 0, 2022-09-01: 0, 2022-10-01: 0, 2022-11-01: 0, 2022-12-01: 0, 2023-01-01: 0, 2023-02-01: 18, 2023-03-01: 14, 2023-04-01: 18, 2023-05-01: 16, 2023-06-01: 22, 2023-07-01: 23, 2023-08-01: 0, 2023-09-01: 30, 2023-10-01: 16, 2023-11-01: 19, 2023-12-01: 0, 2024-01-01: 24, 2024-02-01: 24, 2024-03-01: 27, 2024-04-01: 40, 2024-05-01: 16, 2024-06-01: 17, 2024-07-01: 0, 2024-08-01: 0, 2024-09-01: 23, 2024-10-01: 0, 2024-11-01: 20, 2024-12-01: 19, 2025-01-01: 0, 2025-02-01: 29, 2025-03-01: 0, 2025-04-01: 18, 2025-05-01: 23, 2025-06-01: 54, 2025-07-01: 42, 2025-08-01: 93, 2025-09-01: 92, 2025-10-01: 100, 2025-11-01: 90, 2025-12-01: 59, 2026-01-01: 58, 2026-02-01: 60, 2026-03-01: 50, 2026-04-01: 23, 2026-04-05: 2, 2026-04-12: 13"
"Geek Plus","Global leader in mobile robotics technologies, providing innovative solutions for order fulfillment. Geek Plus delivers flexible, reliable, and efficient automation for warehouses and supply chains, distinguishing itself with a wide adoption by over 1,000 industry leaders. The primary beneficiaries of Geek Plus's solutions are businesses in the logistics, e-commerce, and manufacturing sectors seeking to enhance operational efficiency and productivity.","business, technology, industry, supply-chain, robotics, automation","true","152%","4400","Exploding","constant","Seasonal","Low","Positive","growing","Past 5 years","https://signails.com/topics/geek-plus","{""facebook"":549,""linkedin"":55,""twitter"":22,""pinterest"":31,""reddit"":25,""tiktok"":23,""youtube"":426}","2021-04-01: 23, 2021-05-01: 22, 2021-06-01: 22, 2021-07-01: 25, 2021-08-01: 23, 2021-09-01: 22, 2021-10-01: 20, 2021-11-01: 23, 2021-12-01: 22, 2022-01-01: 32, 2022-02-01: 26, 2022-03-01: 25, 2022-04-01: 27, 2022-05-01: 27, 2022-06-01: 26, 2022-07-01: 27, 2022-08-01: 24, 2022-09-01: 27, 2022-10-01: 24, 2022-11-01: 27, 2022-12-01: 24, 2023-01-01: 22, 2023-02-01: 24, 2023-03-01: 23, 2023-04-01: 23, 2023-05-01: 24, 2023-06-01: 22, 2023-07-01: 22, 2023-08-01: 21, 2023-09-01: 21, 2023-10-01: 24, 2023-11-01: 26, 2023-12-01: 29, 2024-01-01: 29, 2024-02-01: 33, 2024-03-01: 31, 2024-04-01: 29, 2024-05-01: 31, 2024-06-01: 41, 2024-07-01: 37, 2024-08-01: 38, 2024-09-01: 36, 2024-10-01: 35, 2024-11-01: 37, 2024-12-01: 36, 2025-01-01: 38, 2025-02-01: 36, 2025-03-01: 41, 2025-04-01: 36, 2025-05-01: 37, 2025-06-01: 35, 2025-07-01: 40, 2025-08-01: 54, 2025-09-01: 51, 2025-10-01: 56, 2025-11-01: 55, 2025-12-01: 44, 2026-01-01: 44, 2026-02-01: 60, 2026-03-01: 58, 2026-04-05: 109, 2026-04-12: 112"
"Acelab","A software company based in Brooklyn, New York, that modernizes the product sourcing and specification process for design professionals through an intuitive, data-driven platform. The platform allows users to compare, specify, and learn about thousands of products efficiently, aiming to reduce the time spent on manual documentation, and is trusted by over 12,000 firms. Acelab primarily targets design professionals seeking to streamline their workflow and focus more on their core creative activities.","business, technology, software, productivity, supply-chain, automation","true","67%","130","Exploding","exponential","Non-seasonal","Average","Positive","stationary","Past 5 years","https://signails.com/topics/acelab","{""facebook"":436,""linkedin"":564,""twitter"":14,""pinterest"":54,""reddit"":66,""tiktok"":39,""youtube"":324}","2021-04-01: 34, 2021-05-01: 46, 2021-06-01: 28, 2021-07-01: 39, 2021-08-01: 41, 2021-09-01: 37, 2021-10-01: 46, 2021-11-01: 37, 2021-12-01: 47, 2022-01-01: 47, 2022-02-01: 50, 2022-03-01: 44, 2022-04-01: 59, 2022-05-01: 63, 2022-06-01: 43, 2022-07-01: 40, 2022-08-01: 56, 2022-09-01: 64, 2022-10-01: 33, 2022-11-01: 50, 2022-12-01: 52, 2023-01-01: 68, 2023-02-01: 65, 2023-03-01: 56, 2023-04-01: 62, 2023-05-01: 52, 2023-06-01: 61, 2023-07-01: 70, 2023-08-01: 47, 2023-09-01: 54, 2023-10-01: 61, 2023-11-01: 72, 2023-12-01: 50, 2024-01-01: 50, 2024-02-01: 50, 2024-03-01: 67, 2024-04-01: 64, 2024-05-01: 90, 2024-06-01: 63, 2024-07-01: 71, 2024-08-01: 78, 2024-09-01: 64, 2024-10-01: 68, 2024-11-01: 68, 2024-12-01: 65, 2025-01-01: 85, 2025-02-01: 76, 2025-03-01: 88, 2025-04-01: 67, 2025-05-01: 73, 2025-06-01: 73, 2025-07-01: 100, 2025-08-01: 75, 2025-09-01: 80, 2025-10-01: 95, 2025-11-01: 100, 2025-12-01: 66, 2026-01-01: 80, 2026-02-01: 100, 2026-03-01: 95, 2026-04-01: 77, 2026-04-05: 41, 2026-04-12: 47"
"IIoT","The Industrial Internet of Things (IIoT) involves the integration of smart sensors, connectivity, data analytics, edge computing, cloud computing, and security measures to enhance industrial processes and operations. It aims to improve efficiency, reduce costs, and increase safety and reliability in industrial settings by enabling real-time monitoring and data-driven decision-making. IIoT primarily benefits industries such as manufacturing, energy, and transportation, where operational efficiency and safety are critical.","business, technology, industry, productivity, supply-chain, ai, automation, manufacturing","false","31%","12100","Exploding","exponential","Seasonal","Low","Positive","declining","Past 5 years","https://signails.com/topics/iiot","{""facebook"":9400,""linkedin"":58100,""twitter"":2910,""pinterest"":1140,""reddit"":1130,""tiktok"":208,""youtube"":6250}","2021-04-01: 48, 2021-05-01: 49, 2021-06-01: 47, 2021-07-01: 45, 2021-08-01: 43, 2021-09-01: 47, 2021-10-01: 49, 2021-11-01: 47, 2021-12-01: 46, 2022-01-01: 49, 2022-02-01: 49, 2022-03-01: 51, 2022-04-01: 47, 2022-05-01: 50, 2022-06-01: 47, 2022-07-01: 44, 2022-08-01: 44, 2022-09-01: 48, 2022-10-01: 47, 2022-11-01: 54, 2022-12-01: 45, 2023-01-01: 48, 2023-02-01: 44, 2023-03-01: 43, 2023-04-01: 40, 2023-05-01: 43, 2023-06-01: 47, 2023-07-01: 43, 2023-08-01: 49, 2023-09-01: 47, 2023-10-01: 48, 2023-11-01: 47, 2023-12-01: 41, 2024-01-01: 44, 2024-02-01: 49, 2024-03-01: 47, 2024-04-01: 45, 2024-05-01: 47, 2024-06-01: 44, 2024-07-01: 47, 2024-08-01: 41, 2024-09-01: 41, 2024-10-01: 44, 2024-11-01: 43, 2024-12-01: 38, 2025-01-01: 41, 2025-02-01: 44, 2025-03-01: 44, 2025-04-01: 49, 2025-05-01: 48, 2025-06-01: 54, 2025-07-01: 52, 2025-08-01: 70, 2025-09-01: 76, 2025-10-01: 71, 2025-11-01: 73, 2025-12-01: 68, 2026-01-01: 73, 2026-02-01: 100, 2026-03-01: 90, 2026-04-01: 64, 2026-04-05: 75, 2026-04-12: 76"
"Machine eye","Intelligent safety system developed by Machine Eye Technology Limited for agricultural and industrial machinery. This system enhances operational safety by acting as a safety net, utilizing advanced technology to prevent accidents and improve overall safety standards in these environments. The primary beneficiaries of this technology are operators and workers in agricultural and industrial sectors who require enhanced safety measures.","business, technology, industry, manufacturing, automation, supply-chain","true","514%","170","Exploding","exponential","Non-seasonal","Average","Positive","declining","Past 5 years","https://signails.com/topics/machine-eye","{""facebook"":461,""linkedin"":33,""twitter"":14,""pinterest"":198,""reddit"":16,""tiktok"":29,""youtube"":286}","2021-04-01: 15, 2021-05-01: 14, 2021-06-01: 15, 2021-07-01: 16, 2021-08-01: 15, 2021-09-01: 16, 2021-10-01: 16, 2021-11-01: 19, 2021-12-01: 16, 2022-01-01: 19, 2022-02-01: 19, 2022-03-01: 19, 2022-04-01: 17, 2022-05-01: 18, 2022-06-01: 17, 2022-07-01: 17, 2022-08-01: 17, 2022-09-01: 17, 2022-10-01: 18, 2022-11-01: 18, 2022-12-01: 17, 2023-01-01: 19, 2023-02-01: 19, 2023-03-01: 19, 2023-04-01: 18, 2023-05-01: 18, 2023-06-01: 17, 2023-07-01: 17, 2023-08-01: 19, 2023-09-01: 18, 2023-10-01: 19, 2023-11-01: 18, 2023-12-01: 19, 2024-01-01: 19, 2024-02-01: 20, 2024-03-01: 18, 2024-04-01: 18, 2024-05-01: 18, 2024-06-01: 17, 2024-07-01: 18, 2024-08-01: 18, 2024-09-01: 18, 2024-10-01: 19, 2024-11-01: 20, 2024-12-01: 20, 2025-01-01: 20, 2025-02-01: 21, 2025-03-01: 21, 2025-04-01: 21, 2025-05-01: 23, 2025-06-01: 24, 2025-07-01: 28, 2025-08-01: 62, 2025-09-01: 63, 2025-10-01: 61, 2025-11-01: 68, 2025-12-01: 65, 2026-01-01: 62, 2026-02-01: 100, 2026-03-01: 100, 2026-04-01: 86, 2026-04-05: 78, 2026-04-12: 78"
"evs","Vehicles powered by an electric motor that draws electricity from a battery, which can be charged from an external source. Electric vehicles (EVs) offer a cleaner alternative to traditional internal combustion engine vehicles by reducing emissions and reliance on fossil fuels, often featuring advanced technology and lower operating costs. EVs are primarily targeted at environmentally conscious consumers and those looking to reduce their carbon footprint while benefiting from modern automotive innovations.","business, technology, industry, manufacturing, automation, supply-chain","true","100%","1000000","Exploding","exponential","Seasonal","Low","Positive","growing","Past 5 years","https://signails.com/topics/evs","{""facebook"":244000,""linkedin"":95600,""twitter"":8050,""pinterest"":27900,""reddit"":40300,""tiktok"":12400,""youtube"":343000}","2021-04-01: 50, 2021-05-01: 43, 2021-06-01: 49, 2021-07-01: 62, 2021-08-01: 63, 2021-09-01: 65, 2021-10-01: 63, 2021-11-01: 60, 2021-12-01: 71, 2022-01-01: 78, 2022-02-01: 83, 2022-03-01: 86, 2022-04-01: 72, 2022-05-01: 66, 2022-06-01: 74, 2022-07-01: 84, 2022-08-01: 80, 2022-09-01: 86, 2022-10-01: 69, 2022-11-01: 89, 2022-12-01: 91, 2023-01-01: 86, 2023-02-01: 88, 2023-03-01: 79, 2023-04-01: 66, 2023-05-01: 58, 2023-06-01: 67, 2023-07-01: 78, 2023-08-01: 76, 2023-09-01: 81, 2023-10-01: 72, 2023-11-01: 67, 2023-12-01: 76, 2024-01-01: 77, 2024-02-01: 76, 2024-03-01: 69, 2024-04-01: 61, 2024-05-01: 56, 2024-06-01: 62, 2024-07-01: 71, 2024-08-01: 70, 2024-09-01: 73, 2024-10-01: 63, 2024-11-01: 68, 2024-12-01: 64, 2025-01-01: 70, 2025-02-01: 72, 2025-03-01: 69, 2025-04-01: 62, 2025-05-01: 56, 2025-06-01: 64, 2025-07-01: 77, 2025-08-01: 91, 2025-09-01: 98, 2025-10-01: 84, 2025-11-01: 89, 2025-12-01: 87, 2026-01-01: 91, 2026-02-01: 95, 2026-03-01: 100, 2026-04-05: 73, 2026-04-12: 73"
"UpKeep","Asset operations management platform that offers a suite of solutions for CMMS, EAM, and IIoT. UpKeep differentiates itself by providing features such as work order management, preventive maintenance, asset management, inventory management, mobile access, reporting and analytics, and IIoT integration, aiming to streamline maintenance operations and improve asset performance. The platform is primarily targeted at maintenance teams, facility managers, and operations professionals seeking to enhance efficiency and reliability in their maintenance processes.","business, technology, industry, productivity, supply-chain, automation","true","178%","27100","Exploding","exponential","Seasonal","Average","Positive","growing","Past 5 years","https://signails.com/topics/upkeep","{""facebook"":72400,""linkedin"":2990,""twitter"":921,""pinterest"":14500,""reddit"":7120,""tiktok"":2430,""youtube"":6300}","2021-04-01: 37, 2021-05-01: 36, 2021-06-01: 39, 2021-07-01: 38, 2021-08-01: 34, 2021-09-01: 36, 2021-10-01: 35, 2021-11-01: 34, 2021-12-01: 33, 2022-01-01: 39, 2022-02-01: 40, 2022-03-01: 40, 2022-04-01: 39, 2022-05-01: 39, 2022-06-01: 44, 2022-07-01: 41, 2022-08-01: 38, 2022-09-01: 41, 2022-10-01: 37, 2022-11-01: 36, 2022-12-01: 34, 2023-01-01: 39, 2023-02-01: 43, 2023-03-01: 40, 2023-04-01: 39, 2023-05-01: 41, 2023-06-01: 36, 2023-07-01: 40, 2023-08-01: 39, 2023-09-01: 41, 2023-10-01: 40, 2023-11-01: 41, 2023-12-01: 38, 2024-01-01: 45, 2024-02-01: 46, 2024-03-01: 50, 2024-04-01: 51, 2024-05-01: 50, 2024-06-01: 50, 2024-07-01: 48, 2024-08-01: 47, 2024-09-01: 48, 2024-10-01: 42, 2024-11-01: 46, 2024-12-01: 47, 2025-01-01: 49, 2025-02-01: 54, 2025-03-01: 51, 2025-04-01: 54, 2025-05-01: 55, 2025-06-01: 53, 2025-07-01: 61, 2025-08-01: 86, 2025-09-01: 77, 2025-10-01: 67, 2025-11-01: 66, 2025-12-01: 74, 2026-01-01: 92, 2026-02-01: 97, 2026-03-01: 94, 2026-04-01: 100, 2026-03-29: 90, 2026-04-05: 87, 2026-04-12: 93"
"Impulse space","Commercial space company based in California, specializing in in-space transportation services. Impulse Space differentiates itself with its flagship product, Helios, which is designed to facilitate efficient and reliable transportation in space. The company's services are primarily targeted at satellite operators and other space industry stakeholders seeking advanced transportation solutions.","technology, science, startup, business, supply-chain, manufacturing, automation","true","259%","9900","Exploding","exponential","Seasonal","Low","Positive","declining","Past 5 years","https://signails.com/topics/impulse-space","{""facebook"":146,""linkedin"":991,""twitter"":20,""pinterest"":19,""reddit"":196,""tiktok"":19,""youtube"":105}","2021-04-01: 22, 2021-05-01: 16, 2021-06-01: 15, 2021-07-01: 13, 2021-08-01: 13, 2021-09-01: 17, 2021-10-01: 19, 2021-11-01: 14, 2021-12-01: 13, 2022-01-01: 26, 2022-02-01: 33, 2022-03-01: 35, 2022-04-01: 32, 2022-05-01: 25, 2022-06-01: 22, 2022-07-01: 25, 2022-08-01: 19, 2022-09-01: 23, 2022-10-01: 26, 2022-11-01: 30, 2022-12-01: 21, 2023-01-01: 29, 2023-02-01: 27, 2023-03-01: 32, 2023-04-01: 28, 2023-05-01: 26, 2023-06-01: 24, 2023-07-01: 19, 2023-08-01: 19, 2023-09-01: 28, 2023-10-01: 30, 2023-11-01: 35, 2023-12-01: 27, 2024-01-01: 33, 2024-02-01: 40, 2024-03-01: 33, 2024-04-01: 33, 2024-05-01: 31, 2024-06-01: 25, 2024-07-01: 22, 2024-08-01: 27, 2024-09-01: 35, 2024-10-01: 52, 2024-11-01: 40, 2024-12-01: 34, 2025-01-01: 36, 2025-02-01: 45, 2025-03-01: 36, 2025-04-01: 36, 2025-05-01: 32, 2025-06-01: 39, 2025-07-01: 34, 2025-08-01: 61, 2025-09-01: 69, 2025-10-01: 68, 2025-11-01: 67, 2025-12-01: 64, 2026-01-01: 67, 2026-02-01: 100, 2026-03-01: 79, 2026-04-05: 61, 2026-04-12: 61"
"BrightDrop","BrightDrop is a subsidiary of General Motors, established in 2021, that focuses on providing connected products for first- and last-mile delivery. It offers a range of solutions including light commercial electric vehicles, ePallets, and cloud-based software to enhance delivery efficiency and sustainability. BrightDrop primarily targets logistics companies and businesses involved in delivery services seeking to improve operational efficiency and reduce environmental impact.","business, technology, industry, automotive, supply-chain, manufacturing","true","1200%","6600","Exploding","exponential","Non-seasonal","Average","Negative","growing","Past 5 years","https://signails.com/topics/brightdrop","{""facebook"":2210,""linkedin"":686,""twitter"":59,""pinterest"":184,""reddit"":1360,""tiktok"":230,""youtube"":1210}","2021-04-01: 6, 2021-05-01: 3, 2021-06-01: 5, 2021-07-01: 6, 2021-08-01: 6, 2021-09-01: 6, 2021-10-01: 7, 2021-11-01: 8, 2021-12-01: 13, 2022-01-01: 19, 2022-02-01: 12, 2022-03-01: 13, 2022-04-01: 16, 2022-05-01: 12, 2022-06-01: 15, 2022-07-01: 12, 2022-08-01: 10, 2022-09-01: 13, 2022-10-01: 10, 2022-11-01: 13, 2022-12-01: 21, 2023-01-01: 13, 2023-02-01: 15, 2023-03-01: 14, 2023-04-01: 14, 2023-05-01: 11, 2023-06-01: 14, 2023-07-01: 10, 2023-08-01: 14, 2023-09-01: 14, 2023-10-01: 11, 2023-11-01: 12, 2023-12-01: 11, 2024-01-01: 12, 2024-02-01: 13, 2024-03-01: 12, 2024-04-01: 11, 2024-05-01: 11, 2024-06-01: 11, 2024-07-01: 11, 2024-08-01: 15, 2024-09-01: 18, 2024-10-01: 15, 2024-11-01: 18, 2024-12-01: 20, 2025-01-01: 28, 2025-02-01: 37, 2025-03-01: 52, 2025-04-01: 77, 2025-05-01: 39, 2025-06-01: 41, 2025-07-01: 45, 2025-08-01: 57, 2025-09-01: 65, 2025-10-01: 100, 2025-11-01: 57, 2025-12-01: 56, 2026-01-01: 42, 2026-02-01: 53, 2026-03-01: 43, 2026-04-01: 39, 2026-04-05: 38, 2026-04-12: 38"
"Cobli","Software company based in São Paulo, Brazil, specializing in fleet management solutions. Cobli offers a platform called FleetTech, which aims to optimize fleet operations by reducing costs, enhancing productivity, improving driver safety and behavior, and providing better operational control through videotelemetry solutions with AI. The primary target demographic includes businesses with fleet operations seeking to maximize efficiency and safety.","business, technology, industry, software, productivity, supply-chain, automotive","true","417%","12100","Exploding","exponential","Non-seasonal","Low","Positive","declining","Past 5 years","https://signails.com/topics/cobli","{""facebook"":753,""linkedin"":829,""twitter"":1,""pinterest"":20,""reddit"":0,""tiktok"":98,""youtube"":238}","2021-04-01: 12, 2021-05-01: 10, 2021-06-01: 12, 2021-07-01: 14, 2021-08-01: 13, 2021-09-01: 13, 2021-10-01: 13, 2021-11-01: 12, 2021-12-01: 11, 2022-01-01: 17, 2022-02-01: 15, 2022-03-01: 20, 2022-04-01: 20, 2022-05-01: 22, 2022-06-01: 21, 2022-07-01: 19, 2022-08-01: 22, 2022-09-01: 21, 2022-10-01: 18, 2022-11-01: 17, 2022-12-01: 18, 2023-01-01: 20, 2023-02-01: 21, 2023-03-01: 23, 2023-04-01: 18, 2023-05-01: 24, 2023-06-01: 24, 2023-07-01: 23, 2023-08-01: 25, 2023-09-01: 19, 2023-10-01: 18, 2023-11-01: 16, 2023-12-01: 15, 2024-01-01: 19, 2024-02-01: 19, 2024-03-01: 21, 2024-04-01: 22, 2024-05-01: 22, 2024-06-01: 19, 2024-07-01: 22, 2024-08-01: 20, 2024-09-01: 18, 2024-10-01: 18, 2024-11-01: 18, 2024-12-01: 16, 2025-01-01: 18, 2025-02-01: 19, 2025-03-01: 19, 2025-04-01: 18, 2025-05-01: 22, 2025-06-01: 19, 2025-07-01: 20, 2025-08-01: 21, 2025-09-01: 23, 2025-10-01: 26, 2025-11-01: 24, 2025-12-01: 17, 2026-01-01: 44, 2026-02-01: 100, 2026-03-01: 62, 2026-04-05: 42, 2026-04-12: 43"
"Etrike","Electric tricycles designed for personal and cargo transportation, offering a stable and eco-friendly alternative to traditional vehicles. These tricycles come in various models with features such as powerful motors, dual battery systems, and all-weather designs, providing versatility and reliability. Etrikes are particularly suitable for adults seeking an environmentally friendly and stable mode of transportation.","business, technology, industry, automotive, supply-chain, manufacturing","false","809%","27100","Exploding","constant","Seasonal","Average","Positive","declining","Past 5 years","https://signails.com/topics/etrike","{""facebook"":32200,""linkedin"":153,""twitter"":24,""pinterest"":876,""reddit"":522,""tiktok"":431,""youtube"":2500}","2021-04-01: 10, 2021-05-01: 11, 2021-06-01: 13, 2021-07-01: 14, 2021-08-01: 14, 2021-09-01: 12, 2021-10-01: 13, 2021-11-01: 11, 2021-12-01: 9, 2022-01-01: 14, 2022-02-01: 14, 2022-03-01: 17, 2022-04-01: 18, 2022-05-01: 18, 2022-06-01: 21, 2022-07-01: 25, 2022-08-01: 26, 2022-09-01: 22, 2022-10-01: 21, 2022-11-01: 21, 2022-12-01: 19, 2023-01-01: 24, 2023-02-01: 29, 2023-03-01: 25, 2023-04-01: 28, 2023-05-01: 37, 2023-06-01: 31, 2023-07-01: 34, 2023-08-01: 29, 2023-09-01: 29, 2023-10-01: 26, 2023-11-01: 26, 2023-12-01: 25, 2024-01-01: 30, 2024-02-01: 36, 2024-03-01: 37, 2024-04-01: 37, 2024-05-01: 37, 2024-06-01: 35, 2024-07-01: 42, 2024-08-01: 43, 2024-09-01: 38, 2024-10-01: 33, 2024-11-01: 32, 2024-12-01: 30, 2025-01-01: 35, 2025-02-01: 32, 2025-03-01: 40, 2025-04-01: 41, 2025-05-01: 51, 2025-06-01: 56, 2025-07-01: 54, 2025-08-01: 53, 2025-09-01: 55, 2025-10-01: 44, 2025-11-01: 52, 2025-12-01: 41, 2026-01-01: 47, 2026-02-01: 48, 2026-03-01: 74, 2026-04-01: 100, 2026-03-29: 91, 2026-04-05: 92, 2026-04-12: 95"
"Tekmetric","Software company based in Houston, Texas, providing management software specifically designed for auto repair shops. The software allows businesses to perform digital vehicle inspections, build repair orders, manage inventory, track jobs, and communicate with customers, helping auto repair shops gain a competitive advantage and improve profitability. Tekmetric primarily targets auto repair shop owners and managers seeking to streamline their operations and enhance customer service.","automotive, software, technology, supply-chain","true","300%","33100","Exploding","exponential","Seasonal","Average","Positive","growing","Past 5 years","https://signails.com/topics/tekmetric","{""facebook"":558,""linkedin"":668,""twitter"":14,""pinterest"":22,""reddit"":101,""tiktok"":46,""youtube"":208}","2021-04-01: 13, 2021-05-01: 17, 2021-06-01: 20, 2021-07-01: 19, 2021-08-01: 22, 2021-09-01: 22, 2021-10-01: 24, 2021-11-01: 21, 2021-12-01: 22, 2022-01-01: 17, 2022-02-01: 21, 2022-03-01: 19, 2022-04-01: 22, 2022-05-01: 22, 2022-06-01: 26, 2022-07-01: 23, 2022-08-01: 25, 2022-09-01: 25, 2022-10-01: 26, 2022-11-01: 26, 2022-12-01: 27, 2023-01-01: 33, 2023-02-01: 33, 2023-03-01: 33, 2023-04-01: 33, 2023-05-01: 34, 2023-06-01: 40, 2023-07-01: 33, 2023-08-01: 38, 2023-09-01: 36, 2023-10-01: 36, 2023-11-01: 34, 2023-12-01: 36, 2024-01-01: 39, 2024-02-01: 38, 2024-03-01: 38, 2024-04-01: 37, 2024-05-01: 37, 2024-06-01: 42, 2024-07-01: 37, 2024-08-01: 42, 2024-09-01: 43, 2024-10-01: 34, 2024-11-01: 37, 2024-12-01: 41, 2025-01-01: 41, 2025-02-01: 49, 2025-03-01: 50, 2025-04-01: 47, 2025-05-01: 54, 2025-06-01: 54, 2025-07-01: 57, 2025-08-01: 65, 2025-09-01: 100, 2025-10-01: 88, 2025-11-01: 72, 2025-12-01: 73, 2026-01-01: 75, 2026-02-01: 98, 2026-03-01: 92, 2026-04-01: 68, 2026-04-05: 65, 2026-04-12: 65"
"Zypp","Tech-enabled EV-as-a-service platform in India, founded in 2017, aiming to achieve zero emissions through an ecosystem of electric vehicles and EV-based technology. Zypp Electric differentiates itself by focusing on carbon-free last-mile delivery for local merchants, e-commerce giants, and delivery executives, using fully automated IoT and AI-enabled scooters that are low on maintenance and high on performance. The platform primarily benefits businesses involved in grocery, medicine, food, and e-commerce deliveries, seeking to reduce delivery costs and pollution.","business, technology, industry, supply-chain, ai, automotive","true","567%","12100","Exploding","exponential","Non-seasonal","Low","Positive","stationary","Past 5 years","https://signails.com/topics/zypp","{""facebook"":3750,""linkedin"":1810,""twitter"":104,""pinterest"":94,""reddit"":64,""tiktok"":194,""youtube"":1650}","2021-04-01: 9, 2021-05-01: 7, 2021-06-01: 12, 2021-07-01: 20, 2021-08-01: 34, 2021-09-01: 28, 2021-10-01: 16, 2021-11-01: 17, 2021-12-01: 24, 2022-01-01: 20, 2022-02-01: 28, 2022-03-01: 34, 2022-04-01: 50, 2022-05-01: 47, 2022-06-01: 40, 2022-07-01: 43, 2022-08-01: 42, 2022-09-01: 48, 2022-10-01: 33, 2022-11-01: 38, 2022-12-01: 47, 2023-01-01: 82, 2023-02-01: 96, 2023-03-01: 74, 2023-04-01: 82, 2023-05-01: 86, 2023-06-01: 86, 2023-07-01: 100, 2023-08-01: 95, 2023-09-01: 81, 2023-10-01: 65, 2023-11-01: 57, 2023-12-01: 69, 2024-01-01: 69, 2024-02-01: 81, 2024-03-01: 73, 2024-04-01: 62, 2024-05-01: 64, 2024-06-01: 64, 2024-07-01: 76, 2024-08-01: 68, 2024-09-01: 56, 2024-10-01: 53, 2024-11-01: 53, 2024-12-01: 62, 2025-01-01: 57, 2025-02-01: 50, 2025-03-01: 46, 2025-04-01: 43, 2025-05-01: 45, 2025-06-01: 57, 2025-07-01: 63, 2025-08-01: 63, 2025-09-01: 76, 2025-10-01: 49, 2025-11-01: 55, 2025-12-01: 63, 2026-01-01: 55, 2026-02-01: 53, 2026-03-01: 60, 2026-04-05: 87, 2026-04-12: 91"
"VinFast","A multinational automotive company based in Vietnam, founded by Vingroup in 2017. The company is recognized for being the first Vietnamese car brand to enter global markets and focuses on producing electric vehicles, including cars and scooters, with a significant increase in deliveries in 2023. VinFast primarily targets environmentally conscious consumers and markets looking for innovative electric vehicle solutions.","business, technology, industry, automotive, manufacturing, supply-chain","true","488%","550000","Exploding","exponential","Non-seasonal","Average","Positive","growing","Past 5 years","https://signails.com/topics/vinfast","{""facebook"":1110000,""linkedin"":14300,""twitter"":985,""pinterest"":5520,""reddit"":13300,""tiktok"":80600,""youtube"":103000}","2021-04-01: 18, 2021-05-01: 17, 2021-06-01: 14, 2021-07-01: 22, 2021-08-01: 12, 2021-09-01: 10, 2021-10-01: 15, 2021-11-01: 22, 2021-12-01: 22, 2022-01-01: 30, 2022-02-01: 23, 2022-03-01: 25, 2022-04-01: 25, 2022-05-01: 23, 2022-06-01: 32, 2022-07-01: 29, 2022-08-01: 21, 2022-09-01: 20, 2022-10-01: 20, 2022-11-01: 20, 2022-12-01: 22, 2023-01-01: 18, 2023-02-01: 19, 2023-03-01: 20, 2023-04-01: 23, 2023-05-01: 23, 2023-06-01: 23, 2023-07-01: 25, 2023-08-01: 56, 2023-09-01: 35, 2023-10-01: 32, 2023-11-01: 28, 2023-12-01: 28, 2024-01-01: 30, 2024-02-01: 28, 2024-03-01: 29, 2024-04-01: 30, 2024-05-01: 39, 2024-06-01: 32, 2024-07-01: 34, 2024-08-01: 37, 2024-09-01: 32, 2024-10-01: 33, 2024-11-01: 34, 2024-12-01: 39, 2025-01-01: 35, 2025-02-01: 34, 2025-03-01: 35, 2025-04-01: 32, 2025-05-01: 36, 2025-06-01: 41, 2025-07-01: 57, 2025-08-01: 57, 2025-09-01: 55, 2025-10-01: 44, 2025-11-01: 46, 2025-12-01: 50, 2026-01-01: 48, 2026-02-01: 46, 2026-03-01: 91, 2026-04-01: 100, 2026-04-05: 72, 2026-04-12: 72"
"Einride","Swedish transport company specializing in electric and self-driving vehicles. The company is known for its electric trucks that are remotely controlled by drivers and lack a traditional driver's cab, setting it apart from conventional trucking solutions. Einride primarily targets logistics companies and businesses seeking sustainable and innovative transportation solutions.","business, technology, industry, automotive, ai, supply-chain","true","158%","12100","Exploding","exponential","Seasonal","Average","Positive","stationary","Past 5 years","https://signails.com/topics/einride","{""facebook"":1680,""linkedin"":2830,""twitter"":121,""pinterest"":454,""reddit"":349,""tiktok"":87,""youtube"":257}","2021-04-01: 31, 2021-05-01: 38, 2021-06-01: 20, 2021-07-01: 22, 2021-08-01: 21, 2021-09-01: 26, 2021-10-01: 42, 2021-11-01: 61, 2021-12-01: 39, 2022-01-01: 42, 2022-02-01: 50, 2022-03-01: 50, 2022-04-01: 45, 2022-05-01: 62, 2022-06-01: 62, 2022-07-01: 46, 2022-08-01: 48, 2022-09-01: 55, 2022-10-01: 62, 2022-11-01: 64, 2022-12-01: 56, 2023-01-01: 53, 2023-02-01: 52, 2023-03-01: 43, 2023-04-01: 43, 2023-05-01: 45, 2023-06-01: 49, 2023-07-01: 33, 2023-08-01: 32, 2023-09-01: 36, 2023-10-01: 40, 2023-11-01: 32, 2023-12-01: 27, 2024-01-01: 36, 2024-02-01: 40, 2024-03-01: 44, 2024-04-01: 34, 2024-05-01: 45, 2024-06-01: 36, 2024-07-01: 30, 2024-08-01: 39, 2024-09-01: 39, 2024-10-01: 37, 2024-11-01: 39, 2024-12-01: 24, 2025-01-01: 32, 2025-02-01: 35, 2025-03-01: 39, 2025-04-01: 37, 2025-05-01: 44, 2025-06-01: 37, 2025-07-01: 28, 2025-08-01: 54, 2025-09-01: 67, 2025-10-01: 96, 2025-11-01: 100, 2025-12-01: 43, 2026-01-01: 50, 2026-02-01: 67, 2026-03-01: 80, 2026-04-05: 27, 2026-04-12: 29"
"Cargo ebike","A type of electric bike equipped with an electric motor and battery to provide additional power and assistance. This design facilitates the transportation of heavy loads or goods, making it a practical solution for urban logistics and personal use. Cargo e-bikes are particularly beneficial for delivery services, small businesses, and individuals seeking an eco-friendly alternative for transporting items over short distances.","business, technology, industry, retail, supply-chain, automotive","false","669%","27100","Exploding","constant","Seasonal","Low","Positive","declining","Past 5 years","https://signails.com/topics/cargo-ebike","{""facebook"":4050,""linkedin"":29,""twitter"":14,""pinterest"":403,""reddit"":714,""tiktok"":68,""youtube"":820}","2021-04-01: 12, 2021-05-01: 13, 2021-06-01: 11, 2021-07-01: 13, 2021-08-01: 12, 2021-09-01: 14, 2021-10-01: 11, 2021-11-01: 11, 2021-12-01: 10, 2022-01-01: 9, 2022-02-01: 14, 2022-03-01: 21, 2022-04-01: 21, 2022-05-01: 23, 2022-06-01: 26, 2022-07-01: 27, 2022-08-01: 25, 2022-09-01: 24, 2022-10-01: 18, 2022-11-01: 16, 2022-12-01: 13, 2023-01-01: 18, 2023-02-01: 18, 2023-03-01: 21, 2023-04-01: 27, 2023-05-01: 26, 2023-06-01: 29, 2023-07-01: 32, 2023-08-01: 33, 2023-09-01: 32, 2023-10-01: 26, 2023-11-01: 33, 2023-12-01: 19, 2024-01-01: 21, 2024-02-01: 26, 2024-03-01: 28, 2024-04-01: 30, 2024-05-01: 33, 2024-06-01: 39, 2024-07-01: 36, 2024-08-01: 40, 2024-09-01: 38, 2024-10-01: 26, 2024-11-01: 28, 2024-12-01: 25, 2025-01-01: 26, 2025-02-01: 26, 2025-03-01: 34, 2025-04-01: 45, 2025-05-01: 41, 2025-06-01: 39, 2025-07-01: 46, 2025-08-01: 57, 2025-09-01: 51, 2025-10-01: 44, 2025-11-01: 39, 2025-12-01: 29, 2026-01-01: 33, 2026-02-01: 44, 2026-03-01: 72, 2026-04-01: 100, 2026-03-29: 81, 2026-04-05: 82, 2026-04-12: 78"
"RoadRunner Recycling","RoadRunner Recycling, Inc. is a company that offers tech-enhanced, fully-managed waste and recycling services for businesses. The company differentiates itself by providing comprehensive services including collection, equipment, vendor management, and detailed reporting, aiming to optimize waste management processes through technology. RoadRunner Recycling primarily serves businesses looking for efficient and sustainable waste management solutions.","business, industry, automotive, manufacturing, supply-chain","true","-19%","2400","Falling","exponential","Non-seasonal","Low","Positive","declining","Past 5 years","https://signails.com/topics/roadrunner-recycling","{""facebook"":35,""linkedin"":256,""twitter"":1,""pinterest"":0,""reddit"":40,""tiktok"":14,""youtube"":14}","2021-04-01: 52, 2021-05-01: 62, 2021-06-01: 53, 2021-07-01: 70, 2021-08-01: 65, 2021-09-01: 87, 2021-10-01: 72, 2021-11-01: 67, 2021-12-01: 50, 2022-01-01: 85, 2022-02-01: 69, 2022-03-01: 82, 2022-04-01: 92, 2022-05-01: 71, 2022-06-01: 73, 2022-07-01: 74, 2022-08-01: 67, 2022-09-01: 73, 2022-10-01: 72, 2022-11-01: 85, 2022-12-01: 57, 2023-01-01: 81, 2023-02-01: 86, 2023-03-01: 72, 2023-04-01: 45, 2023-05-01: 69, 2023-06-01: 62, 2023-07-01: 55, 2023-08-01: 80, 2023-09-01: 39, 2023-10-01: 49, 2023-11-01: 47, 2023-12-01: 27, 2024-01-01: 54, 2024-02-01: 50, 2024-03-01: 41, 2024-04-01: 54, 2024-05-01: 56, 2024-06-01: 32, 2024-07-01: 46, 2024-08-01: 37, 2024-09-01: 34, 2024-10-01: 33, 2024-11-01: 29, 2024-12-01: 29, 2025-01-01: 39, 2025-02-01: 34, 2025-03-01: 24, 2025-04-01: 34, 2025-05-01: 65, 2025-06-01: 37, 2025-07-01: 55, 2025-08-01: 68, 2025-09-01: 54, 2025-10-01: 55, 2025-11-01: 43, 2025-12-01: 51, 2026-01-01: 66, 2026-02-01: 62, 2026-03-01: 48, 2026-04-01: 50, 2026-04-05: 67, 2026-04-12: 64"
"Turo","Peer-to-peer car sharing company that allows private car owners to rent out their vehicles via an online and mobile interface. The platform offers a wide variety of vehicles, from economy cars to luxury and specialty vehicles, and provides insurance options and customer support to facilitate the rental process. Turo primarily targets individuals looking for flexible and diverse car rental options, as well as car owners seeking to monetize their vehicles.","business, technology, industry, automotive, supply-chain","true","69%","1000000","Exploding","constant","Seasonal","Average","Neutral","stationary","Past 5 years","https://signails.com/topics/turo","{""facebook"":228000,""linkedin"":5590,""twitter"":2380,""pinterest"":7030,""reddit"":98000,""tiktok"":15400,""youtube"":33400}","2021-04-01: 39, 2021-05-01: 45, 2021-06-01: 54, 2021-07-01: 56, 2021-08-01: 45, 2021-09-01: 45, 2021-10-01: 49, 2021-11-01: 43, 2021-12-01: 48, 2022-01-01: 46, 2022-02-01: 55, 2022-03-01: 61, 2022-04-01: 65, 2022-05-01: 64, 2022-06-01: 67, 2022-07-01: 67, 2022-08-01: 61, 2022-09-01: 56, 2022-10-01: 52, 2022-11-01: 51, 2022-12-01: 54, 2023-01-01: 56, 2023-02-01: 60, 2023-03-01: 64, 2023-04-01: 62, 2023-05-01: 62, 2023-06-01: 67, 2023-07-01: 68, 2023-08-01: 61, 2023-09-01: 56, 2023-10-01: 52, 2023-11-01: 53, 2023-12-01: 51, 2024-01-01: 55, 2024-02-01: 59, 2024-03-01: 67, 2024-04-01: 63, 2024-05-01: 68, 2024-06-01: 73, 2024-07-01: 73, 2024-08-01: 66, 2024-09-01: 59, 2024-10-01: 60, 2024-11-01: 89, 2024-12-01: 83, 2025-01-01: 94, 2025-02-01: 94, 2025-03-01: 92, 2025-04-01: 100, 2025-05-01: 68, 2025-06-01: 85, 2025-07-01: 85, 2025-08-01: 94, 2025-09-01: 75, 2025-10-01: 71, 2025-11-01: 64, 2025-12-01: 67, 2026-01-01: 66, 2026-02-01: 69, 2026-03-01: 88, 2026-04-01: 76, 2026-04-05: 74, 2026-04-12: 73"
"XOS","Company that provides commercial fleet electrification solutions, including class 5-8 electric trucks, charging infrastructure, energy solutions, and intelligent fleet management software. XOS differentiates itself by offering a comprehensive suite of products and services designed to facilitate the rapid and easy adoption of electric fleets, aiming to reduce operational costs and environmental impact. The primary target demographic for XOS includes commercial fleet operators and logistics companies seeking sustainable and efficient transportation solutions.","business, technology, industry, automotive, energy, supply-chain","true","118%","40500","Exploding","exponential","Non-seasonal","Low","Positive","growing","Past 5 years","https://signails.com/topics/xos","{""facebook"":87600,""linkedin"":1590,""twitter"":1460,""pinterest"":1220,""reddit"":2670,""tiktok"":9330,""youtube"":10100}","2021-04-01: 33, 2021-05-01: 33, 2021-06-01: 32, 2021-07-01: 31, 2021-08-01: 36, 2021-09-01: 39, 2021-10-01: 43, 2021-11-01: 42, 2021-12-01: 45, 2022-01-01: 43, 2022-02-01: 44, 2022-03-01: 46, 2022-04-01: 42, 2022-05-01: 40, 2022-06-01: 42, 2022-07-01: 40, 2022-08-01: 40, 2022-09-01: 41, 2022-10-01: 43, 2022-11-01: 45, 2022-12-01: 45, 2023-01-01: 40, 2023-02-01: 47, 2023-03-01: 39, 2023-04-01: 41, 2023-05-01: 47, 2023-06-01: 44, 2023-07-01: 39, 2023-08-01: 37, 2023-09-01: 41, 2023-10-01: 49, 2023-11-01: 43, 2023-12-01: 52, 2024-01-01: 51, 2024-02-01: 51, 2024-03-01: 60, 2024-04-01: 49, 2024-05-01: 49, 2024-06-01: 47, 2024-07-01: 42, 2024-08-01: 42, 2024-09-01: 44, 2024-10-01: 48, 2024-11-01: 53, 2024-12-01: 52, 2025-01-01: 50, 2025-02-01: 55, 2025-03-01: 53, 2025-04-01: 56, 2025-05-01: 63, 2025-06-01: 57, 2025-07-01: 55, 2025-08-01: 77, 2025-09-01: 65, 2025-10-01: 61, 2025-11-01: 68, 2025-12-01: 54, 2026-01-01: 92, 2026-02-01: 89, 2026-03-01: 72, 2026-04-05: 66, 2026-04-12: 65"
"sunuv","Global leader in UV LED nail lamp technology, providing salon-grade products since 2013. SUNUV's UV LED nail lamps are known for their efficiency and effectiveness in curing nail polish, serving over 5 million customers in more than 100 countries. The primary users of SUNUV products are professional nail technicians and at-home nail art enthusiasts seeking high-quality, reliable nail curing solutions.","business, beauty, health, retail, personal-care, supply-chain, cpg","false","179%","5400","Exploding","exponential","Seasonal","Low","Positive","stationary","Past 5 years","https://signails.com/topics/sunuv","{""facebook"":3550,""linkedin"":9,""twitter"":1,""pinterest"":1150,""reddit"":217,""tiktok"":357,""youtube"":567}","2021-04-01: 29, 2021-05-01: 27, 2021-06-01: 25, 2021-07-01: 29, 2021-08-01: 35, 2021-09-01: 27, 2021-10-01: 28, 2021-11-01: 33, 2021-12-01: 36, 2022-01-01: 35, 2022-02-01: 34, 2022-03-01: 31, 2022-04-01: 29, 2022-05-01: 32, 2022-06-01: 31, 2022-07-01: 38, 2022-08-01: 36, 2022-09-01: 31, 2022-10-01: 33, 2022-11-01: 38, 2022-12-01: 43, 2023-01-01: 45, 2023-02-01: 34, 2023-03-01: 31, 2023-04-01: 29, 2023-05-01: 29, 2023-06-01: 25, 2023-07-01: 33, 2023-08-01: 32, 2023-09-01: 29, 2023-10-01: 31, 2023-11-01: 38, 2023-12-01: 41, 2024-01-01: 36, 2024-02-01: 31, 2024-03-01: 27, 2024-04-01: 29, 2024-05-01: 28, 2024-06-01: 35, 2024-07-01: 33, 2024-08-01: 36, 2024-09-01: 27, 2024-10-01: 32, 2024-11-01: 39, 2024-12-01: 44, 2025-01-01: 34, 2025-02-01: 31, 2025-03-01: 30, 2025-04-01: 28, 2025-05-01: 28, 2025-06-01: 32, 2025-07-01: 53, 2025-08-01: 79, 2025-09-01: 86, 2025-10-01: 100, 2025-11-01: 78, 2025-12-01: 69, 2026-01-01: 47, 2026-02-01: 56, 2026-03-01: 81, 2026-04-05: 62, 2026-04-12: 65"
"Tattoo numbing cream co","Tattoo Numbing Cream Co specializes in producing numbing creams designed to provide pain relief during tattoo procedures. Their signature product, the 'Signature Numbing Cream,' offers up to 3-4 hours of pain relief and is formulated to be easy to use without affecting the quality of the tattoo. This product is primarily targeted at individuals seeking a more comfortable tattooing experience, including both tattoo artists and clients undergoing lengthy or painful tattoo sessions.","business, beauty, health, retail, skincare, supply-chain","true","24%","2900","Exploding","exponential","Non-seasonal","Average","Positive","stationary","Past 5 years","https://signails.com/topics/tattoo-numbing-cream-co","{""facebook"":472,""linkedin"":0,""twitter"":0,""pinterest"":55,""reddit"":0,""tiktok"":24,""youtube"":63}","2021-04-01: 74, 2021-05-01: 42, 2021-06-01: 60, 2021-07-01: 51, 2021-08-01: 57, 2021-09-01: 45, 2021-10-01: 54, 2021-11-01: 52, 2021-12-01: 48, 2022-01-01: 54, 2022-02-01: 65, 2022-03-01: 67, 2022-04-01: 57, 2022-05-01: 44, 2022-06-01: 52, 2022-07-01: 58, 2022-08-01: 47, 2022-09-01: 58, 2022-10-01: 50, 2022-11-01: 41, 2022-12-01: 36, 2023-01-01: 55, 2023-02-01: 59, 2023-03-01: 68, 2023-04-01: 100, 2023-05-01: 74, 2023-06-01: 62, 2023-07-01: 63, 2023-08-01: 53, 2023-09-01: 52, 2023-10-01: 33, 2023-11-01: 55, 2023-12-01: 41, 2024-01-01: 53, 2024-02-01: 57, 2024-03-01: 55, 2024-04-01: 59, 2024-05-01: 47, 2024-06-01: 42, 2024-07-01: 65, 2024-08-01: 48, 2024-09-01: 50, 2024-10-01: 35, 2024-11-01: 36, 2024-12-01: 31, 2025-01-01: 60, 2025-02-01: 36, 2025-03-01: 42, 2025-04-01: 48, 2025-05-01: 50, 2025-06-01: 39, 2025-07-01: 37, 2025-08-01: 39, 2025-09-01: 40, 2025-10-01: 32, 2025-11-01: 30, 2025-12-01: 29, 2026-01-01: 35, 2026-02-01: 53, 2026-03-01: 55, 2026-04-01: 52, 2026-04-05: 36, 2026-04-12: 27"
"Forge Biologics","Biotechnology company focused on enabling access to life-changing gene therapies. Forge Biologics supports the development process from the preclinical stage through clinical trials and on to commercial-scale production, differentiating itself by offering end-to-end manufacturing solutions. The company primarily serves pharmaceutical and biotech firms seeking comprehensive support in gene therapy development and production.","business, health, science, pharma, healthcare, supply-chain","true","355%","2400","Exploding","exponential","Non-seasonal","Average","Positive","declining","Past 5 years","https://signails.com/topics/forge-biologics","{""facebook"":282,""linkedin"":952,""twitter"":1,""pinterest"":0,""reddit"":59,""tiktok"":1,""youtube"":83}","2021-04-01: 22, 2021-05-01: 17, 2021-06-01: 16, 2021-07-01: 10, 2021-08-01: 18, 2021-09-01: 15, 2021-10-01: 15, 2021-11-01: 12, 2021-12-01: 15, 2022-01-01: 22, 2022-02-01: 19, 2022-03-01: 16, 2022-04-01: 17, 2022-05-01: 24, 2022-06-01: 27, 2022-07-01: 15, 2022-08-01: 19, 2022-09-01: 28, 2022-10-01: 28, 2022-11-01: 18, 2022-12-01: 12, 2023-01-01: 32, 2023-02-01: 25, 2023-03-01: 29, 2023-04-01: 20, 2023-05-01: 22, 2023-06-01: 20, 2023-07-01: 18, 2023-08-01: 16, 2023-09-01: 19, 2023-10-01: 27, 2023-11-01: 49, 2023-12-01: 19, 2024-01-01: 26, 2024-02-01: 26, 2024-03-01: 15, 2024-04-01: 22, 2024-05-01: 22, 2024-06-01: 23, 2024-07-01: 22, 2024-08-01: 19, 2024-09-01: 27, 2024-10-01: 27, 2024-11-01: 19, 2024-12-01: 14, 2025-01-01: 26, 2025-02-01: 29, 2025-03-01: 19, 2025-04-01: 30, 2025-05-01: 22, 2025-06-01: 21, 2025-07-01: 27, 2025-08-01: 47, 2025-09-01: 46, 2025-10-01: 37, 2025-11-01: 34, 2025-12-01: 30, 2026-01-01: 34, 2026-02-01: 56, 2026-03-01: 100, 2026-04-05: 22, 2026-04-12: 21"
"Matillion etl","ETL/ELT tool designed specifically for cloud database platforms such as Snowflake, Delta Lake on Databricks, Amazon Redshift, Google BigQuery, and Azure Synapse Analytics. It features a modern, browser-based user interface and offers powerful, push-down ETL/ELT functionality, enabling efficient data transformation and loading processes. Matillion ETL is targeted at data engineers and analysts who require robust and scalable data integration solutions for cloud-based data warehousing.","business, technology, software, productivity, retail, supply-chain","true","733%","1600","Exploding","exponential","Non-seasonal","Average","Positive","growing","Past 5 years","https://signails.com/topics/matillion-etl","{""facebook"":68,""linkedin"":226,""twitter"":14,""pinterest"":14,""reddit"":16,""tiktok"":0,""youtube"":229}","2021-04-01: 8, 2021-05-01: 12, 2021-06-01: 15, 2021-07-01: 13, 2021-08-01: 13, 2021-09-01: 15, 2021-10-01: 8, 2021-11-01: 10, 2021-12-01: 11, 2022-01-01: 10, 2022-02-01: 17, 2022-03-01: 20, 2022-04-01: 17, 2022-05-01: 17, 2022-06-01: 20, 2022-07-01: 27, 2022-08-01: 17, 2022-09-01: 24, 2022-10-01: 20, 2022-11-01: 17, 2022-12-01: 19, 2023-01-01: 23, 2023-02-01: 20, 2023-03-01: 19, 2023-04-01: 21, 2023-05-01: 14, 2023-06-01: 20, 2023-07-01: 25, 2023-08-01: 21, 2023-09-01: 24, 2023-10-01: 23, 2023-11-01: 19, 2023-12-01: 14, 2024-01-01: 25, 2024-02-01: 25, 2024-03-01: 20, 2024-04-01: 24, 2024-05-01: 26, 2024-06-01: 18, 2024-07-01: 17, 2024-08-01: 14, 2024-09-01: 26, 2024-10-01: 23, 2024-11-01: 18, 2024-12-01: 13, 2025-01-01: 19, 2025-02-01: 20, 2025-03-01: 20, 2025-04-01: 15, 2025-05-01: 20, 2025-06-01: 27, 2025-07-01: 27, 2025-08-01: 37, 2025-09-01: 40, 2025-10-01: 33, 2025-11-01: 33, 2025-12-01: 33, 2026-01-01: 39, 2026-02-01: 64, 2026-03-01: 38, 2026-04-01: 100, 2026-04-05: 78, 2026-04-12: 71"
"Roofr","Software company that develops satellite imagery software to analyze the condition of roofs for replacement and repair. Roofr differentiates itself by providing accurate and efficient roof assessments using advanced satellite technology, which helps streamline the roofing process for contractors and homeowners. The primary target demographic includes roofing contractors and homeowners in the United States seeking reliable roof condition analysis and repair solutions.","business, technology, industry, productivity, construction, supply-chain","true","426%","33100","Exploding","constant","Seasonal","Average","Positive","stationary","Past 5 years","https://signails.com/topics/roofr","{""facebook"":1180,""linkedin"":1030,""twitter"":14,""pinterest"":38,""reddit"":94,""tiktok"":161,""youtube"":521}","2021-04-01: 19, 2021-05-01: 20, 2021-06-01: 24, 2021-07-01: 25, 2021-08-01: 25, 2021-09-01: 37, 2021-10-01: 31, 2021-11-01: 27, 2021-12-01: 25, 2022-01-01: 20, 2022-02-01: 21, 2022-03-01: 30, 2022-04-01: 35, 2022-05-01: 38, 2022-06-01: 40, 2022-07-01: 38, 2022-08-01: 42, 2022-09-01: 42, 2022-10-01: 49, 2022-11-01: 44, 2022-12-01: 37, 2023-01-01: 40, 2023-02-01: 46, 2023-03-01: 51, 2023-04-01: 61, 2023-05-01: 61, 2023-06-01: 62, 2023-07-01: 56, 2023-08-01: 62, 2023-09-01: 54, 2023-10-01: 55, 2023-11-01: 49, 2023-12-01: 39, 2024-01-01: 53, 2024-02-01: 62, 2024-03-01: 66, 2024-04-01: 65, 2024-05-01: 68, 2024-06-01: 73, 2024-07-01: 72, 2024-08-01: 81, 2024-09-01: 72, 2024-10-01: 82, 2024-11-01: 64, 2024-12-01: 60, 2025-01-01: 68, 2025-02-01: 72, 2025-03-01: 87, 2025-04-01: 94, 2025-05-01: 93, 2025-06-01: 81, 2025-07-01: 89, 2025-08-01: 97, 2025-09-01: 87, 2025-10-01: 89, 2025-11-01: 73, 2025-12-01: 63, 2026-01-01: 73, 2026-02-01: 88, 2026-03-01: 100, 2026-04-05: 71, 2026-04-12: 71"
"Mini inkless printer","Compact, portable devices that use thermal printing technology, eliminating the need for ink cartridges. They connect wirelessly via Bluetooth to smartphones and other devices, making them ideal for printing notes, stickers, labels, and small photos on the go. These printers are particularly useful for individuals who need a convenient and mobile printing solution, such as students, travelers, and small business owners.","business, technology, retail, productivity, supply-chain","false","9900%","880","Exploding","exponential","Non-seasonal","Low","Positive","declining","Past 5 years","https://signails.com/topics/mini-inkless-printer","{""facebook"":76,""linkedin"":0,""twitter"":0,""pinterest"":193,""reddit"":0,""tiktok"":55,""youtube"":131}","2021-04-01: 0, 2021-05-01: 0, 2021-06-01: 0, 2021-07-01: 0, 2021-08-01: 0, 2021-09-01: 0, 2021-10-01: 0, 2021-11-01: 0, 2021-12-01: 0, 2022-01-01: 0, 2022-02-01: 0, 2022-03-01: 0, 2022-04-01: 4, 2022-05-01: 0, 2022-06-01: 0, 2022-07-01: 0, 2022-08-01: 5, 2022-09-01: 0, 2022-10-01: 0, 2022-11-01: 0, 2022-12-01: 4, 2023-01-01: 0, 2023-02-01: 0, 2023-03-01: 3, 2023-04-01: 4, 2023-05-01: 22, 2023-06-01: 64, 2023-07-01: 39, 2023-08-01: 44, 2023-09-01: 42, 2023-10-01: 25, 2023-11-01: 24, 2023-12-01: 29, 2024-01-01: 13, 2024-02-01: 24, 2024-03-01: 14, 2024-04-01: 15, 2024-05-01: 15, 2024-06-01: 15, 2024-07-01: 15, 2024-08-01: 18, 2024-09-01: 15, 2024-10-01: 13, 2024-11-01: 18, 2024-12-01: 19, 2025-01-01: 18, 2025-02-01: 11, 2025-03-01: 9, 2025-04-01: 9, 2025-05-01: 11, 2025-06-01: 10, 2025-07-01: 11, 2025-08-01: 15, 2025-09-01: 19, 2025-10-01: 16, 2025-11-01: 13, 2025-12-01: 20, 2026-01-01: 16, 2026-02-01: 37, 2026-03-01: 100, 2026-04-05: 100, 2026-04-12: 102"
"Sourcewell","Self-funded government organization based in Staples, Minnesota, partnering with education, government, and nonprofit entities to enhance student and community success. It offers a cooperative purchasing program that manages solicitation and contracts for its members, providing efficient and cost-effective solutions. The primary beneficiaries are government, education, and nonprofit organizations seeking streamlined procurement processes.","business, industry, lifestyle, supply-chain, legal","true","1900%","14800","Exploding","exponential","Non-seasonal","Low","Positive","growing","Past 5 years","https://signails.com/topics/sourcewell","{""facebook"":1650,""linkedin"":2230,""twitter"":8,""pinterest"":3,""reddit"":10,""tiktok"":1,""youtube"":243}","2021-04-01: 5, 2021-05-01: 4, 2021-06-01: 6, 2021-07-01: 5, 2021-08-01: 5, 2021-09-01: 5, 2021-10-01: 5, 2021-11-01: 5, 2021-12-01: 4, 2022-01-01: 6, 2022-02-01: 6, 2022-03-01: 6, 2022-04-01: 6, 2022-05-01: 6, 2022-06-01: 6, 2022-07-01: 5, 2022-08-01: 6, 2022-09-01: 6, 2022-10-01: 6, 2022-11-01: 5, 2022-12-01: 5, 2023-01-01: 7, 2023-02-01: 7, 2023-03-01: 7, 2023-04-01: 6, 2023-05-01: 7, 2023-06-01: 6, 2023-07-01: 5, 2023-08-01: 6, 2023-09-01: 6, 2023-10-01: 6, 2023-11-01: 5, 2023-12-01: 5, 2024-01-01: 6, 2024-02-01: 8, 2024-03-01: 8, 2024-04-01: 7, 2024-05-01: 8, 2024-06-01: 7, 2024-07-01: 8, 2024-08-01: 8, 2024-09-01: 8, 2024-10-01: 8, 2024-11-01: 7, 2024-12-01: 7, 2025-01-01: 9, 2025-02-01: 10, 2025-03-01: 10, 2025-04-01: 9, 2025-05-01: 8, 2025-06-01: 9, 2025-07-01: 11, 2025-08-01: 15, 2025-09-01: 13, 2025-10-01: 13, 2025-11-01: 12, 2025-12-01: 12, 2026-01-01: 17, 2026-02-01: 71, 2026-03-01: 100, 2026-04-05: 16, 2026-04-12: 25"
"Lyka pet food","Lyka pet food is a brand that offers fresh, homemade dog food delivered directly from their Australian kitchen to customers' doors. The brand uses high-quality ingredients such as beef mince, beef heart, purple sweet potato, broccoli, carrot, kale, sardines, beef liver, and psyllium seed husk to create nutritious meals aimed at enhancing dogs' health and well-being. Lyka pet food primarily targets dog owners who are looking for premium, nutritious, and convenient meal options for their pets.","business, food-beverage, lifestyle, pets, retail, supply-chain","true","725%","14800","Exploding","constant","Seasonal","Low","Neutral","stationary","Past 5 years","https://signails.com/topics/lyka-pet-food","{""facebook"":649,""linkedin"":39,""twitter"":1,""pinterest"":141,""reddit"":42,""tiktok"":66,""youtube"":30}","2021-04-01: 12, 2021-05-01: 15, 2021-06-01: 13, 2021-07-01: 28, 2021-08-01: 14, 2021-09-01: 12, 2021-10-01: 17, 2021-11-01: 16, 2021-12-01: 16, 2022-01-01: 24, 2022-02-01: 27, 2022-03-01: 29, 2022-04-01: 23, 2022-05-01: 31, 2022-06-01: 25, 2022-07-01: 29, 2022-08-01: 39, 2022-09-01: 43, 2022-10-01: 38, 2022-11-01: 36, 2022-12-01: 31, 2023-01-01: 38, 2023-02-01: 37, 2023-03-01: 33, 2023-04-01: 34, 2023-05-01: 37, 2023-06-01: 34, 2023-07-01: 45, 2023-08-01: 38, 2023-09-01: 38, 2023-10-01: 39, 2023-11-01: 41, 2023-12-01: 39, 2024-01-01: 63, 2024-02-01: 70, 2024-03-01: 72, 2024-04-01: 77, 2024-05-01: 71, 2024-06-01: 75, 2024-07-01: 74, 2024-08-01: 72, 2024-09-01: 60, 2024-10-01: 64, 2024-11-01: 58, 2024-12-01: 77, 2025-01-01: 86, 2025-02-01: 84, 2025-03-01: 77, 2025-04-01: 61, 2025-05-01: 75, 2025-06-01: 60, 2025-07-01: 62, 2025-08-01: 65, 2025-09-01: 52, 2025-10-01: 67, 2025-11-01: 70, 2025-12-01: 69, 2026-01-01: 88, 2026-02-01: 100, 2026-03-01: 99, 2026-04-05: 64, 2026-04-12: 64"
"lilygo","Company specializing in electronic modules and development boards, particularly for IoT projects. It offers a range of products including ESP32-based boards, e-paper displays, and other components popular among hobbyists and developers, differentiating itself with a focus on versatile and affordable solutions. The primary target demographic includes electronics enthusiasts, hobbyists, and developers working on IoT and embedded systems projects.","business, technology, lifestyle, education, productivity, supply-chain","true","1580%","22200","Exploding","constant","Seasonal","Low","Positive","growing","Past 5 years","https://signails.com/topics/lilygo","{""facebook"":17000,""linkedin"":255,""twitter"":154,""pinterest"":1410,""reddit"":13900,""tiktok"":713,""youtube"":2330}","2021-04-01: 5, 2021-05-01: 5, 2021-06-01: 5, 2021-07-01: 5, 2021-08-01: 4, 2021-09-01: 6, 2021-10-01: 5, 2021-11-01: 7, 2021-12-01: 6, 2022-01-01: 11, 2022-02-01: 9, 2022-03-01: 9, 2022-04-01: 11, 2022-05-01: 9, 2022-06-01: 10, 2022-07-01: 9, 2022-08-01: 10, 2022-09-01: 12, 2022-10-01: 13, 2022-11-01: 14, 2022-12-01: 15, 2023-01-01: 17, 2023-02-01: 14, 2023-03-01: 16, 2023-04-01: 15, 2023-05-01: 16, 2023-06-01: 18, 2023-07-01: 18, 2023-08-01: 19, 2023-09-01: 19, 2023-10-01: 20, 2023-11-01: 22, 2023-12-01: 28, 2024-01-01: 37, 2024-02-01: 38, 2024-03-01: 40, 2024-04-01: 37, 2024-05-01: 31, 2024-06-01: 31, 2024-07-01: 27, 2024-08-01: 31, 2024-09-01: 33, 2024-10-01: 37, 2024-11-01: 41, 2024-12-01: 51, 2025-01-01: 51, 2025-02-01: 49, 2025-03-01: 49, 2025-04-01: 52, 2025-05-01: 56, 2025-06-01: 58, 2025-07-01: 59, 2025-08-01: 100, 2025-09-01: 93, 2025-10-01: 81, 2025-11-01: 83, 2025-12-01: 83, 2026-01-01: 93, 2026-02-01: 86, 2026-03-01: 96, 2026-04-01: 84, 2026-04-05: 73, 2026-04-12: 70"
"Astranis","Astranis Space Technologies Corp. is an American company that specializes in geostationary communications satellites. The company focuses on providing affordable and reliable internet connectivity through its small, cost-effective satellites, differentiating itself by targeting underserved and remote regions. Astranis primarily serves telecommunications companies and internet service providers looking to expand their coverage areas and improve connectivity in hard-to-reach locations.","business, technology, telecommunication, supply-chain","true","319%","18100","Exploding","constant","Seasonal","Average","Positive","declining","Past 5 years","https://signails.com/topics/astranis","{""facebook"":937,""linkedin"":1460,""twitter"":151,""pinterest"":25,""reddit"":730,""tiktok"":17,""youtube"":197}","2021-04-01: 21, 2021-05-01: 12, 2021-06-01: 13, 2021-07-01: 14, 2021-08-01: 13, 2021-09-01: 23, 2021-10-01: 16, 2021-11-01: 17, 2021-12-01: 14, 2022-01-01: 26, 2022-02-01: 19, 2022-03-01: 22, 2022-04-01: 31, 2022-05-01: 22, 2022-06-01: 24, 2022-07-01: 25, 2022-08-01: 18, 2022-09-01: 22, 2022-10-01: 22, 2022-11-01: 22, 2022-12-01: 15, 2023-01-01: 23, 2023-02-01: 23, 2023-03-01: 30, 2023-04-01: 34, 2023-05-01: 39, 2023-06-01: 32, 2023-07-01: 32, 2023-08-01: 19, 2023-09-01: 21, 2023-10-01: 18, 2023-11-01: 48, 2023-12-01: 27, 2024-01-01: 43, 2024-02-01: 38, 2024-03-01: 40, 2024-04-01: 68, 2024-05-01: 52, 2024-06-01: 49, 2024-07-01: 52, 2024-08-01: 53, 2024-09-01: 48, 2024-10-01: 57, 2024-11-01: 58, 2024-12-01: 100, 2025-01-01: 58, 2025-02-01: 48, 2025-03-01: 45, 2025-04-01: 43, 2025-05-01: 41, 2025-06-01: 39, 2025-07-01: 44, 2025-08-01: 81, 2025-09-01: 79, 2025-10-01: 78, 2025-11-01: 63, 2025-12-01: 63, 2026-01-01: 74, 2026-02-01: 94, 2026-03-01: 88, 2026-04-05: 67, 2026-04-12: 66"
"Lalamove","Lalamove is a delivery and logistics company that operates primarily in Asia and parts of Latin America. It offers on-demand, same-day, and scheduled delivery services for businesses and individuals, differentiating itself with a user-friendly app and a wide range of vehicle options. Lalamove primarily targets small to medium-sized businesses and individuals needing efficient and flexible delivery solutions.","business, technology, supply-chain, productivity","true","44%","673000","Exploding","exponential","Seasonal","Low","Neutral","growing","Past 5 years","https://signails.com/topics/lalamove","{""facebook"":1130000,""linkedin"":6630,""twitter"":426,""pinterest"":733,""reddit"":5670,""tiktok"":11700,""youtube"":27100}","2021-04-01: 52, 2021-05-01: 64, 2021-06-01: 75, 2021-07-01: 77, 2021-08-01: 72, 2021-09-01: 62, 2021-10-01: 54, 2021-11-01: 53, 2021-12-01: 58, 2022-01-01: 64, 2022-02-01: 63, 2022-03-01: 64, 2022-04-01: 63, 2022-05-01: 65, 2022-06-01: 69, 2022-07-01: 73, 2022-08-01: 73, 2022-09-01: 73, 2022-10-01: 65, 2022-11-01: 65, 2022-12-01: 73, 2023-01-01: 67, 2023-02-01: 69, 2023-03-01: 69, 2023-04-01: 62, 2023-05-01: 70, 2023-06-01: 70, 2023-07-01: 74, 2023-08-01: 69, 2023-09-01: 72, 2023-10-01: 67, 2023-11-01: 67, 2023-12-01: 73, 2024-01-01: 71, 2024-02-01: 75, 2024-03-01: 70, 2024-04-01: 68, 2024-05-01: 75, 2024-06-01: 78, 2024-07-01: 81, 2024-08-01: 82, 2024-09-01: 77, 2024-10-01: 79, 2024-11-01: 80, 2024-12-01: 84, 2025-01-01: 76, 2025-02-01: 77, 2025-03-01: 79, 2025-04-01: 75, 2025-05-01: 80, 2025-06-01: 83, 2025-07-01: 90, 2025-08-01: 94, 2025-09-01: 92, 2025-10-01: 93, 2025-11-01: 88, 2025-12-01: 100, 2026-01-01: 92, 2026-02-01: 90, 2026-03-01: 96, 2026-04-01: 92, 2026-04-05: 73, 2026-04-12: 72"
"Donesafe","Enterprise-ready EHS (Environmental, Health, and Safety) management software platform based in Sydney, Australia. It centralizes compliance and reporting intelligently, offering over 50 modules to create a complete, fit-for-purpose solution for various organizational needs, enhancing EHSQ (Environmental, Health, Safety, and Quality) and ESG (Environmental, Social, and Governance) management. The platform is targeted at organizations looking to improve workplace safety, compliance, and overall operational efficiency.","business, technology, software, productivity, workplace, supply-chain","true","219%","6600","Exploding","exponential","Seasonal","Low","Positive","growing","Past 5 years","https://signails.com/topics/donesafe","{""facebook"":85,""linkedin"":271,""twitter"":15,""pinterest"":14,""reddit"":27,""tiktok"":1,""youtube"":40}","2021-04-01: 27, 2021-05-01: 34, 2021-06-01: 41, 2021-07-01: 49, 2021-08-01: 44, 2021-09-01: 44, 2021-10-01: 40, 2021-11-01: 47, 2021-12-01: 27, 2022-01-01: 39, 2022-02-01: 42, 2022-03-01: 54, 2022-04-01: 34, 2022-05-01: 52, 2022-06-01: 50, 2022-07-01: 56, 2022-08-01: 54, 2022-09-01: 50, 2022-10-01: 46, 2022-11-01: 45, 2022-12-01: 38, 2023-01-01: 43, 2023-02-01: 53, 2023-03-01: 51, 2023-04-01: 46, 2023-05-01: 49, 2023-06-01: 47, 2023-07-01: 49, 2023-08-01: 55, 2023-09-01: 43, 2023-10-01: 43, 2023-11-01: 43, 2023-12-01: 39, 2024-01-01: 41, 2024-02-01: 72, 2024-03-01: 40, 2024-04-01: 48, 2024-05-01: 57, 2024-06-01: 53, 2024-07-01: 59, 2024-08-01: 73, 2024-09-01: 60, 2024-10-01: 53, 2024-11-01: 64, 2024-12-01: 54, 2025-01-01: 50, 2025-02-01: 67, 2025-03-01: 77, 2025-04-01: 56, 2025-05-01: 69, 2025-06-01: 67, 2025-07-01: 70, 2025-08-01: 90, 2025-09-01: 71, 2025-10-01: 89, 2025-11-01: 78, 2025-12-01: 72, 2026-01-01: 78, 2026-02-01: 100, 2026-03-01: 86, 2026-04-05: 69, 2026-04-12: 74"
"Mylerz","A logistics company that provides direct delivery services, ensuring efficient and reliable package delivery to the end destination. Mylerz also offers warehouse storage services with secure, organized spaces and advanced inventory management systems, as well as facilitating international shipping to help businesses reach customers worldwide. The company's services are primarily targeted at businesses seeking comprehensive logistics solutions for both domestic and international markets.","business, technology, supply-chain, productivity","true","210%","8100","Exploding","constant","Non-seasonal","Average","Positive","growing","Past 5 years","https://signails.com/topics/mylerz","{""facebook"":3030,""linkedin"":664,""twitter"":0,""pinterest"":14,""reddit"":1,""tiktok"":84,""youtube"":52}","2021-04-01: 20, 2021-05-01: 29, 2021-06-01: 26, 2021-07-01: 22, 2021-08-01: 31, 2021-09-01: 28, 2021-10-01: 30, 2021-11-01: 37, 2021-12-01: 52, 2022-01-01: 53, 2022-02-01: 37, 2022-03-01: 42, 2022-04-01: 41, 2022-05-01: 40, 2022-06-01: 40, 2022-07-01: 52, 2022-08-01: 41, 2022-09-01: 62, 2022-10-01: 59, 2022-11-01: 62, 2022-12-01: 74, 2023-01-01: 58, 2023-02-01: 56, 2023-03-01: 74, 2023-04-01: 74, 2023-05-01: 74, 2023-06-01: 58, 2023-07-01: 67, 2023-08-01: 75, 2023-09-01: 77, 2023-10-01: 80, 2023-11-01: 93, 2023-12-01: 92, 2024-01-01: 84, 2024-02-01: 76, 2024-03-01: 73, 2024-04-01: 86, 2024-05-01: 67, 2024-06-01: 81, 2024-07-01: 87, 2024-08-01: 76, 2024-09-01: 79, 2024-10-01: 80, 2024-11-01: 82, 2024-12-01: 83, 2025-01-01: 80, 2025-02-01: 82, 2025-03-01: 74, 2025-04-01: 68, 2025-05-01: 79, 2025-06-01: 68, 2025-07-01: 80, 2025-08-01: 90, 2025-09-01: 77, 2025-10-01: 66, 2025-11-01: 71, 2025-12-01: 70, 2026-01-01: 70, 2026-02-01: 71, 2026-03-01: 100, 2026-04-01: 90, 2026-04-05: 77, 2026-04-12: 78"
"Keyfactor","Software company specializing in open-source based Public Key Infrastructure (PKI) solutions for issuing and managing digital identities. Founded in 2001, it supports a wide range of use cases and is part of Certified Only, Inc., differentiating itself with robust security features and scalability. Keyfactor primarily serves enterprises and organizations that require secure and efficient digital identity management solutions.","business, technology, software, cybersecurity, programming, supply-chain","true","536%","5400","Exploding","exponential","Seasonal","Average","Positive","growing","Past 5 years","https://signails.com/topics/keyfactor","{""facebook"":454,""linkedin"":3360,""twitter"":60,""pinterest"":14,""reddit"":272,""tiktok"":14,""youtube"":204}","2021-04-01: 14, 2021-05-01: 13, 2021-06-01: 8, 2021-07-01: 6, 2021-08-01: 8, 2021-09-01: 11, 2021-10-01: 8, 2021-11-01: 9, 2021-12-01: 9, 2022-01-01: 19, 2022-02-01: 19, 2022-03-01: 18, 2022-04-01: 15, 2022-05-01: 16, 2022-06-01: 18, 2022-07-01: 18, 2022-08-01: 19, 2022-09-01: 15, 2022-10-01: 18, 2022-11-01: 17, 2022-12-01: 17, 2023-01-01: 23, 2023-02-01: 23, 2023-03-01: 21, 2023-04-01: 16, 2023-05-01: 21, 2023-06-01: 24, 2023-07-01: 22, 2023-08-01: 24, 2023-09-01: 24, 2023-10-01: 29, 2023-11-01: 21, 2023-12-01: 23, 2024-01-01: 24, 2024-02-01: 30, 2024-03-01: 32, 2024-04-01: 29, 2024-05-01: 34, 2024-06-01: 33, 2024-07-01: 29, 2024-08-01: 36, 2024-09-01: 32, 2024-10-01: 32, 2024-11-01: 32, 2024-12-01: 30, 2025-01-01: 37, 2025-02-01: 46, 2025-03-01: 39, 2025-04-01: 48, 2025-05-01: 47, 2025-06-01: 48, 2025-07-01: 50, 2025-08-01: 83, 2025-09-01: 82, 2025-10-01: 64, 2025-11-01: 64, 2025-12-01: 65, 2026-01-01: 84, 2026-02-01: 100, 2026-03-01: 89, 2026-04-05: 62, 2026-04-12: 61"
"Hopskip","Platform designed to assist meetings and hospitality professionals in optimizing the process of sourcing and contracting room blocks and function spaces. It differentiates itself by providing a streamlined approach to managing these tasks, potentially saving time and reducing complexity for users. The primary users of this platform are professionals in the meetings and hospitality industry seeking efficient solutions for event planning and venue management.","business, software, productivity, supply-chain, workplace","true","8600%","1900","Exploding","constant","Non-seasonal","Average","Positive","declining","Past 5 years","https://signails.com/topics/hopskip-3T4mvvbC","{""facebook"":268,""linkedin"":235,""twitter"":0,""pinterest"":8,""reddit"":0,""tiktok"":8,""youtube"":119}","2021-04-01: 0, 2021-05-01: 0, 2021-06-01: 11, 2021-07-01: 0, 2021-08-01: 11, 2021-09-01: 0, 2021-10-01: 0, 2021-11-01: 0, 2021-12-01: 0, 2022-01-01: 10, 2022-02-01: 0, 2022-03-01: 7, 2022-04-01: 8, 2022-05-01: 10, 2022-06-01: 9, 2022-07-01: 0, 2022-08-01: 10, 2022-09-01: 17, 2022-10-01: 13, 2022-11-01: 9, 2022-12-01: 8, 2023-01-01: 8, 2023-02-01: 13, 2023-03-01: 9, 2023-04-01: 9, 2023-05-01: 14, 2023-06-01: 15, 2023-07-01: 0, 2023-08-01: 18, 2023-09-01: 20, 2023-10-01: 12, 2023-11-01: 16, 2023-12-01: 8, 2024-01-01: 13, 2024-02-01: 21, 2024-03-01: 20, 2024-04-01: 13, 2024-05-01: 20, 2024-06-01: 15, 2024-07-01: 22, 2024-08-01: 27, 2024-09-01: 15, 2024-10-01: 16, 2024-11-01: 12, 2024-12-01: 22, 2025-01-01: 34, 2025-02-01: 25, 2025-03-01: 27, 2025-04-01: 29, 2025-05-01: 25, 2025-06-01: 26, 2025-07-01: 42, 2025-08-01: 38, 2025-09-01: 44, 2025-10-01: 33, 2025-11-01: 20, 2025-12-01: 26, 2026-01-01: 57, 2026-02-01: 100, 2026-03-01: 87, 2026-04-05: 45, 2026-04-12: 45"
"Foodics","Software company based in Riyadh, Saudi Arabia, founded in 2013 by Ahmad Alzaini and Mosab Al Othmani. It provides an all-in-one, cloud-based point-of-sale (POS) and restaurant management solution, offering features such as customer relationship management, payment acceptance, sales and inventory tracking, and integration with third-party apps. Foodics primarily targets restaurant owners and operators seeking comprehensive management tools to streamline their operations and enhance efficiency.","business, technology, software, productivity, retail, supply-chain","true","339%","27100","Exploding","exponential","Seasonal","Low","Positive","declining","Past 5 years","https://signails.com/topics/foodics","{""facebook"":1480,""linkedin"":3040,""twitter"":151,""pinterest"":63,""reddit"":14,""tiktok"":117,""youtube"":393}","2021-04-01: 20, 2021-05-01: 18, 2021-06-01: 22, 2021-07-01: 22, 2021-08-01: 22, 2021-09-01: 24, 2021-10-01: 25, 2021-11-01: 28, 2021-12-01: 31, 2022-01-01: 36, 2022-02-01: 36, 2022-03-01: 32, 2022-04-01: 34, 2022-05-01: 38, 2022-06-01: 45, 2022-07-01: 47, 2022-08-01: 50, 2022-09-01: 50, 2022-10-01: 54, 2022-11-01: 50, 2022-12-01: 48, 2023-01-01: 55, 2023-02-01: 48, 2023-03-01: 48, 2023-04-01: 44, 2023-05-01: 49, 2023-06-01: 44, 2023-07-01: 48, 2023-08-01: 51, 2023-09-01: 51, 2023-10-01: 47, 2023-11-01: 51, 2023-12-01: 53, 2024-01-01: 52, 2024-02-01: 49, 2024-03-01: 48, 2024-04-01: 46, 2024-05-01: 50, 2024-06-01: 42, 2024-07-01: 52, 2024-08-01: 56, 2024-09-01: 53, 2024-10-01: 53, 2024-11-01: 56, 2024-12-01: 59, 2025-01-01: 62, 2025-02-01: 65, 2025-03-01: 64, 2025-04-01: 62, 2025-05-01: 67, 2025-06-01: 64, 2025-07-01: 66, 2025-08-01: 89, 2025-09-01: 91, 2025-10-01: 87, 2025-11-01: 100, 2025-12-01: 84, 2026-01-01: 88, 2026-02-01: 90, 2026-03-01: 76, 2026-04-01: 79, 2026-03-29: 60, 2026-04-05: 60, 2026-04-12: 60"
"Loadsmart","Logistics service company that leverages cutting-edge technology and industry expertise to deliver optimized, reliable, and transparent logistics solutions. The company focuses on transforming the logistics landscape by using advanced technology to streamline and improve the efficiency of freight transportation, offering services such as digital freight brokerage, transportation management, and supply chain optimization. Loadsmart primarily serves businesses seeking efficient and transparent logistics solutions to enhance their supply chain operations.","business, technology, software, supply-chain, productivity","true","420%","3600","Exploding","exponential","Non-seasonal","Low","Positive","declining","Past 5 years","https://signails.com/topics/loadsmart","{""facebook"":190,""linkedin"":1020,""twitter"":31,""pinterest"":14,""reddit"":142,""tiktok"":14,""youtube"":193}","2021-04-01: 15, 2021-05-01: 18, 2021-06-01: 15, 2021-07-01: 21, 2021-08-01: 17, 2021-09-01: 23, 2021-10-01: 26, 2021-11-01: 25, 2021-12-01: 19, 2022-01-01: 25, 2022-02-01: 39, 2022-03-01: 36, 2022-04-01: 33, 2022-05-01: 35, 2022-06-01: 29, 2022-07-01: 28, 2022-08-01: 27, 2022-09-01: 28, 2022-10-01: 28, 2022-11-01: 23, 2022-12-01: 20, 2023-01-01: 22, 2023-02-01: 24, 2023-03-01: 21, 2023-04-01: 16, 2023-05-01: 19, 2023-06-01: 16, 2023-07-01: 11, 2023-08-01: 16, 2023-09-01: 13, 2023-10-01: 13, 2023-11-01: 13, 2023-12-01: 9, 2024-01-01: 13, 2024-02-01: 16, 2024-03-01: 10, 2024-04-01: 14, 2024-05-01: 11, 2024-06-01: 14, 2024-07-01: 13, 2024-08-01: 13, 2024-09-01: 13, 2024-10-01: 16, 2024-11-01: 11, 2024-12-01: 11, 2025-01-01: 14, 2025-02-01: 15, 2025-03-01: 12, 2025-04-01: 14, 2025-05-01: 8, 2025-06-01: 22, 2025-07-01: 27, 2025-08-01: 21, 2025-09-01: 21, 2025-10-01: 21, 2025-11-01: 24, 2025-12-01: 20, 2026-01-01: 37, 2026-02-01: 100, 2026-03-01: 78, 2026-04-05: 28, 2026-04-12: 28"
"Snappy Shopper","Home delivery service that partners with local stores to deliver groceries and a wide range of products, including alcoholic beverages, directly to customers' doors within 30-60 minutes. Snappy Shopper differentiates itself by offering rapid delivery times and a broad selection of items from local retailers, enhancing convenience for users. The service primarily targets busy individuals and families seeking quick and easy access to groceries and other essentials without leaving their homes.","business, technology, ecommerce, retail, supply-chain, productivity","true","37%","90500","Exploding","exponential","Non-seasonal","Low","Positive","declining","Past 5 years","https://signails.com/topics/snappy-shopper","{""facebook"":13700,""linkedin"":362,""twitter"":14,""pinterest"":15,""reddit"":18,""tiktok"":562,""youtube"":78}","2021-04-01: 60, 2021-05-01: 58, 2021-06-01: 61, 2021-07-01: 83, 2021-08-01: 71, 2021-09-01: 63, 2021-10-01: 72, 2021-11-01: 68, 2021-12-01: 88, 2022-01-01: 76, 2022-02-01: 77, 2022-03-01: 68, 2022-04-01: 73, 2022-05-01: 67, 2022-06-01: 73, 2022-07-01: 88, 2022-08-01: 84, 2022-09-01: 78, 2022-10-01: 96, 2022-11-01: 95, 2022-12-01: 89, 2023-01-01: 73, 2023-02-01: 80, 2023-03-01: 74, 2023-04-01: 79, 2023-05-01: 72, 2023-06-01: 100, 2023-07-01: 90, 2023-08-01: 77, 2023-09-01: 65, 2023-10-01: 77, 2023-11-01: 72, 2023-12-01: 87, 2024-01-01: 74, 2024-02-01: 71, 2024-03-01: 80, 2024-04-01: 80, 2024-05-01: 85, 2024-06-01: 92, 2024-07-01: 95, 2024-08-01: 84, 2024-09-01: 76, 2024-10-01: 66, 2024-11-01: 66, 2024-12-01: 70, 2025-01-01: 74, 2025-02-01: 66, 2025-03-01: 65, 2025-04-01: 67, 2025-05-01: 69, 2025-06-01: 72, 2025-07-01: 71, 2025-08-01: 77, 2025-09-01: 71, 2025-10-01: 75, 2025-11-01: 72, 2025-12-01: 81, 2026-01-01: 73, 2026-02-01: 84, 2026-03-01: 82, 2026-04-05: 80, 2026-04-12: 80"
"Instawork India","Instawork India is a platform that connects businesses with a vetted pool of workers for various durations. It offers a streamlined process for businesses to find temporary or part-time staff, differentiating itself with a robust vetting system and user-friendly interface. The service primarily benefits businesses in need of flexible staffing solutions and workers seeking temporary or part-time employment opportunities.","business, technology, industry, supply-chain, hr, workplace","true","7700%","210","Exploding","exponential","Non-seasonal","Average","Positive","growing","Past 5 years","https://signails.com/topics/instawork-india","{""facebook"":0,""linkedin"":0,""twitter"":0,""pinterest"":0,""reddit"":0,""tiktok"":0,""youtube"":0}","2021-04-01: 0, 2021-05-01: 0, 2021-06-01: 0, 2021-07-01: 0, 2021-08-01: 0, 2021-09-01: 0, 2021-10-01: 0, 2021-11-01: 0, 2021-12-01: 0, 2022-01-01: 0, 2022-02-01: 0, 2022-03-01: 0, 2022-04-01: 0, 2022-05-01: 0, 2022-06-01: 0, 2022-07-01: 0, 2022-08-01: 0, 2022-09-01: 0, 2022-10-01: 0, 2022-11-01: 0, 2022-12-01: 0, 2023-01-01: 0, 2023-02-01: 0, 2023-03-01: 0, 2023-04-01: 0, 2023-05-01: 0, 2023-06-01: 0, 2023-07-01: 0, 2023-08-01: 0, 2023-09-01: 0, 2023-10-01: 0, 2023-11-01: 0, 2023-12-01: 0, 2024-01-01: 0, 2024-02-01: 0, 2024-03-01: 0, 2024-04-01: 0, 2024-05-01: 0, 2024-06-01: 0, 2024-07-01: 0, 2024-08-01: 0, 2024-09-01: 0, 2024-10-01: 0, 2024-11-01: 0, 2024-12-01: 0, 2025-01-01: 0, 2025-02-01: 0, 2025-03-01: 0, 2025-04-01: 0, 2025-05-01: 0, 2025-06-01: 0, 2025-07-01: 0, 2025-08-01: 46, 2025-09-01: 53, 2025-10-01: 55, 2025-11-01: 62, 2025-12-01: 95, 2026-01-01: 85, 2026-02-01: 100, 2026-03-01: 78, 2026-03-29: 25, 2026-04-05: 19, 2026-04-12: 14"
"Readywise","A company specializing in producing ready-made entrées, meats, vegetables, and fruits that are either freeze-dried or dehydrated. Readywise offers products designed for camping and long-term emergency preparedness, differentiating itself with a focus on convenience and shelf-life. The target demographic includes outdoor enthusiasts, preppers, and individuals seeking reliable food storage solutions for emergencies.","business, food-beverage, industry, retail, supply-chain, food","true","242%","6600","Exploding","constant","Non-seasonal","Low","Neutral","growing","Past 5 years","https://signails.com/topics/readywise","{""facebook"":2180,""linkedin"":86,""twitter"":1,""pinterest"":883,""reddit"":560,""tiktok"":274,""youtube"":749}","2021-04-01: 20, 2021-05-01: 24, 2021-06-01: 19, 2021-07-01: 20, 2021-08-01: 40, 2021-09-01: 35, 2021-10-01: 38, 2021-11-01: 34, 2021-12-01: 23, 2022-01-01: 30, 2022-02-01: 46, 2022-03-01: 90, 2022-04-01: 43, 2022-05-01: 53, 2022-06-01: 44, 2022-07-01: 46, 2022-08-01: 32, 2022-09-01: 29, 2022-10-01: 35, 2022-11-01: 28, 2022-12-01: 25, 2023-01-01: 21, 2023-02-01: 39, 2023-03-01: 37, 2023-04-01: 33, 2023-05-01: 30, 2023-06-01: 28, 2023-07-01: 25, 2023-08-01: 33, 2023-09-01: 27, 2023-10-01: 35, 2023-11-01: 29, 2023-12-01: 26, 2024-01-01: 56, 2024-02-01: 50, 2024-03-01: 40, 2024-04-01: 33, 2024-05-01: 24, 2024-06-01: 25, 2024-07-01: 100, 2024-08-01: 52, 2024-09-01: 50, 2024-10-01: 68, 2024-11-01: 43, 2024-12-01: 32, 2025-01-01: 38, 2025-02-01: 42, 2025-03-01: 35, 2025-04-01: 36, 2025-05-01: 38, 2025-06-01: 49, 2025-07-01: 39, 2025-08-01: 42, 2025-09-01: 46, 2025-10-01: 42, 2025-11-01: 52, 2025-12-01: 27, 2026-01-01: 45, 2026-02-01: 49, 2026-03-01: 80, 2026-04-01: 82, 2026-03-29: 63, 2026-04-05: 61, 2026-04-12: 56"
"Flock Freight","Logistics company providing partial and full truck loading, freight forwarding, and shipping services across the United States. Flock Freight differentiates itself by using technology to optimize shipping routes and consolidate shipments, reducing costs and environmental impact. The company's services are primarily targeted at businesses seeking efficient and cost-effective freight solutions.","business, industry, supply-chain, manufacturing","true","148%","6600","Exploding","exponential","Non-seasonal","Low","Positive","declining","Past 5 years","https://signails.com/topics/flock-freight","{""facebook"":275,""linkedin"":732,""twitter"":14,""pinterest"":117,""reddit"":50,""tiktok"":16,""youtube"":58}","2021-04-01: 31, 2021-05-01: 26, 2021-06-01: 41, 2021-07-01: 30, 2021-08-01: 40, 2021-09-01: 33, 2021-10-01: 52, 2021-11-01: 50, 2021-12-01: 38, 2022-01-01: 60, 2022-02-01: 58, 2022-03-01: 66, 2022-04-01: 72, 2022-05-01: 74, 2022-06-01: 86, 2022-07-01: 67, 2022-08-01: 92, 2022-09-01: 89, 2022-10-01: 97, 2022-11-01: 100, 2022-12-01: 89, 2023-01-01: 80, 2023-02-01: 88, 2023-03-01: 84, 2023-04-01: 98, 2023-05-01: 92, 2023-06-01: 67, 2023-07-01: 69, 2023-08-01: 75, 2023-09-01: 60, 2023-10-01: 66, 2023-11-01: 49, 2023-12-01: 47, 2024-01-01: 52, 2024-02-01: 62, 2024-03-01: 56, 2024-04-01: 51, 2024-05-01: 50, 2024-06-01: 43, 2024-07-01: 54, 2024-08-01: 51, 2024-09-01: 53, 2024-10-01: 50, 2024-11-01: 45, 2024-12-01: 51, 2025-01-01: 48, 2025-02-01: 68, 2025-03-01: 55, 2025-04-01: 50, 2025-05-01: 55, 2025-06-01: 64, 2025-07-01: 61, 2025-08-01: 79, 2025-09-01: 68, 2025-10-01: 62, 2025-11-01: 53, 2025-12-01: 47, 2026-01-01: 52, 2026-02-01: 56, 2026-03-01: 77, 2026-04-05: 49, 2026-04-12: 48"
"Fridayparts","Online retailer specializing in high-performance engine cooling fans and radiators for construction machinery. By cutting out middlemen and supplying directly from their large manufacturing base in China, they aim to provide high-quality products and services at competitive prices. The company primarily serves construction machinery operators and businesses seeking reliable and cost-effective cooling solutions.","business, industry, ecommerce, retail, supply-chain, manufacturing","true","436.00000000000006%","14800","Exploding","exponential","Non-seasonal","Average","Positive","growing","Past 5 years","https://signails.com/topics/fridayparts","{""facebook"":1120,""linkedin"":28,""twitter"":15,""pinterest"":213,""reddit"":14,""tiktok"":165,""youtube"":377}","2021-04-01: 8, 2021-05-01: 14, 2021-06-01: 0, 2021-07-01: 12, 2021-08-01: 10, 2021-09-01: 12, 2021-10-01: 11, 2021-11-01: 0, 2021-12-01: 9, 2022-01-01: 13, 2022-02-01: 13, 2022-03-01: 10, 2022-04-01: 10, 2022-05-01: 9, 2022-06-01: 7, 2022-07-01: 8, 2022-08-01: 16, 2022-09-01: 13, 2022-10-01: 11, 2022-11-01: 17, 2022-12-01: 16, 2023-01-01: 14, 2023-02-01: 18, 2023-03-01: 16, 2023-04-01: 23, 2023-05-01: 17, 2023-06-01: 20, 2023-07-01: 19, 2023-08-01: 13, 2023-09-01: 19, 2023-10-01: 26, 2023-11-01: 19, 2023-12-01: 18, 2024-01-01: 21, 2024-02-01: 29, 2024-03-01: 22, 2024-04-01: 25, 2024-05-01: 31, 2024-06-01: 25, 2024-07-01: 37, 2024-08-01: 35, 2024-09-01: 31, 2024-10-01: 31, 2024-11-01: 43, 2024-12-01: 41, 2025-01-01: 33, 2025-02-01: 43, 2025-03-01: 46, 2025-04-01: 56, 2025-05-01: 60, 2025-06-01: 52, 2025-07-01: 68, 2025-08-01: 93, 2025-09-01: 100, 2025-10-01: 73, 2025-11-01: 91, 2025-12-01: 86, 2026-01-01: 67, 2026-02-01: 98, 2026-03-01: 91, 2026-04-01: 75, 2026-04-05: 76, 2026-04-12: 75"
"Togoodtogo","Service with a mobile application that connects customers to restaurants and stores with surplus unsold food. It aims to reduce food waste by allowing users to purchase surplus food at a reduced price, thereby helping the environment. The service primarily targets environmentally conscious consumers and budget-conscious individuals looking for affordable meal options.","business, technology, food-beverage, retail, food, supply-chain","true","22%","590","Exploding","stationary","Seasonal","Low","Positive","growing","Past 5 years","https://signails.com/topics/togoodtogo","{""facebook"":866,""linkedin"":126,""twitter"":15,""pinterest"":25,""reddit"":114,""tiktok"":1280,""youtube"":292}","2021-04-01: 67, 2021-05-01: 66, 2021-06-01: 54, 2021-07-01: 57, 2021-08-01: 58, 2021-09-01: 69, 2021-10-01: 69, 2021-11-01: 57, 2021-12-01: 49, 2022-01-01: 62, 2022-02-01: 67, 2022-03-01: 60, 2022-04-01: 64, 2022-05-01: 60, 2022-06-01: 70, 2022-07-01: 60, 2022-08-01: 50, 2022-09-01: 86, 2022-10-01: 82, 2022-11-01: 63, 2022-12-01: 57, 2023-01-01: 74, 2023-02-01: 85, 2023-03-01: 75, 2023-04-01: 64, 2023-05-01: 60, 2023-06-01: 44, 2023-07-01: 53, 2023-08-01: 60, 2023-09-01: 70, 2023-10-01: 75, 2023-11-01: 74, 2023-12-01: 55, 2024-01-01: 85, 2024-02-01: 100, 2024-03-01: 99, 2024-04-01: 85, 2024-05-01: 76, 2024-06-01: 77, 2024-07-01: 80, 2024-08-01: 66, 2024-09-01: 79, 2024-10-01: 96, 2024-11-01: 78, 2024-12-01: 68, 2025-01-01: 93, 2025-02-01: 97, 2025-03-01: 88, 2025-04-01: 77, 2025-05-01: 84, 2025-06-01: 86, 2025-07-01: 78, 2025-08-01: 74, 2025-09-01: 82, 2025-10-01: 91, 2025-11-01: 81, 2025-12-01: 62, 2026-01-01: 86, 2026-02-01: 78, 2026-03-01: 82, 2026-03-22: 62, 2026-03-29: 60, 2026-04-05: 57, 2026-04-12: 54"
"OnBuy","British-born online marketplace that offers a wide range of products, including popular brands, aiming to provide value and rewards to its customers. It differentiates itself by positioning as a one-stop shopping destination with a mission to improve online retail through competitive pricing and a diverse product selection. OnBuy primarily targets online shoppers looking for a comprehensive and rewarding shopping experience.","business, technology, ecommerce, retail, supply-chain","true","41%","165000","Exploding","stationary","Seasonal","Low","Positive","stationary","Past 5 years","https://signails.com/topics/onbuy","{""facebook"":6310,""linkedin"":670,""twitter"":45,""pinterest"":1500,""reddit"":829,""tiktok"":167,""youtube"":375}","2021-04-01: 56, 2021-05-01: 51, 2021-06-01: 47, 2021-07-01: 47, 2021-08-01: 50, 2021-09-01: 49, 2021-10-01: 62, 2021-11-01: 70, 2021-12-01: 64, 2022-01-01: 54, 2022-02-01: 44, 2022-03-01: 47, 2022-04-01: 45, 2022-05-01: 49, 2022-06-01: 47, 2022-07-01: 55, 2022-08-01: 43, 2022-09-01: 41, 2022-10-01: 47, 2022-11-01: 58, 2022-12-01: 53, 2023-01-01: 45, 2023-02-01: 40, 2023-03-01: 40, 2023-04-01: 48, 2023-05-01: 56, 2023-06-01: 72, 2023-07-01: 78, 2023-08-01: 83, 2023-09-01: 79, 2023-10-01: 82, 2023-11-01: 95, 2023-12-01: 87, 2024-01-01: 71, 2024-02-01: 77, 2024-03-01: 69, 2024-04-01: 77, 2024-05-01: 79, 2024-06-01: 76, 2024-07-01: 79, 2024-08-01: 81, 2024-09-01: 81, 2024-10-01: 86, 2024-11-01: 89, 2024-12-01: 80, 2025-01-01: 68, 2025-02-01: 61, 2025-03-01: 69, 2025-04-01: 68, 2025-05-01: 78, 2025-06-01: 82, 2025-07-01: 69, 2025-08-01: 76, 2025-09-01: 76, 2025-10-01: 85, 2025-11-01: 100, 2025-12-01: 83, 2026-01-01: 72, 2026-02-01: 69, 2026-03-01: 79, 2026-04-05: 72, 2026-04-12: 76"
"vivosun","Company specializing in products for indoor gardening and hydroponics. Vivosun offers a variety of items including smart grow systems, grow kits, grow tents, grow lights, climate control equipment, and gardening supplies, focusing on low-environmental-impact designs. The target demographic includes indoor gardeners and hydroponic enthusiasts seeking efficient and sustainable growing solutions.","business, home, lifestyle, retail, gardening-agriculture, supply-chain","true","243.00000000000003%","33100","Exploding","exponential","Non-seasonal","Average","Positive","growing","Past 5 years","https://signails.com/topics/vivosun","{""facebook"":11900,""linkedin"":37,""twitter"":7,""pinterest"":2470,""reddit"":15700,""tiktok"":718,""youtube"":3050}","2021-04-01: 23, 2021-05-01: 21, 2021-06-01: 19, 2021-07-01: 20, 2021-08-01: 20, 2021-09-01: 21, 2021-10-01: 20, 2021-11-01: 22, 2021-12-01: 21, 2022-01-01: 22, 2022-02-01: 24, 2022-03-01: 23, 2022-04-01: 24, 2022-05-01: 20, 2022-06-01: 17, 2022-07-01: 18, 2022-08-01: 18, 2022-09-01: 18, 2022-10-01: 19, 2022-11-01: 18, 2022-12-01: 18, 2023-01-01: 20, 2023-02-01: 21, 2023-03-01: 22, 2023-04-01: 21, 2023-05-01: 17, 2023-06-01: 19, 2023-07-01: 19, 2023-08-01: 22, 2023-09-01: 25, 2023-10-01: 26, 2023-11-01: 31, 2023-12-01: 30, 2024-01-01: 30, 2024-02-01: 30, 2024-03-01: 34, 2024-04-01: 35, 2024-05-01: 30, 2024-06-01: 31, 2024-07-01: 32, 2024-08-01: 30, 2024-09-01: 31, 2024-10-01: 32, 2024-11-01: 39, 2024-12-01: 40, 2025-01-01: 40, 2025-02-01: 38, 2025-03-01: 46, 2025-04-01: 54, 2025-05-01: 47, 2025-06-01: 46, 2025-07-01: 54, 2025-08-01: 67, 2025-09-01: 68, 2025-10-01: 68, 2025-11-01: 69, 2025-12-01: 64, 2026-01-01: 62, 2026-02-01: 72, 2026-03-01: 79, 2026-04-05: 103, 2026-04-12: 103"
"Sennder","Digital freight forwarding company operating primarily in Europe, connecting small to mid-sized trucking companies with shippers. It aims to optimize logistics and reduce the number of return journeys trucks make by specializing in Full Truck Loads (FTL) and leveraging digital technology to enhance efficiency and transparency in road freight logistics. Sennder primarily benefits shippers and trucking companies looking for efficient and transparent logistics solutions.","business, technology, supply-chain, productivity","true","42%","5400","Exploding","exponential","Seasonal","Low","Positive","growing","Past 5 years","https://signails.com/topics/sennder","{""facebook"":281,""linkedin"":2060,""twitter"":14,""pinterest"":21,""reddit"":16,""tiktok"":14,""youtube"":160}","2021-04-01: 48, 2021-05-01: 51, 2021-06-01: 64, 2021-07-01: 44, 2021-08-01: 38, 2021-09-01: 46, 2021-10-01: 48, 2021-11-01: 47, 2021-12-01: 35, 2022-01-01: 53, 2022-02-01: 48, 2022-03-01: 58, 2022-04-01: 48, 2022-05-01: 60, 2022-06-01: 47, 2022-07-01: 49, 2022-08-01: 50, 2022-09-01: 50, 2022-10-01: 51, 2022-11-01: 49, 2022-12-01: 44, 2023-01-01: 51, 2023-02-01: 54, 2023-03-01: 58, 2023-04-01: 51, 2023-05-01: 51, 2023-06-01: 57, 2023-07-01: 53, 2023-08-01: 47, 2023-09-01: 47, 2023-10-01: 58, 2023-11-01: 64, 2023-12-01: 57, 2024-01-01: 53, 2024-02-01: 63, 2024-03-01: 63, 2024-04-01: 49, 2024-05-01: 47, 2024-06-01: 43, 2024-07-01: 81, 2024-08-01: 58, 2024-09-01: 53, 2024-10-01: 53, 2024-11-01: 55, 2024-12-01: 42, 2025-01-01: 45, 2025-02-01: 63, 2025-03-01: 47, 2025-04-01: 40, 2025-05-01: 49, 2025-06-01: 50, 2025-07-01: 41, 2025-08-01: 57, 2025-09-01: 74, 2025-10-01: 63, 2025-11-01: 67, 2025-12-01: 47, 2026-01-01: 60, 2026-02-01: 68, 2026-03-01: 68, 2026-04-05: 60, 2026-04-12: 63"
"Flowspace","Company providing a fulfillment network to assist brands in managing logistics, warehousing, order fulfillment, and inventory management. Flowspace differentiates itself by offering a scalable and flexible solution that integrates with various e-commerce platforms, ensuring efficient and reliable post-purchase experiences for customers. The primary target demographic includes e-commerce businesses and brands seeking to optimize their supply chain operations and enhance customer satisfaction.","business, technology, ecommerce, supply-chain, retail","true","219%","18100","Exploding","exponential","Seasonal","Low","Positive","growing","Past 5 years","https://signails.com/topics/flowspace","{""facebook"":748,""linkedin"":466,""twitter"":15,""pinterest"":52,""reddit"":42,""tiktok"":149,""youtube"":253}","2021-04-01: 21, 2021-05-01: 20, 2021-06-01: 18, 2021-07-01: 21, 2021-08-01: 19, 2021-09-01: 19, 2021-10-01: 18, 2021-11-01: 19, 2021-12-01: 23, 2022-01-01: 18, 2022-02-01: 20, 2022-03-01: 19, 2022-04-01: 23, 2022-05-01: 25, 2022-06-01: 24, 2022-07-01: 19, 2022-08-01: 27, 2022-09-01: 22, 2022-10-01: 20, 2022-11-01: 25, 2022-12-01: 24, 2023-01-01: 24, 2023-02-01: 24, 2023-03-01: 20, 2023-04-01: 21, 2023-05-01: 23, 2023-06-01: 21, 2023-07-01: 21, 2023-08-01: 23, 2023-09-01: 28, 2023-10-01: 15, 2023-11-01: 23, 2023-12-01: 19, 2024-01-01: 17, 2024-02-01: 26, 2024-03-01: 22, 2024-04-01: 18, 2024-05-01: 22, 2024-06-01: 23, 2024-07-01: 28, 2024-08-01: 24, 2024-09-01: 26, 2024-10-01: 29, 2024-11-01: 27, 2024-12-01: 34, 2025-01-01: 31, 2025-02-01: 31, 2025-03-01: 32, 2025-04-01: 34, 2025-05-01: 33, 2025-06-01: 44, 2025-07-01: 42, 2025-08-01: 51, 2025-09-01: 63, 2025-10-01: 50, 2025-11-01: 67, 2025-12-01: 54, 2026-01-01: 57, 2026-02-01: 100, 2026-03-01: 67, 2026-04-05: 51, 2026-04-12: 58"
"Nivoda","Company focused on addressing inefficiencies in diamond trading by streamlining the sourcing process. Nivoda differentiates itself by helping businesses increase sales and margins while removing the operational burden of sourcing diamonds, regardless of the business's size or location. The primary target demographic includes jewelry retailers and diamond traders seeking to optimize their supply chain and improve profitability.","business, fashion, industry, supply-chain, jewelry","true","1067%","18100","Exploding","constant","Non-seasonal","Low","Neutral","stationary","Past 5 years","https://signails.com/topics/nivoda","{""facebook"":293,""linkedin"":768,""twitter"":22,""pinterest"":22,""reddit"":22,""tiktok"":22,""youtube"":81}","2021-04-01: 5, 2021-05-01: 6, 2021-06-01: 5, 2021-07-01: 6, 2021-08-01: 5, 2021-09-01: 8, 2021-10-01: 8, 2021-11-01: 8, 2021-12-01: 10, 2022-01-01: 12, 2022-02-01: 13, 2022-03-01: 15, 2022-04-01: 15, 2022-05-01: 16, 2022-06-01: 20, 2022-07-01: 23, 2022-08-01: 24, 2022-09-01: 25, 2022-10-01: 17, 2022-11-01: 23, 2022-12-01: 19, 2023-01-01: 24, 2023-02-01: 30, 2023-03-01: 28, 2023-04-01: 32, 2023-05-01: 30, 2023-06-01: 39, 2023-07-01: 40, 2023-08-01: 31, 2023-09-01: 39, 2023-10-01: 45, 2023-11-01: 38, 2023-12-01: 34, 2024-01-01: 39, 2024-02-01: 60, 2024-03-01: 54, 2024-04-01: 47, 2024-05-01: 59, 2024-06-01: 55, 2024-07-01: 56, 2024-08-01: 58, 2024-09-01: 61, 2024-10-01: 60, 2024-11-01: 63, 2024-12-01: 56, 2025-01-01: 72, 2025-02-01: 65, 2025-03-01: 64, 2025-04-01: 69, 2025-05-01: 64, 2025-06-01: 72, 2025-07-01: 74, 2025-08-01: 73, 2025-09-01: 78, 2025-10-01: 66, 2025-11-01: 73, 2025-12-01: 59, 2026-01-01: 58, 2026-02-01: 61, 2026-03-01: 100, 2026-04-01: 70, 2026-03-29: 48, 2026-04-05: 41, 2026-04-12: 35"
"Navlungo","A company that manages logistics and cargo processes for freight-owning customers, companies, and marketplace sellers engaged in cross-border e-commerce. It offers a platform where users can request multiple logistics quotes online and choose the most suitable option based on their needs and budget, differentiating itself by providing a comprehensive and user-friendly solution for international shipping. Navlungo primarily targets businesses and individuals involved in cross-border trade who require efficient and cost-effective logistics solutions.","business, technology, industry, supply-chain, productivity","true","130%","27100","Exploding","exponential","Non-seasonal","Low","Positive","growing","Past 5 years","https://signails.com/topics/navlungo","{""facebook"":593,""linkedin"":943,""twitter"":40,""pinterest"":14,""reddit"":0,""tiktok"":14,""youtube"":129}","2021-04-01: 33, 2021-05-01: 30, 2021-06-01: 24, 2021-07-01: 26, 2021-08-01: 26, 2021-09-01: 27, 2021-10-01: 28, 2021-11-01: 41, 2021-12-01: 48, 2022-01-01: 74, 2022-02-01: 65, 2022-03-01: 75, 2022-04-01: 70, 2022-05-01: 68, 2022-06-01: 78, 2022-07-01: 69, 2022-08-01: 75, 2022-09-01: 92, 2022-10-01: 89, 2022-11-01: 94, 2022-12-01: 100, 2023-01-01: 82, 2023-02-01: 72, 2023-03-01: 73, 2023-04-01: 71, 2023-05-01: 66, 2023-06-01: 67, 2023-07-01: 75, 2023-08-01: 75, 2023-09-01: 71, 2023-10-01: 76, 2023-11-01: 68, 2023-12-01: 69, 2024-01-01: 70, 2024-02-01: 64, 2024-03-01: 58, 2024-04-01: 53, 2024-05-01: 59, 2024-06-01: 43, 2024-07-01: 56, 2024-08-01: 60, 2024-09-01: 54, 2024-10-01: 58, 2024-11-01: 57, 2024-12-01: 68, 2025-01-01: 66, 2025-02-01: 71, 2025-03-01: 64, 2025-04-01: 70, 2025-05-01: 73, 2025-06-01: 63, 2025-07-01: 74, 2025-08-01: 79, 2025-09-01: 82, 2025-10-01: 74, 2025-11-01: 73, 2025-12-01: 88, 2026-01-01: 69, 2026-02-01: 73, 2026-03-01: 70, 2026-04-01: 69, 2026-04-05: 75, 2026-04-12: 72"
"Kairos water","Comprehensive water leak detection and smart sub-metering solution designed to protect real estate assets. Kairos water offers advanced monitoring and alert systems to detect leaks early, preventing potential damage and reducing water waste, which differentiates it from traditional water management systems. This solution is particularly beneficial for property managers, real estate developers, and facility maintenance teams seeking to safeguard their assets and improve water efficiency.","business, technology, real-estate, supply-chain","true","6500%","90","Exploding","exponential","Non-seasonal","Average","Positive","declining","Past 5 years","https://signails.com/topics/kairos-water","{""facebook"":74,""linkedin"":23,""twitter"":14,""pinterest"":37,""reddit"":0,""tiktok"":1,""youtube"":0}","2021-04-01: 0, 2021-05-01: 7, 2021-06-01: 0, 2021-07-01: 11, 2021-08-01: 0, 2021-09-01: 0, 2021-10-01: 0, 2021-11-01: 0, 2021-12-01: 10, 2022-01-01: 12, 2022-02-01: 12, 2022-03-01: 9, 2022-04-01: 14, 2022-05-01: 10, 2022-06-01: 13, 2022-07-01: 10, 2022-08-01: 10, 2022-09-01: 10, 2022-10-01: 12, 2022-11-01: 9, 2022-12-01: 10, 2023-01-01: 0, 2023-02-01: 12, 2023-03-01: 8, 2023-04-01: 8, 2023-05-01: 12, 2023-06-01: 11, 2023-07-01: 16, 2023-08-01: 10, 2023-09-01: 11, 2023-10-01: 12, 2023-11-01: 9, 2023-12-01: 8, 2024-01-01: 9, 2024-02-01: 13, 2024-03-01: 0, 2024-04-01: 14, 2024-05-01: 11, 2024-06-01: 13, 2024-07-01: 9, 2024-08-01: 12, 2024-09-01: 13, 2024-10-01: 10, 2024-11-01: 14, 2024-12-01: 0, 2025-01-01: 11, 2025-02-01: 12, 2025-03-01: 12, 2025-04-01: 9, 2025-05-01: 12, 2025-06-01: 16, 2025-07-01: 24, 2025-08-01: 100, 2025-09-01: 54, 2025-10-01: 55, 2025-11-01: 46, 2025-12-01: 40, 2026-01-01: 46, 2026-02-01: 75, 2026-03-01: 66, 2026-04-05: 22, 2026-04-12: 22"
"Sendify","Web-based shipping service designed for small businesses to help them save time and money. It allows users to optimize their supply chains and ship more efficiently, differentiating itself by providing a user-friendly platform that simplifies logistics management. The primary target demographic for Sendify includes small business owners and entrepreneurs looking to streamline their shipping processes and reduce costs.","business, technology, supply-chain, productivity","true","25%","9900","Exploding","exponential","Seasonal","Low","Positive","growing","Past 5 years","https://signails.com/topics/sendify","{""facebook"":383,""linkedin"":211,""twitter"":0,""pinterest"":20,""reddit"":0,""tiktok"":27,""youtube"":74}","2021-04-01: 50, 2021-05-01: 52, 2021-06-01: 40, 2021-07-01: 35, 2021-08-01: 40, 2021-09-01: 57, 2021-10-01: 56, 2021-11-01: 62, 2021-12-01: 71, 2022-01-01: 67, 2022-02-01: 79, 2022-03-01: 81, 2022-04-01: 75, 2022-05-01: 77, 2022-06-01: 72, 2022-07-01: 58, 2022-08-01: 68, 2022-09-01: 74, 2022-10-01: 67, 2022-11-01: 75, 2022-12-01: 62, 2023-01-01: 73, 2023-02-01: 73, 2023-03-01: 64, 2023-04-01: 55, 2023-05-01: 61, 2023-06-01: 60, 2023-07-01: 57, 2023-08-01: 49, 2023-09-01: 54, 2023-10-01: 63, 2023-11-01: 58, 2023-12-01: 56, 2024-01-01: 66, 2024-02-01: 75, 2024-03-01: 58, 2024-04-01: 69, 2024-05-01: 58, 2024-06-01: 49, 2024-07-01: 46, 2024-08-01: 54, 2024-09-01: 76, 2024-10-01: 73, 2024-11-01: 73, 2024-12-01: 60, 2025-01-01: 73, 2025-02-01: 76, 2025-03-01: 87, 2025-04-01: 69, 2025-05-01: 81, 2025-06-01: 71, 2025-07-01: 72, 2025-08-01: 77, 2025-09-01: 83, 2025-10-01: 92, 2025-11-01: 90, 2025-12-01: 78, 2026-01-01: 79, 2026-02-01: 91, 2026-03-01: 100, 2026-04-01: 65, 2026-04-05: 70, 2026-04-12: 70"
"Fully Promoted","Fully Promoted is a U.S.-based franchise specializing in custom embroidery and screen printing services. It offers a variety of promotional products and services to help businesses with their branding and marketing efforts, differentiating itself through a comprehensive range of customizable options. The primary target demographic includes businesses and organizations seeking to enhance their brand visibility through personalized promotional items.","business, industry, retail, marketing, supply-chain","true","67%","9900","Exploding","exponential","Seasonal","Low","Neutral","stationary","Past 5 years","https://signails.com/topics/fully-promoted","{""facebook"":12800,""linkedin"":1860,""twitter"":71,""pinterest"":97,""reddit"":29,""tiktok"":39,""youtube"":379}","2021-04-01: 37, 2021-05-01: 39, 2021-06-01: 45, 2021-07-01: 34, 2021-08-01: 40, 2021-09-01: 42, 2021-10-01: 39, 2021-11-01: 43, 2021-12-01: 37, 2022-01-01: 43, 2022-02-01: 54, 2022-03-01: 48, 2022-04-01: 44, 2022-05-01: 51, 2022-06-01: 53, 2022-07-01: 52, 2022-08-01: 51, 2022-09-01: 54, 2022-10-01: 56, 2022-11-01: 42, 2022-12-01: 40, 2023-01-01: 48, 2023-02-01: 52, 2023-03-01: 56, 2023-04-01: 45, 2023-05-01: 50, 2023-06-01: 51, 2023-07-01: 46, 2023-08-01: 59, 2023-09-01: 54, 2023-10-01: 54, 2023-11-01: 51, 2023-12-01: 38, 2024-01-01: 46, 2024-02-01: 60, 2024-03-01: 56, 2024-04-01: 57, 2024-05-01: 62, 2024-06-01: 54, 2024-07-01: 65, 2024-08-01: 65, 2024-09-01: 62, 2024-10-01: 59, 2024-11-01: 57, 2024-12-01: 53, 2025-01-01: 63, 2025-02-01: 69, 2025-03-01: 64, 2025-04-01: 68, 2025-05-01: 62, 2025-06-01: 74, 2025-07-01: 65, 2025-08-01: 83, 2025-09-01: 79, 2025-10-01: 79, 2025-11-01: 76, 2025-12-01: 70, 2026-01-01: 74, 2026-02-01: 100, 2026-03-01: 86, 2026-04-01: 65, 2026-04-05: 65, 2026-04-12: 70"
"Confident Cannabis","Software company founded in 2015 that specializes in simplifying the testing and wholesale trade of cannabis. Their software helps legal operators test, buy, and sell compliant cannabis, thereby instilling trust and transparency in the cannabis industry. The primary beneficiaries of Confident Cannabis are legal cannabis operators and testing labs seeking reliable and efficient solutions for compliance and trade.","business, technology, industry, productivity, supply-chain","true","5%","11000","Exploding","exponential","Non-seasonal","Average","Positive","stationary","Past 5 years","https://signails.com/topics/confident-cannabis","{""facebook"":18,""linkedin"":14,""twitter"":15,""pinterest"":0,""reddit"":28,""tiktok"":14,""youtube"":19}","2021-04-01: 58, 2021-05-01: 79, 2021-06-01: 51, 2021-07-01: 65, 2021-08-01: 77, 2021-09-01: 47, 2021-10-01: 56, 2021-11-01: 62, 2021-12-01: 50, 2022-01-01: 66, 2022-02-01: 61, 2022-03-01: 41, 2022-04-01: 77, 2022-05-01: 66, 2022-06-01: 80, 2022-07-01: 59, 2022-08-01: 60, 2022-09-01: 80, 2022-10-01: 58, 2022-11-01: 49, 2022-12-01: 51, 2023-01-01: 92, 2023-02-01: 79, 2023-03-01: 89, 2023-04-01: 100, 2023-05-01: 77, 2023-06-01: 60, 2023-07-01: 63, 2023-08-01: 59, 2023-09-01: 50, 2023-10-01: 50, 2023-11-01: 59, 2023-12-01: 45, 2024-01-01: 54, 2024-02-01: 49, 2024-03-01: 46, 2024-04-01: 47, 2024-05-01: 55, 2024-06-01: 38, 2024-07-01: 38, 2024-08-01: 47, 2024-09-01: 47, 2024-10-01: 52, 2024-11-01: 49, 2024-12-01: 55, 2025-01-01: 41, 2025-02-01: 58, 2025-03-01: 46, 2025-04-01: 71, 2025-05-01: 45, 2025-06-01: 48, 2025-07-01: 44, 2025-08-01: 82, 2025-09-01: 77, 2025-10-01: 71, 2025-11-01: 68, 2025-12-01: 42, 2026-01-01: 56, 2026-02-01: 67, 2026-03-01: 61, 2026-04-05: 25, 2026-04-12: 36"
"Goodbuy Gear","Online children's consignment store created by parents for parents, offering a managed marketplace for buying and selling quality-used baby and kid products. Goodbuy Gear differentiates itself by providing a safe and sustainable platform, ensuring the quality and safety of items through a managed process. The service primarily targets parents looking for affordable, high-quality children's items while promoting sustainability.","business, lifestyle, ecommerce, retail, baby, supply-chain","true","5700%","27100","Exploding","exponential","Non-seasonal","Low","Positive","stationary","Past 5 years","https://signails.com/topics/goodbuy-gear","{""facebook"":459,""linkedin"":153,""twitter"":14,""pinterest"":83,""reddit"":61,""tiktok"":75,""youtube"":47}","2021-04-01: 0, 2021-05-01: 0, 2021-06-01: 0, 2021-07-01: 0, 2021-08-01: 0, 2021-09-01: 0, 2021-10-01: 0, 2021-11-01: 0, 2021-12-01: 0, 2022-01-01: 7, 2022-02-01: 29, 2022-03-01: 22, 2022-04-01: 20, 2022-05-01: 33, 2022-06-01: 26, 2022-07-01: 29, 2022-08-01: 34, 2022-09-01: 28, 2022-10-01: 42, 2022-11-01: 45, 2022-12-01: 37, 2023-01-01: 57, 2023-02-01: 46, 2023-03-01: 37, 2023-04-01: 39, 2023-05-01: 34, 2023-06-01: 100, 2023-07-01: 71, 2023-08-01: 47, 2023-09-01: 36, 2023-10-01: 40, 2023-11-01: 38, 2023-12-01: 30, 2024-01-01: 38, 2024-02-01: 51, 2024-03-01: 45, 2024-04-01: 49, 2024-05-01: 44, 2024-06-01: 43, 2024-07-01: 34, 2024-08-01: 45, 2024-09-01: 29, 2024-10-01: 29, 2024-11-01: 43, 2024-12-01: 26, 2025-01-01: 42, 2025-02-01: 35, 2025-03-01: 35, 2025-04-01: 45, 2025-05-01: 43, 2025-06-01: 58, 2025-07-01: 44, 2025-08-01: 57, 2025-09-01: 55, 2025-10-01: 51, 2025-11-01: 72, 2025-12-01: 44, 2026-01-01: 45, 2026-02-01: 52, 2026-03-01: 69, 2026-04-01: 58, 2026-03-29: 44, 2026-04-05: 46, 2026-04-12: 51"
"sipeed","Company specializing in AI modules, AIoT modeling platforms, face recognition terminals, and AI open-source hardware. Sipeed provides one-stop customization services for hardware, software, cloud platforms, and mass production, enabling customers to develop their products quickly, economically, and reliably. The company's offerings are particularly beneficial for developers and businesses looking to integrate advanced AI and IoT technologies into their products.","business, technology, industry, manufacturing, productivity, supply-chain","true","589%","2400","Exploding","exponential","Seasonal","Low","Neutral","declining","Past 5 years","https://signails.com/topics/sipeed","{""facebook"":508,""linkedin"":114,""twitter"":100,""pinterest"":384,""reddit"":1890,""tiktok"":29,""youtube"":442}","2021-04-01: 9, 2021-05-01: 9, 2021-06-01: 10, 2021-07-01: 6, 2021-08-01: 9, 2021-09-01: 9, 2021-10-01: 10, 2021-11-01: 13, 2021-12-01: 10, 2022-01-01: 16, 2022-02-01: 13, 2022-03-01: 12, 2022-04-01: 15, 2022-05-01: 11, 2022-06-01: 11, 2022-07-01: 9, 2022-08-01: 9, 2022-09-01: 17, 2022-10-01: 15, 2022-11-01: 16, 2022-12-01: 20, 2023-01-01: 21, 2023-02-01: 18, 2023-03-01: 16, 2023-04-01: 12, 2023-05-01: 17, 2023-06-01: 14, 2023-07-01: 20, 2023-08-01: 22, 2023-09-01: 13, 2023-10-01: 18, 2023-11-01: 16, 2023-12-01: 20, 2024-01-01: 21, 2024-02-01: 19, 2024-03-01: 21, 2024-04-01: 21, 2024-05-01: 19, 2024-06-01: 17, 2024-07-01: 22, 2024-08-01: 22, 2024-09-01: 34, 2024-10-01: 33, 2024-11-01: 30, 2024-12-01: 31, 2025-01-01: 37, 2025-02-01: 33, 2025-03-01: 39, 2025-04-01: 36, 2025-05-01: 35, 2025-06-01: 55, 2025-07-01: 45, 2025-08-01: 79, 2025-09-01: 70, 2025-10-01: 66, 2025-11-01: 71, 2025-12-01: 85, 2026-01-01: 62, 2026-02-01: 100, 2026-03-01: 88, 2026-04-01: 62, 2026-04-05: 49, 2026-04-12: 47"
"Headless commerce","Ecommerce model where the front-end presentation layer is decoupled from the back-end functionality. This separation allows for greater flexibility in delivering content across various platforms such as websites, mobile apps, kiosks, and IoT devices, enabling businesses to create more customized and seamless user experiences. Headless commerce is particularly beneficial for businesses seeking to innovate and provide a consistent user experience across multiple digital touchpoints.","business, technology, ecommerce, retail, productivity, supply-chain","false","445%","2900","Exploding","exponential","Non-seasonal","Average","Positive","declining","Past 5 years","https://signails.com/topics/headless-commerce","{""facebook"":373,""linkedin"":1160,""twitter"":40,""pinterest"":278,""reddit"":154,""tiktok"":14,""youtube"":366}","2021-04-01: 9, 2021-05-01: 11, 2021-06-01: 14, 2021-07-01: 13, 2021-08-01: 13, 2021-09-01: 17, 2021-10-01: 20, 2021-11-01: 17, 2021-12-01: 18, 2022-01-01: 20, 2022-02-01: 25, 2022-03-01: 23, 2022-04-01: 26, 2022-05-01: 29, 2022-06-01: 28, 2022-07-01: 27, 2022-08-01: 23, 2022-09-01: 24, 2022-10-01: 22, 2022-11-01: 23, 2022-12-01: 25, 2023-01-01: 23, 2023-02-01: 22, 2023-03-01: 23, 2023-04-01: 21, 2023-05-01: 28, 2023-06-01: 28, 2023-07-01: 26, 2023-08-01: 24, 2023-09-01: 27, 2023-10-01: 27, 2023-11-01: 25, 2023-12-01: 27, 2024-01-01: 26, 2024-02-01: 29, 2024-03-01: 27, 2024-04-01: 25, 2024-05-01: 24, 2024-06-01: 24, 2024-07-01: 26, 2024-08-01: 19, 2024-09-01: 20, 2024-10-01: 21, 2024-11-01: 20, 2024-12-01: 16, 2025-01-01: 17, 2025-02-01: 22, 2025-03-01: 25, 2025-04-01: 28, 2025-05-01: 34, 2025-06-01: 44, 2025-07-01: 45, 2025-08-01: 85, 2025-09-01: 81, 2025-10-01: 78, 2025-11-01: 65, 2025-12-01: 59, 2026-01-01: 61, 2026-02-01: 100, 2026-03-01: 99, 2026-04-01: 60, 2026-03-29: 52, 2026-04-05: 50, 2026-04-12: 49"
"XFarm","Comprehensive digital agriculture platform designed to streamline and modernize farming operations of all sizes. It offers integrated tools, sensors, and data-driven insights tailored to agriculture, helping farmers monitor field information, optimize irrigation strategies, protect crops, and manage farm machinery efficiently. XFarm aims to use data to improve farming practices and enhance sustainability in agriculture, primarily targeting farmers and agricultural businesses seeking to enhance productivity and sustainability.","business, technology, lifestyle, productivity, supply-chain, gardening-agriculture","true","288%","9900","Exploding","constant","Seasonal","Average","Positive","growing","Past 5 years","https://signails.com/topics/xfarm","{""facebook"":2480,""linkedin"":1040,""twitter"":15,""pinterest"":15,""reddit"":14,""tiktok"":75,""youtube"":338}","2021-04-01: 22, 2021-05-01: 16, 2021-06-01: 29, 2021-07-01: 15, 2021-08-01: 19, 2021-09-01: 19, 2021-10-01: 23, 2021-11-01: 28, 2021-12-01: 19, 2022-01-01: 37, 2022-02-01: 41, 2022-03-01: 41, 2022-04-01: 40, 2022-05-01: 41, 2022-06-01: 37, 2022-07-01: 37, 2022-08-01: 43, 2022-09-01: 54, 2022-10-01: 43, 2022-11-01: 63, 2022-12-01: 38, 2023-01-01: 44, 2023-02-01: 58, 2023-03-01: 53, 2023-04-01: 44, 2023-05-01: 48, 2023-06-01: 43, 2023-07-01: 54, 2023-08-01: 36, 2023-09-01: 51, 2023-10-01: 61, 2023-11-01: 67, 2023-12-01: 39, 2024-01-01: 62, 2024-02-01: 92, 2024-03-01: 68, 2024-04-01: 71, 2024-05-01: 77, 2024-06-01: 67, 2024-07-01: 65, 2024-08-01: 52, 2024-09-01: 62, 2024-10-01: 84, 2024-11-01: 90, 2024-12-01: 57, 2025-01-01: 73, 2025-02-01: 79, 2025-03-01: 92, 2025-04-01: 77, 2025-05-01: 72, 2025-06-01: 73, 2025-07-01: 77, 2025-08-01: 69, 2025-09-01: 84, 2025-10-01: 85, 2025-11-01: 90, 2025-12-01: 66, 2026-01-01: 84, 2026-02-01: 87, 2026-03-01: 100, 2026-04-01: 62, 2026-04-05: 79, 2026-04-12: 85"
"Groundcloud","Software-as-a-Service (SaaS) platform designed to automate essential business services for Pickup-and-Delivery contracted service providers. It focuses on increasing safety, ensuring compliance, and optimizing efficiency for its users, differentiating itself by offering comprehensive tools tailored to the specific needs of delivery service providers. GroundCloud primarily benefits Pickup-and-Delivery contractors seeking to enhance operational efficiency and maintain regulatory compliance.","business, technology, software, productivity, supply-chain","true","20%","20","Exploding","exponential","Seasonal","Low","Neutral","growing","Past 5 years","https://signails.com/topics/groundcloud","{""facebook"":191,""linkedin"":97,""twitter"":1,""pinterest"":16,""reddit"":204,""tiktok"":26,""youtube"":74}","2021-04-01: 46, 2021-05-01: 50, 2021-06-01: 46, 2021-07-01: 52, 2021-08-01: 57, 2021-09-01: 59, 2021-10-01: 63, 2021-11-01: 76, 2021-12-01: 100, 2022-01-01: 68, 2022-02-01: 63, 2022-03-01: 75, 2022-04-01: 69, 2022-05-01: 69, 2022-06-01: 69, 2022-07-01: 78, 2022-08-01: 80, 2022-09-01: 67, 2022-10-01: 74, 2022-11-01: 91, 2022-12-01: 100, 2023-01-01: 96, 2023-02-01: 95, 2023-03-01: 92, 2023-04-01: 93, 2023-05-01: 96, 2023-06-01: 91, 2023-07-01: 86, 2023-08-01: 86, 2023-09-01: 82, 2023-10-01: 85, 2023-11-01: 91, 2023-12-01: 94, 2024-01-01: 67, 2024-02-01: 42, 2024-03-01: 46, 2024-04-01: 53, 2024-05-01: 49, 2024-06-01: 56, 2024-07-01: 59, 2024-08-01: 63, 2024-09-01: 54, 2024-10-01: 55, 2024-11-01: 60, 2024-12-01: 62, 2025-01-01: 50, 2025-02-01: 62, 2025-03-01: 56, 2025-04-01: 62, 2025-05-01: 57, 2025-06-01: 58, 2025-07-01: 60, 2025-08-01: 64, 2025-09-01: 67, 2025-10-01: 65, 2025-11-01: 66, 2025-12-01: 76, 2026-01-01: 59, 2026-02-01: 56, 2026-03-01: 55, 2026-04-05: 60, 2026-04-12: 59"
"FilterBuy","FilterBuy is a manufacturer of HVAC filters, including replacement air and furnace filters, based in Talladega, Alabama. The company differentiates itself by offering American-made, high-quality products and shipping directly from its factory to homes and businesses across the United States, operating 24 hours a day. FilterBuy primarily serves homeowners and businesses seeking reliable and efficient air filtration solutions.","business, home, industry, retail, manufacturing, supply-chain","true","614%","40500","Exploding","exponential","Seasonal","Low","Neutral","growing","Past 5 years","https://signails.com/topics/filterbuy","{""facebook"":3610,""linkedin"":376,""twitter"":21,""pinterest"":1170,""reddit"":110,""tiktok"":1710,""youtube"":304}","2021-04-01: 17, 2021-05-01: 14, 2021-06-01: 16, 2021-07-01: 16, 2021-08-01: 22, 2021-09-01: 17, 2021-10-01: 17, 2021-11-01: 17, 2021-12-01: 16, 2022-01-01: 21, 2022-02-01: 18, 2022-03-01: 19, 2022-04-01: 18, 2022-05-01: 21, 2022-06-01: 25, 2022-07-01: 29, 2022-08-01: 27, 2022-09-01: 30, 2022-10-01: 31, 2022-11-01: 25, 2022-12-01: 26, 2023-01-01: 26, 2023-02-01: 23, 2023-03-01: 24, 2023-04-01: 25, 2023-05-01: 23, 2023-06-01: 30, 2023-07-01: 35, 2023-08-01: 28, 2023-09-01: 23, 2023-10-01: 25, 2023-11-01: 24, 2023-12-01: 26, 2024-01-01: 25, 2024-02-01: 24, 2024-03-01: 25, 2024-04-01: 28, 2024-05-01: 33, 2024-06-01: 32, 2024-07-01: 32, 2024-08-01: 30, 2024-09-01: 28, 2024-10-01: 30, 2024-11-01: 32, 2024-12-01: 32, 2025-01-01: 32, 2025-02-01: 30, 2025-03-01: 29, 2025-04-01: 29, 2025-05-01: 30, 2025-06-01: 42, 2025-07-01: 46, 2025-08-01: 54, 2025-09-01: 44, 2025-10-01: 48, 2025-11-01: 48, 2025-12-01: 43, 2026-01-01: 51, 2026-02-01: 55, 2026-03-01: 68, 2026-04-01: 100, 2026-04-05: 92, 2026-04-12: 97"
"onebot","Internet company specializing in smart robots, smart toys, and STEAM education, focusing on innovative technology to explore the future. Onebot differentiates itself by integrating advanced robotics and educational tools to enhance learning experiences and foster creativity in children and young adults. The primary target demographic includes educators, parents, and students interested in technology-driven educational solutions.","business, technology, productivity, supply-chain","true","31%","2400","Exploding","exponential","Non-seasonal","Low","Positive","stationary","Past 5 years","https://signails.com/topics/onebot","{""facebook"":413000,""linkedin"":71,""twitter"":4,""pinterest"":105,""reddit"":241,""tiktok"":59,""youtube"":909}","2021-04-01: 41, 2021-05-01: 42, 2021-06-01: 57, 2021-07-01: 61, 2021-08-01: 61, 2021-09-01: 49, 2021-10-01: 51, 2021-11-01: 57, 2021-12-01: 37, 2022-01-01: 51, 2022-02-01: 54, 2022-03-01: 51, 2022-04-01: 57, 2022-05-01: 52, 2022-06-01: 60, 2022-07-01: 47, 2022-08-01: 58, 2022-09-01: 41, 2022-10-01: 41, 2022-11-01: 46, 2022-12-01: 54, 2023-01-01: 47, 2023-02-01: 51, 2023-03-01: 60, 2023-04-01: 51, 2023-05-01: 45, 2023-06-01: 53, 2023-07-01: 48, 2023-08-01: 45, 2023-09-01: 46, 2023-10-01: 43, 2023-11-01: 38, 2023-12-01: 43, 2024-01-01: 55, 2024-02-01: 44, 2024-03-01: 41, 2024-04-01: 40, 2024-05-01: 47, 2024-06-01: 56, 2024-07-01: 54, 2024-08-01: 53, 2024-09-01: 38, 2024-10-01: 41, 2024-11-01: 52, 2024-12-01: 50, 2025-01-01: 52, 2025-02-01: 51, 2025-03-01: 43, 2025-04-01: 52, 2025-05-01: 34, 2025-06-01: 40, 2025-07-01: 52, 2025-08-01: 65, 2025-09-01: 50, 2025-10-01: 50, 2025-11-01: 52, 2025-12-01: 56, 2026-01-01: 48, 2026-02-01: 73, 2026-03-01: 100, 2026-04-01: 55, 2026-04-05: 51, 2026-04-12: 44"
"Clickship","Innovative and easy-to-use shipping solution designed for eCommerce professionals. It helps manage the shipping and fulfillment process for eCommerce stores and offers exclusive discounted carrier rates, allowing users to import orders from any platform using a CSV file, thereby streamlining the shipping process and potentially saving on shipping costs. Clickship is primarily targeted at eCommerce businesses looking to optimize their shipping operations and reduce costs.","supply-chain, software, ecommerce, technology, business, productivity","true","218.00000000000003%","27100","Exploding","constant","Seasonal","Low","Positive","growing","Past 5 years","https://signails.com/topics/clickship","{""facebook"":337,""linkedin"":102,""twitter"":0,""pinterest"":20,""reddit"":55,""tiktok"":15,""youtube"":102}","2021-04-01: 19, 2021-05-01: 17, 2021-06-01: 21, 2021-07-01: 13, 2021-08-01: 16, 2021-09-01: 18, 2021-10-01: 16, 2021-11-01: 19, 2021-12-01: 21, 2022-01-01: 14, 2022-02-01: 22, 2022-03-01: 25, 2022-04-01: 25, 2022-05-01: 22, 2022-06-01: 22, 2022-07-01: 24, 2022-08-01: 27, 2022-09-01: 42, 2022-10-01: 37, 2022-11-01: 36, 2022-12-01: 38, 2023-01-01: 25, 2023-02-01: 34, 2023-03-01: 38, 2023-04-01: 30, 2023-05-01: 46, 2023-06-01: 38, 2023-07-01: 34, 2023-08-01: 31, 2023-09-01: 37, 2023-10-01: 36, 2023-11-01: 43, 2023-12-01: 41, 2024-01-01: 45, 2024-02-01: 44, 2024-03-01: 36, 2024-04-01: 49, 2024-05-01: 46, 2024-06-01: 39, 2024-07-01: 41, 2024-08-01: 46, 2024-09-01: 45, 2024-10-01: 38, 2024-11-01: 99, 2024-12-01: 100, 2025-01-01: 73, 2025-02-01: 63, 2025-03-01: 52, 2025-04-01: 55, 2025-05-01: 71, 2025-06-01: 61, 2025-07-01: 50, 2025-08-01: 70, 2025-09-01: 69, 2025-10-01: 78, 2025-11-01: 83, 2025-12-01: 74, 2026-01-01: 67, 2026-02-01: 60, 2026-03-01: 68, 2026-04-01: 54, 2026-04-05: 47, 2026-04-12: 40"
"Ankorstore","Ankorstore is a B2B marketplace that connects independent retailers with authentic brands and products across Europe. It differentiates itself by offering a curated selection of unique items that are not typically available on major e-commerce platforms like Amazon, thereby supporting small businesses and local economies. The platform primarily targets independent retailers, florists, coffee shops, and other concept stores seeking distinctive products to enhance their offerings.","business, technology, ecommerce, retail, supply-chain","true","168%","74000","Exploding","exponential","Seasonal","Average","Positive","growing","Past 5 years","https://signails.com/topics/ankorstore","{""facebook"":1130,""linkedin"":994,""twitter"":23,""pinterest"":723,""reddit"":57,""tiktok"":14,""youtube"":172}","2021-04-01: 19, 2021-05-01: 32, 2021-06-01: 29, 2021-07-01: 29, 2021-08-01: 29, 2021-09-01: 50, 2021-10-01: 50, 2021-11-01: 54, 2021-12-01: 40, 2022-01-01: 100, 2022-02-01: 79, 2022-03-01: 70, 2022-04-01: 92, 2022-05-01: 89, 2022-06-01: 91, 2022-07-01: 76, 2022-08-01: 74, 2022-09-01: 88, 2022-10-01: 98, 2022-11-01: 86, 2022-12-01: 63, 2023-01-01: 79, 2023-02-01: 70, 2023-03-01: 66, 2023-04-01: 63, 2023-05-01: 55, 2023-06-01: 55, 2023-07-01: 45, 2023-08-01: 45, 2023-09-01: 53, 2023-10-01: 72, 2023-11-01: 59, 2023-12-01: 42, 2024-01-01: 52, 2024-02-01: 52, 2024-03-01: 47, 2024-04-01: 46, 2024-05-01: 40, 2024-06-01: 40, 2024-07-01: 36, 2024-08-01: 31, 2024-09-01: 42, 2024-10-01: 55, 2024-11-01: 42, 2024-12-01: 36, 2025-01-01: 42, 2025-02-01: 38, 2025-03-01: 37, 2025-04-01: 35, 2025-05-01: 38, 2025-06-01: 37, 2025-07-01: 39, 2025-08-01: 47, 2025-09-01: 52, 2025-10-01: 54, 2025-11-01: 51, 2025-12-01: 40, 2026-01-01: 40, 2026-02-01: 57, 2026-03-01: 51, 2026-04-05: 58, 2026-04-12: 52"
"Climatetrade","Company offering solutions for offsetting carbon footprints using blockchain technology. It provides verified carbon credits and traceable impact, ensuring transparency and efficiency in climate solutions, and facilitates financing for certified sustainability and carbon offsetting projects globally. The services are designed for both individuals and companies seeking innovative decarbonization strategies to tackle climate change.","business, technology, industry, energy, supply-chain, productivity","true","4800%","720","Exploding","exponential","Non-seasonal","Average","Positive","growing","Past 5 years","https://signails.com/topics/climatetrade","{""facebook"":169,""linkedin"":446,""twitter"":25,""pinterest"":28,""reddit"":15,""tiktok"":0,""youtube"":62}","2021-04-01: 0, 2021-05-01: 0, 2021-06-01: 0, 2021-07-01: 47, 2021-08-01: 0, 2021-09-01: 51, 2021-10-01: 0, 2021-11-01: 0, 2021-12-01: 0, 2022-01-01: 70, 2022-02-01: 59, 2022-03-01: 46, 2022-04-01: 0, 2022-05-01: 90, 2022-06-01: 47, 2022-07-01: 0, 2022-08-01: 42, 2022-09-01: 83, 2022-10-01: 62, 2022-11-01: 51, 2022-12-01: 0, 2023-01-01: 68, 2023-02-01: 64, 2023-03-01: 58, 2023-04-01: 49, 2023-05-01: 50, 2023-06-01: 0, 2023-07-01: 43, 2023-08-01: 0, 2023-09-01: 0, 2023-10-01: 0, 2023-11-01: 49, 2023-12-01: 0, 2024-01-01: 0, 2024-02-01: 0, 2024-03-01: 0, 2024-04-01: 0, 2024-05-01: 0, 2024-06-01: 0, 2024-07-01: 0, 2024-08-01: 0, 2024-09-01: 0, 2024-10-01: 0, 2024-11-01: 46, 2024-12-01: 0, 2025-01-01: 0, 2025-02-01: 0, 2025-03-01: 0, 2025-04-01: 0, 2025-05-01: 0, 2025-06-01: 55, 2025-07-01: 0, 2025-08-01: 61, 2025-09-01: 72, 2025-10-01: 62, 2025-11-01: 52, 2025-12-01: 44, 2026-01-01: 100, 2026-02-01: 59, 2026-03-01: 71, 2026-04-01: 49, 2026-04-05: 13, 2026-04-12: 25"
"Cssbuy","E-commerce platform that caters to overseas customers who wish to purchase products from China. It acts as a purchasing agent, helping users buy items from Chinese online stores and then shipping them internationally, providing a convenient solution for accessing Chinese markets. Cssbuy primarily targets international shoppers looking for a reliable way to purchase and receive products from China.","business, technology, ecommerce, retail, supply-chain","true","819.9999999999999%","110000","Exploding","constant","Non-seasonal","Average","Positive","declining","Past 5 years","https://signails.com/topics/cssbuy","{""facebook"":430,""linkedin"":14,""twitter"":27,""pinterest"":73,""reddit"":21600,""tiktok"":2470,""youtube"":1770}","2021-04-01: 4, 2021-05-01: 5, 2021-06-01: 3, 2021-07-01: 4, 2021-08-01: 5, 2021-09-01: 5, 2021-10-01: 5, 2021-11-01: 6, 2021-12-01: 7, 2022-01-01: 9, 2022-02-01: 9, 2022-03-01: 11, 2022-04-01: 11, 2022-05-01: 13, 2022-06-01: 13, 2022-07-01: 12, 2022-08-01: 12, 2022-09-01: 13, 2022-10-01: 15, 2022-11-01: 16, 2022-12-01: 22, 2023-01-01: 22, 2023-02-01: 25, 2023-03-01: 25, 2023-04-01: 22, 2023-05-01: 24, 2023-06-01: 26, 2023-07-01: 21, 2023-08-01: 21, 2023-09-01: 25, 2023-10-01: 26, 2023-11-01: 32, 2023-12-01: 30, 2024-01-01: 40, 2024-02-01: 35, 2024-03-01: 41, 2024-04-01: 44, 2024-05-01: 51, 2024-06-01: 58, 2024-07-01: 52, 2024-08-01: 51, 2024-09-01: 48, 2024-10-01: 37, 2024-11-01: 34, 2024-12-01: 27, 2025-01-01: 27, 2025-02-01: 26, 2025-03-01: 27, 2025-04-01: 43, 2025-05-01: 33, 2025-06-01: 38, 2025-07-01: 100, 2025-08-01: 63, 2025-09-01: 50, 2025-10-01: 42, 2025-11-01: 39, 2025-12-01: 39, 2026-01-01: 38, 2026-02-01: 34, 2026-03-01: 44, 2026-04-01: 46, 2026-03-29: 24, 2026-04-05: 20, 2026-04-12: 17"
"Budbee","Logistics company offering delivery and return services for small and large businesses. Budbee differentiates itself by providing an online platform for real-time order tracking, enhancing the customer experience and operational efficiency. The primary target demographic includes e-commerce businesses and consumers in Sweden seeking reliable and transparent delivery solutions.","business, ecommerce, retail, supply-chain","true","18%","33100","Exploding","exponential","Seasonal","Average","Positive","growing","Past 5 years","https://signails.com/topics/budbee","{""facebook"":1430,""linkedin"":1140,""twitter"":131,""pinterest"":20,""reddit"":162,""tiktok"":77,""youtube"":114}","2021-04-01: 39, 2021-05-01: 40, 2021-06-01: 44, 2021-07-01: 37, 2021-08-01: 38, 2021-09-01: 42, 2021-10-01: 48, 2021-11-01: 67, 2021-12-01: 82, 2022-01-01: 73, 2022-02-01: 54, 2022-03-01: 52, 2022-04-01: 55, 2022-05-01: 58, 2022-06-01: 73, 2022-07-01: 69, 2022-08-01: 72, 2022-09-01: 71, 2022-10-01: 71, 2022-11-01: 89, 2022-12-01: 100, 2023-01-01: 73, 2023-02-01: 60, 2023-03-01: 52, 2023-04-01: 56, 2023-05-01: 59, 2023-06-01: 62, 2023-07-01: 61, 2023-08-01: 51, 2023-09-01: 46, 2023-10-01: 55, 2023-11-01: 62, 2023-12-01: 65, 2024-01-01: 46, 2024-02-01: 44, 2024-03-01: 45, 2024-04-01: 50, 2024-05-01: 48, 2024-06-01: 47, 2024-07-01: 50, 2024-08-01: 42, 2024-09-01: 45, 2024-10-01: 50, 2024-11-01: 53, 2024-12-01: 64, 2025-01-01: 53, 2025-02-01: 37, 2025-03-01: 38, 2025-04-01: 43, 2025-05-01: 47, 2025-06-01: 46, 2025-07-01: 48, 2025-08-01: 45, 2025-09-01: 43, 2025-10-01: 48, 2025-11-01: 50, 2025-12-01: 60, 2026-01-01: 50, 2026-02-01: 38, 2026-03-01: 46, 2026-04-05: 82, 2026-04-12: 84"
"kpler","Kpler is a company that specializes in providing real-time data and analytics for global trade intelligence. Founded in 2014, Kpler offers comprehensive insights into commodities, energy, maritime, and financial markets, enabling businesses to make informed decisions through robust and granular data sourced from physical and financial markets. Their platform is particularly useful for physical and financial traders, charterers, vessel operators, fleet managers, and logistics professionals seeking to optimize their operations and enhance strategic planning.","business, technology, energy, supply-chain, ai","true","3233%","14800","Exploding","constant","Non-seasonal","Low","Negative","declining","Past 5 years","https://signails.com/topics/kpler","{""facebook"":590,""linkedin"":3000,""twitter"":290,""pinterest"":35,""reddit"":258,""tiktok"":27,""youtube"":283}","2021-04-01: 3, 2021-05-01: 3, 2021-06-01: 4, 2021-07-01: 3, 2021-08-01: 3, 2021-09-01: 5, 2021-10-01: 4, 2021-11-01: 4, 2021-12-01: 2, 2022-01-01: 6, 2022-02-01: 6, 2022-03-01: 8, 2022-04-01: 8, 2022-05-01: 7, 2022-06-01: 7, 2022-07-01: 6, 2022-08-01: 7, 2022-09-01: 7, 2022-10-01: 6, 2022-11-01: 6, 2022-12-01: 5, 2023-01-01: 7, 2023-02-01: 10, 2023-03-01: 8, 2023-04-01: 7, 2023-05-01: 8, 2023-06-01: 8, 2023-07-01: 7, 2023-08-01: 8, 2023-09-01: 9, 2023-10-01: 10, 2023-11-01: 10, 2023-12-01: 9, 2024-01-01: 14, 2024-02-01: 13, 2024-03-01: 12, 2024-04-01: 12, 2024-05-01: 11, 2024-06-01: 11, 2024-07-01: 11, 2024-08-01: 10, 2024-09-01: 12, 2024-10-01: 12, 2024-11-01: 15, 2024-12-01: 12, 2025-01-01: 15, 2025-02-01: 19, 2025-03-01: 15, 2025-04-01: 14, 2025-05-01: 13, 2025-06-01: 21, 2025-07-01: 14, 2025-08-01: 30, 2025-09-01: 31, 2025-10-01: 31, 2025-11-01: 26, 2025-12-01: 24, 2026-01-01: 38, 2026-02-01: 36, 2026-03-01: 100, 2026-04-05: 38, 2026-04-12: 40"
"Verse cannabis","A subsidiary of The Valens Company Inc., founded in 2020, that specializes in innovative cannabis products. Verse Cannabis offers a range of products including universal vape cartridges, aiming to provide high-quality and accessible cannabis experiences. The brand primarily targets adult consumers seeking reliable and innovative cannabis solutions.","business, health, retail, pharma, supply-chain","true","4600%","0","Exploding","exponential","Non-seasonal","Average","Neutral","declining","Past 5 years","https://signails.com/topics/verse-cannabis","{""facebook"":15,""linkedin"":0,""twitter"":0,""pinterest"":0,""reddit"":14,""tiktok"":40,""youtube"":19}","2021-04-01: 9, 2021-05-01: 0, 2021-06-01: 10, 2021-07-01: 10, 2021-08-01: 13, 2021-09-01: 12, 2021-10-01: 12, 2021-11-01: 14, 2021-12-01: 8, 2022-01-01: 10, 2022-02-01: 15, 2022-03-01: 15, 2022-04-01: 14, 2022-05-01: 8, 2022-06-01: 9, 2022-07-01: 10, 2022-08-01: 6, 2022-09-01: 7, 2022-10-01: 8, 2022-11-01: 7, 2022-12-01: 0, 2023-01-01: 0, 2023-02-01: 0, 2023-03-01: 0, 2023-04-01: 6, 2023-05-01: 7, 2023-06-01: 12, 2023-07-01: 0, 2023-08-01: 13, 2023-09-01: 0, 2023-10-01: 9, 2023-11-01: 7, 2023-12-01: 7, 2024-01-01: 7, 2024-02-01: 8, 2024-03-01: 8, 2024-04-01: 9, 2024-05-01: 9, 2024-06-01: 11, 2024-07-01: 0, 2024-08-01: 0, 2024-09-01: 8, 2024-10-01: 14, 2024-11-01: 9, 2024-12-01: 0, 2025-01-01: 0, 2025-02-01: 0, 2025-03-01: 8, 2025-04-01: 0, 2025-05-01: 12, 2025-06-01: 17, 2025-07-01: 25, 2025-08-01: 82, 2025-09-01: 71, 2025-10-01: 87, 2025-11-01: 77, 2025-12-01: 89, 2026-01-01: 70, 2026-02-01: 78, 2026-03-01: 100, 2026-04-01: 47, 2026-04-05: 35, 2026-04-12: 32"
"Wareiq","Company that develops an e-commerce fulfillment network for online sellers, offering web-based shipping solutions and e-commerce operations management. Their platform analyzes order density, SKU velocity, seasonality, and market trends by location to recommend smart inventory placement, differentiating itself through data-driven insights and optimization. Wareiq primarily targets online sellers and e-commerce businesses seeking efficient and intelligent fulfillment solutions to enhance their operational efficiency and customer satisfaction.","business, technology, ecommerce, retail, supply-chain","true","-52%","3600","Falling","exponential","Non-seasonal","Average","Positive","declining","Past 5 years","https://signails.com/topics/wareiq","{""facebook"":90,""linkedin"":168,""twitter"":14,""pinterest"":14,""reddit"":1,""tiktok"":0,""youtube"":111}","2021-04-01: 28, 2021-05-01: 100, 2021-06-01: 40, 2021-07-01: 38, 2021-08-01: 34, 2021-09-01: 37, 2021-10-01: 36, 2021-11-01: 21, 2021-12-01: 44, 2022-01-01: 45, 2022-02-01: 57, 2022-03-01: 53, 2022-04-01: 56, 2022-05-01: 55, 2022-06-01: 46, 2022-07-01: 51, 2022-08-01: 37, 2022-09-01: 39, 2022-10-01: 53, 2022-11-01: 56, 2022-12-01: 52, 2023-01-01: 56, 2023-02-01: 70, 2023-03-01: 56, 2023-04-01: 46, 2023-05-01: 45, 2023-06-01: 55, 2023-07-01: 42, 2023-08-01: 39, 2023-09-01: 49, 2023-10-01: 71, 2023-11-01: 52, 2023-12-01: 75, 2024-01-01: 70, 2024-02-01: 45, 2024-03-01: 52, 2024-04-01: 43, 2024-05-01: 40, 2024-06-01: 38, 2024-07-01: 42, 2024-08-01: 54, 2024-09-01: 49, 2024-10-01: 51, 2024-11-01: 45, 2024-12-01: 54, 2025-01-01: 40, 2025-02-01: 56, 2025-03-01: 28, 2025-04-01: 56, 2025-05-01: 35, 2025-06-01: 47, 2025-07-01: 56, 2025-08-01: 56, 2025-09-01: 84, 2025-10-01: 72, 2025-11-01: 77, 2025-12-01: 78, 2026-01-01: 64, 2026-02-01: 68, 2026-03-01: 54, 2026-04-01: 48, 2026-04-05: 44, 2026-04-12: 46"
"Carbonfuture","Company that provides a trust infrastructure for durable carbon removal, offering comprehensive MRV solutions and a marketplace for carbon removal credits. It ensures high quality and reliability in carbon removal projects, supporting both suppliers and corporate buyers in the carbon credit market. The primary beneficiaries are businesses and organizations seeking to offset their carbon emissions through verified and reliable carbon removal projects.","business, technology, industry, software, productivity, supply-chain, energy","true","4300%","1900","Exploding","exponential","Non-seasonal","Average","Positive","growing","Past 5 years","https://signails.com/topics/carbonfuture","{""facebook"":19,""linkedin"":561,""twitter"":19,""pinterest"":1,""reddit"":16,""tiktok"":1,""youtube"":65}","2021-04-01: 0, 2021-05-01: 0, 2021-06-01: 0, 2021-07-01: 0, 2021-08-01: 0, 2021-09-01: 0, 2021-10-01: 0, 2021-11-01: 0, 2021-12-01: 0, 2022-01-01: 0, 2022-02-01: 0, 2022-03-01: 0, 2022-04-01: 16, 2022-05-01: 0, 2022-06-01: 0, 2022-07-01: 0, 2022-08-01: 0, 2022-09-01: 23, 2022-10-01: 29, 2022-11-01: 25, 2022-12-01: 31, 2023-01-01: 0, 2023-02-01: 34, 2023-03-01: 27, 2023-04-01: 30, 2023-05-01: 19, 2023-06-01: 29, 2023-07-01: 0, 2023-08-01: 40, 2023-09-01: 28, 2023-10-01: 18, 2023-11-01: 20, 2023-12-01: 31, 2024-01-01: 20, 2024-02-01: 22, 2024-03-01: 0, 2024-04-01: 33, 2024-05-01: 31, 2024-06-01: 0, 2024-07-01: 28, 2024-08-01: 38, 2024-09-01: 33, 2024-10-01: 24, 2024-11-01: 22, 2024-12-01: 39, 2025-01-01: 37, 2025-02-01: 31, 2025-03-01: 25, 2025-04-01: 31, 2025-05-01: 24, 2025-06-01: 47, 2025-07-01: 31, 2025-08-01: 71, 2025-09-01: 88, 2025-10-01: 71, 2025-11-01: 74, 2025-12-01: 74, 2026-01-01: 76, 2026-02-01: 100, 2026-03-01: 93, 2026-04-01: 44, 2026-04-05: 80, 2026-04-12: 52"
"Knowde","Online marketing platform dedicated to chemicals and ingredients, founded in 2016. It aims to simplify the process for companies to connect with customers by allowing users to create dedicated pages for their products. The platform primarily serves businesses in the chemical and ingredient industries looking to enhance their online presence and customer engagement.","business, technology, industry, software, ecommerce, productivity, supply-chain, manufacturing","true","135%","2400","Exploding","exponential","Seasonal","Low","Positive","declining","Past 5 years","https://signails.com/topics/knowde","{""facebook"":135,""linkedin"":617,""twitter"":16,""pinterest"":17,""reddit"":72,""tiktok"":1,""youtube"":94}","2021-04-01: 17, 2021-05-01: 17, 2021-06-01: 15, 2021-07-01: 16, 2021-08-01: 20, 2021-09-01: 24, 2021-10-01: 20, 2021-11-01: 27, 2021-12-01: 25, 2022-01-01: 30, 2022-02-01: 24, 2022-03-01: 38, 2022-04-01: 32, 2022-05-01: 41, 2022-06-01: 35, 2022-07-01: 30, 2022-08-01: 38, 2022-09-01: 36, 2022-10-01: 31, 2022-11-01: 32, 2022-12-01: 28, 2023-01-01: 33, 2023-02-01: 35, 2023-03-01: 31, 2023-04-01: 24, 2023-05-01: 35, 2023-06-01: 38, 2023-07-01: 23, 2023-08-01: 24, 2023-09-01: 21, 2023-10-01: 24, 2023-11-01: 34, 2023-12-01: 25, 2024-01-01: 29, 2024-02-01: 28, 2024-03-01: 32, 2024-04-01: 41, 2024-05-01: 28, 2024-06-01: 25, 2024-07-01: 27, 2024-08-01: 30, 2024-09-01: 26, 2024-10-01: 25, 2024-11-01: 21, 2024-12-01: 18, 2025-01-01: 25, 2025-02-01: 21, 2025-03-01: 18, 2025-04-01: 25, 2025-05-01: 22, 2025-06-01: 23, 2025-07-01: 40, 2025-08-01: 63, 2025-09-01: 52, 2025-10-01: 38, 2025-11-01: 44, 2025-12-01: 31, 2026-01-01: 54, 2026-02-01: 100, 2026-03-01: 82, 2026-04-01: 40, 2026-04-05: 39, 2026-04-12: 38"
"EquipmentShare","Founded in 2014, EquipmentShare provides technology solutions for construction companies and equipment rental businesses. Their services include web applications for asset management, team productivity, and GPS tracking, differentiating them by offering comprehensive tools to optimize asset usage and fleet management. EquipmentShare primarily targets construction businesses and equipment rental companies seeking to enhance operational efficiency and access the latest equipment.","business, industry, construction, retail, supply-chain","true","450%","60500","Exploding","constant","Non-seasonal","Average","Positive","growing","Past 5 years","https://signails.com/topics/equipmentshare","{""facebook"":2280,""linkedin"":7980,""twitter"":18,""pinterest"":15,""reddit"":366,""tiktok"":145,""youtube"":514}","2021-04-01: 10, 2021-05-01: 8, 2021-06-01: 7, 2021-07-01: 7, 2021-08-01: 7, 2021-09-01: 8, 2021-10-01: 7, 2021-11-01: 6, 2021-12-01: 5, 2022-01-01: 8, 2022-02-01: 9, 2022-03-01: 8, 2022-04-01: 10, 2022-05-01: 11, 2022-06-01: 12, 2022-07-01: 11, 2022-08-01: 12, 2022-09-01: 9, 2022-10-01: 9, 2022-11-01: 9, 2022-12-01: 9, 2023-01-01: 11, 2023-02-01: 12, 2023-03-01: 13, 2023-04-01: 12, 2023-05-01: 12, 2023-06-01: 12, 2023-07-01: 12, 2023-08-01: 12, 2023-09-01: 12, 2023-10-01: 13, 2023-11-01: 12, 2023-12-01: 11, 2024-01-01: 13, 2024-02-01: 14, 2024-03-01: 14, 2024-04-01: 17, 2024-05-01: 16, 2024-06-01: 22, 2024-07-01: 27, 2024-08-01: 28, 2024-09-01: 25, 2024-10-01: 29, 2024-11-01: 25, 2024-12-01: 23, 2025-01-01: 33, 2025-02-01: 33, 2025-03-01: 33, 2025-04-01: 33, 2025-05-01: 32, 2025-06-01: 32, 2025-07-01: 36, 2025-08-01: 51, 2025-09-01: 51, 2025-10-01: 55, 2025-11-01: 47, 2025-12-01: 47, 2026-01-01: 100, 2026-02-01: 57, 2026-03-01: 62, 2026-04-01: 44, 2026-03-29: 48, 2026-04-05: 50, 2026-04-12: 54"
"Table22","A company that supports the survival and growth of restaurants by providing a subscription operating system. Table22 offers a full suite of purpose-built software designed to help run successful restaurant programs, differentiating itself by focusing on the creative, communal, and joyful aspects of the restaurant industry. The primary target demographic includes restaurant owners and food enthusiasts seeking comprehensive tools to enhance their restaurant operations.","business, technology, food-beverage, productivity, food, supply-chain","true","135%","18100","Exploding","exponential","Non-seasonal","Average","Positive","declining","Past 5 years","https://signails.com/topics/table22","{""facebook"":443,""linkedin"":111,""twitter"":0,""pinterest"":60,""reddit"":1,""tiktok"":19,""youtube"":32}","2021-04-01: 15, 2021-05-01: 17, 2021-06-01: 0, 2021-07-01: 0, 2021-08-01: 0, 2021-09-01: 0, 2021-10-01: 0, 2021-11-01: 0, 2021-12-01: 0, 2022-01-01: 15, 2022-02-01: 22, 2022-03-01: 26, 2022-04-01: 32, 2022-05-01: 39, 2022-06-01: 20, 2022-07-01: 30, 2022-08-01: 26, 2022-09-01: 25, 2022-10-01: 26, 2022-11-01: 22, 2022-12-01: 15, 2023-01-01: 19, 2023-02-01: 49, 2023-03-01: 32, 2023-04-01: 20, 2023-05-01: 24, 2023-06-01: 16, 2023-07-01: 26, 2023-08-01: 15, 2023-09-01: 29, 2023-10-01: 24, 2023-11-01: 29, 2023-12-01: 38, 2024-01-01: 28, 2024-02-01: 28, 2024-03-01: 23, 2024-04-01: 27, 2024-05-01: 32, 2024-06-01: 31, 2024-07-01: 30, 2024-08-01: 34, 2024-09-01: 25, 2024-10-01: 39, 2024-11-01: 40, 2024-12-01: 32, 2025-01-01: 50, 2025-02-01: 34, 2025-03-01: 43, 2025-04-01: 47, 2025-05-01: 42, 2025-06-01: 36, 2025-07-01: 35, 2025-08-01: 39, 2025-09-01: 36, 2025-10-01: 51, 2025-11-01: 38, 2025-12-01: 41, 2026-01-01: 53, 2026-02-01: 48, 2026-03-01: 61, 2026-04-01: 40, 2026-03-29: 54, 2026-04-05: 55, 2026-04-12: 56"
"Sellerx","Company that partners with successful Amazon sellers to acquire their businesses and scale them. SellerX differentiates itself by focusing on turning acquired brands into global household names, leveraging their expertise in e-commerce and brand management. The target demographic includes successful Amazon sellers looking to exit their businesses and entrepreneurs seeking to scale their brands globally.","business, finance, ecommerce, retail, investing, supply-chain","true","-34%","1900","Falling","exponential","Non-seasonal","Average","Positive","growing","Past 5 years","https://signails.com/topics/sellerx","{""facebook"":336,""linkedin"":650,""twitter"":14,""pinterest"":14,""reddit"":40,""tiktok"":44,""youtube"":34}","2021-04-01: 56, 2021-05-01: 30, 2021-06-01: 32, 2021-07-01: 26, 2021-08-01: 32, 2021-09-01: 37, 2021-10-01: 28, 2021-11-01: 33, 2021-12-01: 100, 2022-01-01: 39, 2022-02-01: 27, 2022-03-01: 34, 2022-04-01: 37, 2022-05-01: 48, 2022-06-01: 36, 2022-07-01: 42, 2022-08-01: 32, 2022-09-01: 30, 2022-10-01: 33, 2022-11-01: 26, 2022-12-01: 27, 2023-01-01: 26, 2023-02-01: 22, 2023-03-01: 22, 2023-04-01: 23, 2023-05-01: 27, 2023-06-01: 35, 2023-07-01: 18, 2023-08-01: 27, 2023-09-01: 19, 2023-10-01: 21, 2023-11-01: 19, 2023-12-01: 19, 2024-01-01: 28, 2024-02-01: 32, 2024-03-01: 36, 2024-04-01: 22, 2024-05-01: 24, 2024-06-01: 31, 2024-07-01: 26, 2024-08-01: 31, 2024-09-01: 78, 2024-10-01: 31, 2024-11-01: 21, 2024-12-01: 20, 2025-01-01: 27, 2025-02-01: 32, 2025-03-01: 20, 2025-04-01: 23, 2025-05-01: 15, 2025-06-01: 31, 2025-07-01: 30, 2025-08-01: 33, 2025-09-01: 40, 2025-10-01: 51, 2025-11-01: 42, 2025-12-01: 45, 2026-01-01: 35, 2026-02-01: 51, 2026-03-01: 37, 2026-04-05: 41, 2026-04-12: 43"
"Covermanager","Software solution designed for global sales management, facilitating the management of bookings and orders through various direct channels such as web, phone, Facebook, and Google. Covermanager provides detailed insights into customer reservations, including reservation times, hourly occupancy density, and waiter activity in making reservations, thereby enhancing operational efficiency and customer service. This software is primarily targeted at restaurants and hospitality businesses seeking to optimize their reservation management and improve customer experience.","business, technology, software, productivity, supply-chain","true","0%","33100","Falling","constant","Non-seasonal","Average","Positive","stationary","Past 5 years","https://signails.com/topics/covermanager","{""facebook"":644,""linkedin"":530,""twitter"":14,""pinterest"":19,""reddit"":1,""tiktok"":14,""youtube"":134}","2021-04-01: 41, 2021-05-01: 44, 2021-06-01: 43, 2021-07-01: 57, 2021-08-01: 45, 2021-09-01: 54, 2021-10-01: 55, 2021-11-01: 45, 2021-12-01: 52, 2022-01-01: 35, 2022-02-01: 37, 2022-03-01: 38, 2022-04-01: 48, 2022-05-01: 55, 2022-06-01: 64, 2022-07-01: 65, 2022-08-01: 50, 2022-09-01: 56, 2022-10-01: 54, 2022-11-01: 57, 2022-12-01: 58, 2023-01-01: 50, 2023-02-01: 89, 2023-03-01: 79, 2023-04-01: 94, 2023-05-01: 77, 2023-06-01: 81, 2023-07-01: 75, 2023-08-01: 69, 2023-09-01: 78, 2023-10-01: 100, 2023-11-01: 76, 2023-12-01: 82, 2024-01-01: 75, 2024-02-01: 60, 2024-03-01: 65, 2024-04-01: 63, 2024-05-01: 67, 2024-06-01: 70, 2024-07-01: 68, 2024-08-01: 69, 2024-09-01: 67, 2024-10-01: 67, 2024-11-01: 71, 2024-12-01: 71, 2025-01-01: 64, 2025-02-01: 67, 2025-03-01: 55, 2025-04-01: 53, 2025-05-01: 58, 2025-06-01: 55, 2025-07-01: 59, 2025-08-01: 58, 2025-09-01: 64, 2025-10-01: 54, 2025-11-01: 59, 2025-12-01: 58, 2026-01-01: 50, 2026-02-01: 56, 2026-03-01: 59, 2026-04-01: 44, 2026-04-05: 58, 2026-04-12: 58"
"Foodsi","Application designed to help users save high-quality surplus food and other products from local businesses. It aims to reduce food waste by connecting consumers with restaurants, cafes, bakeries, and flower shops that have excess products, offering these items at a discounted price. The app primarily targets environmentally conscious consumers looking to save money while supporting local businesses and reducing food waste.","business, technology, food-beverage, food, retail, supply-chain","true","153%","14800","Exploding","constant","Seasonal","Low","Positive","growing","Past 5 years","https://signails.com/topics/foodsi","{""facebook"":2160,""linkedin"":294,""twitter"":1,""pinterest"":43,""reddit"":23,""tiktok"":174,""youtube"":2320}","2021-04-01: 17, 2021-05-01: 15, 2021-06-01: 18, 2021-07-01: 26, 2021-08-01: 21, 2021-09-01: 21, 2021-10-01: 17, 2021-11-01: 29, 2021-12-01: 13, 2022-01-01: 31, 2022-02-01: 29, 2022-03-01: 24, 2022-04-01: 22, 2022-05-01: 25, 2022-06-01: 28, 2022-07-01: 38, 2022-08-01: 32, 2022-09-01: 58, 2022-10-01: 71, 2022-11-01: 49, 2022-12-01: 36, 2023-01-01: 60, 2023-02-01: 61, 2023-03-01: 77, 2023-04-01: 69, 2023-05-01: 75, 2023-06-01: 59, 2023-07-01: 50, 2023-08-01: 67, 2023-09-01: 85, 2023-10-01: 70, 2023-11-01: 55, 2023-12-01: 38, 2024-01-01: 45, 2024-02-01: 68, 2024-03-01: 75, 2024-04-01: 60, 2024-05-01: 44, 2024-06-01: 57, 2024-07-01: 65, 2024-08-01: 65, 2024-09-01: 71, 2024-10-01: 100, 2024-11-01: 69, 2024-12-01: 45, 2025-01-01: 70, 2025-02-01: 68, 2025-03-01: 69, 2025-04-01: 51, 2025-05-01: 46, 2025-06-01: 49, 2025-07-01: 58, 2025-08-01: 64, 2025-09-01: 58, 2025-10-01: 62, 2025-11-01: 50, 2025-12-01: 40, 2026-01-01: 52, 2026-02-01: 51, 2026-03-01: 48, 2026-04-01: 38, 2026-04-05: 64, 2026-04-12: 65"
"Construction job costing software","Software designed to help construction companies manage and track project costs, including labor, materials, equipment, and subcontractor expenses. It offers features like cost tracking, budgeting, reporting, integration with other systems, time management, change order management, and invoicing, differentiating itself by providing comprehensive financial oversight and project management capabilities. This software is primarily targeted at construction firms seeking to enhance their financial management and operational efficiency.","business, technology, software, productivity, supply-chain, programming, construction, industry","false","3800%","40","Exploding","exponential","Non-seasonal","Average","Positive","stationary","Past 5 years","https://signails.com/topics/construction-job-costing-software","{""facebook"":1,""linkedin"":14,""twitter"":22,""pinterest"":1,""reddit"":29,""tiktok"":77,""youtube"":16}","2021-04-01: 8, 2021-05-01: 0, 2021-06-01: 11, 2021-07-01: 13, 2021-08-01: 9, 2021-09-01: 0, 2021-10-01: 0, 2021-11-01: 16, 2021-12-01: 12, 2022-01-01: 0, 2022-02-01: 0, 2022-03-01: 0, 2022-04-01: 8, 2022-05-01: 0, 2022-06-01: 0, 2022-07-01: 0, 2022-08-01: 8, 2022-09-01: 0, 2022-10-01: 13, 2022-11-01: 0, 2022-12-01: 7, 2023-01-01: 9, 2023-02-01: 0, 2023-03-01: 0, 2023-04-01: 0, 2023-05-01: 13, 2023-06-01: 0, 2023-07-01: 0, 2023-08-01: 12, 2023-09-01: 0, 2023-10-01: 9, 2023-11-01: 0, 2023-12-01: 7, 2024-01-01: 11, 2024-02-01: 0, 2024-03-01: 0, 2024-04-01: 8, 2024-05-01: 0, 2024-06-01: 0, 2024-07-01: 9, 2024-08-01: 0, 2024-09-01: 9, 2024-10-01: 0, 2024-11-01: 0, 2024-12-01: 0, 2025-01-01: 9, 2025-02-01: 8, 2025-03-01: 10, 2025-04-01: 11, 2025-05-01: 17, 2025-06-01: 9, 2025-07-01: 14, 2025-08-01: 22, 2025-09-01: 28, 2025-10-01: 25, 2025-11-01: 27, 2025-12-01: 25, 2026-01-01: 44, 2026-02-01: 100, 2026-03-01: 80, 2026-04-01: 39, 2026-04-05: 60, 2026-04-12: 53"
"serenelife","Serenelife is a company that designs products aimed at creating a more comfortable living space, both indoors and outdoors. The company offers a wide range of products, including electronics, indoor and outdoor items, and baby needs, emphasizing innovative lifestyle solutions and effortless shopping experiences. Serenelife primarily targets consumers looking for convenient and innovative home and lifestyle products, with a focus on enhancing comfort and ease of use.","business, home, ecommerce, retail, productivity, supply-chain","true","193%","5400","Exploding","exponential","Seasonal","Low","Positive","declining","Past 5 years","https://signails.com/topics/serenelife","{""facebook"":8430,""linkedin"":43,""twitter"":3,""pinterest"":3810,""reddit"":387,""tiktok"":310,""youtube"":1140}","2021-04-01: 14, 2021-05-01: 14, 2021-06-01: 16, 2021-07-01: 15, 2021-08-01: 13, 2021-09-01: 7, 2021-10-01: 8, 2021-11-01: 8, 2021-12-01: 11, 2022-01-01: 10, 2022-02-01: 9, 2022-03-01: 10, 2022-04-01: 11, 2022-05-01: 13, 2022-06-01: 18, 2022-07-01: 17, 2022-08-01: 14, 2022-09-01: 11, 2022-10-01: 8, 2022-11-01: 8, 2022-12-01: 11, 2023-01-01: 10, 2023-02-01: 12, 2023-03-01: 10, 2023-04-01: 10, 2023-05-01: 14, 2023-06-01: 16, 2023-07-01: 17, 2023-08-01: 12, 2023-09-01: 8, 2023-10-01: 7, 2023-11-01: 10, 2023-12-01: 11, 2024-01-01: 10, 2024-02-01: 8, 2024-03-01: 9, 2024-04-01: 10, 2024-05-01: 13, 2024-06-01: 19, 2024-07-01: 21, 2024-08-01: 15, 2024-09-01: 10, 2024-10-01: 10, 2024-11-01: 12, 2024-12-01: 18, 2025-01-01: 12, 2025-02-01: 10, 2025-03-01: 13, 2025-04-01: 12, 2025-05-01: 15, 2025-06-01: 22, 2025-07-01: 26, 2025-08-01: 28, 2025-09-01: 26, 2025-10-01: 25, 2025-11-01: 26, 2025-12-01: 26, 2026-01-01: 16, 2026-02-01: 22, 2026-03-01: 41, 2026-04-05: 108, 2026-04-12: 107"
"Novisto","All-in-one sustainability management platform designed to help companies streamline data collection, improve data quality, benchmark performance, and communicate more effectively with both internal and external stakeholders. Novisto differentiates itself by offering comprehensive tools for sustainability reporting, data management, and performance benchmarking, which are essential for companies aiming to meet regulatory requirements and enhance their sustainability initiatives. The platform is primarily targeted at businesses and organizations seeking to improve their sustainability practices and reporting capabilities.","business, technology, software, productivity, supply-chain","true","3400%","2900","Exploding","exponential","Non-seasonal","Average","Positive","stationary","Past 5 years","https://signails.com/topics/novisto","{""facebook"":130,""linkedin"":594,""twitter"":14,""pinterest"":39,""reddit"":0,""tiktok"":27,""youtube"":63}","2021-04-01: 12, 2021-05-01: 0, 2021-06-01: 14, 2021-07-01: 0, 2021-08-01: 0, 2021-09-01: 0, 2021-10-01: 10, 2021-11-01: 14, 2021-12-01: 0, 2022-01-01: 19, 2022-02-01: 17, 2022-03-01: 19, 2022-04-01: 20, 2022-05-01: 25, 2022-06-01: 23, 2022-07-01: 20, 2022-08-01: 16, 2022-09-01: 25, 2022-10-01: 27, 2022-11-01: 26, 2022-12-01: 14, 2023-01-01: 29, 2023-02-01: 32, 2023-03-01: 29, 2023-04-01: 26, 2023-05-01: 45, 2023-06-01: 33, 2023-07-01: 32, 2023-08-01: 20, 2023-09-01: 22, 2023-10-01: 30, 2023-11-01: 29, 2023-12-01: 18, 2024-01-01: 26, 2024-02-01: 32, 2024-03-01: 27, 2024-04-01: 38, 2024-05-01: 52, 2024-06-01: 56, 2024-07-01: 28, 2024-08-01: 23, 2024-09-01: 30, 2024-10-01: 26, 2024-11-01: 22, 2024-12-01: 25, 2025-01-01: 34, 2025-02-01: 31, 2025-03-01: 30, 2025-04-01: 28, 2025-05-01: 27, 2025-06-01: 32, 2025-07-01: 29, 2025-08-01: 67, 2025-09-01: 62, 2025-10-01: 49, 2025-11-01: 45, 2025-12-01: 34, 2026-01-01: 42, 2026-02-01: 79, 2026-03-01: 100, 2026-04-01: 35, 2026-03-29: 62, 2026-04-05: 59, 2026-04-12: 51"
"noissue","Company that specializes in providing custom, sustainable packaging solutions for brands and retailers. It offers a variety of eco-friendly packaging products such as custom boxes and bags, with low minimum order quantities, differentiating itself by making sustainable packaging accessible to businesses of all sizes. The target demographic includes small to medium-sized businesses and retailers seeking environmentally friendly packaging options.","business, industry, lifestyle, retail, eco, supply-chain","true","-47%","8100","Falling","exponential","Seasonal","Low","Positive","growing","Past 5 years","https://signails.com/topics/noissue","{""facebook"":32400,""linkedin"":240,""twitter"":1,""pinterest"":23400,""reddit"":54,""tiktok"":544,""youtube"":519}","2021-04-01: 75, 2021-05-01: 66, 2021-06-01: 60, 2021-07-01: 69, 2021-08-01: 79, 2021-09-01: 64, 2021-10-01: 56, 2021-11-01: 61, 2021-12-01: 43, 2022-01-01: 100, 2022-02-01: 79, 2022-03-01: 67, 2022-04-01: 75, 2022-05-01: 68, 2022-06-01: 67, 2022-07-01: 63, 2022-08-01: 72, 2022-09-01: 63, 2022-10-01: 59, 2022-11-01: 64, 2022-12-01: 41, 2023-01-01: 50, 2023-02-01: 60, 2023-03-01: 49, 2023-04-01: 40, 2023-05-01: 36, 2023-06-01: 40, 2023-07-01: 39, 2023-08-01: 31, 2023-09-01: 35, 2023-10-01: 40, 2023-11-01: 39, 2023-12-01: 24, 2024-01-01: 30, 2024-02-01: 37, 2024-03-01: 23, 2024-04-01: 33, 2024-05-01: 32, 2024-06-01: 36, 2024-07-01: 35, 2024-08-01: 44, 2024-09-01: 33, 2024-10-01: 36, 2024-11-01: 38, 2024-12-01: 39, 2025-01-01: 47, 2025-02-01: 42, 2025-03-01: 39, 2025-04-01: 33, 2025-05-01: 36, 2025-06-01: 43, 2025-07-01: 39, 2025-08-01: 65, 2025-09-01: 57, 2025-10-01: 60, 2025-11-01: 74, 2025-12-01: 52, 2026-01-01: 51, 2026-02-01: 46, 2026-03-01: 56, 2026-04-01: 35, 2026-04-05: 33, 2026-04-12: 34"
"Bounce storage","Luggage storage service providing 24/7 storage solutions at various locations globally, accessible through a mobile app. Bounce differentiates itself by offering a convenient and secure way to store luggage, allowing users to book and manage storage easily via their app. This service is particularly beneficial for travelers and tourists who need temporary storage for their belongings while exploring a city or waiting for accommodations.","business, technology, lifestyle, travel, supply-chain","true","3233%","2400","Exploding","exponential","Seasonal","Low","Positive","declining","Past 5 years","https://signails.com/topics/bounce-storage","{""facebook"":49,""linkedin"":286,""twitter"":0,""pinterest"":16,""reddit"":28,""tiktok"":16,""youtube"":29}","2021-04-01: 4, 2021-05-01: 3, 2021-06-01: 4, 2021-07-01: 5, 2021-08-01: 5, 2021-09-01: 5, 2021-10-01: 6, 2021-11-01: 7, 2021-12-01: 7, 2022-01-01: 5, 2022-02-01: 9, 2022-03-01: 11, 2022-04-01: 17, 2022-05-01: 17, 2022-06-01: 18, 2022-07-01: 19, 2022-08-01: 19, 2022-09-01: 18, 2022-10-01: 16, 2022-11-01: 13, 2022-12-01: 12, 2023-01-01: 11, 2023-02-01: 15, 2023-03-01: 17, 2023-04-01: 21, 2023-05-01: 24, 2023-06-01: 28, 2023-07-01: 29, 2023-08-01: 30, 2023-09-01: 26, 2023-10-01: 23, 2023-11-01: 19, 2023-12-01: 19, 2024-01-01: 18, 2024-02-01: 21, 2024-03-01: 28, 2024-04-01: 29, 2024-05-01: 32, 2024-06-01: 42, 2024-07-01: 43, 2024-08-01: 47, 2024-09-01: 46, 2024-10-01: 45, 2024-11-01: 36, 2024-12-01: 36, 2025-01-01: 34, 2025-02-01: 34, 2025-03-01: 45, 2025-04-01: 51, 2025-05-01: 53, 2025-06-01: 54, 2025-07-01: 52, 2025-08-01: 98, 2025-09-01: 91, 2025-10-01: 80, 2025-11-01: 76, 2025-12-01: 83, 2026-01-01: 70, 2026-02-01: 93, 2026-03-01: 100, 2026-04-01: 100, 2026-04-05: 103, 2026-04-12: 105"
"Clubbi","Business-to-business (B2B) platform operating in the fast-moving consumer goods (FMCG) sector, facilitating connections between suppliers and neighborhood markets and grocery stores. Clubbi differentiates itself by providing an online commerce platform that streamlines the supply chain for small retail businesses, enhancing efficiency and accessibility. The platform primarily serves the retail industry, particularly small grocery stores looking to optimize their procurement processes.","business, finance, food-beverage, retail, supply-chain","true","120%","18100","Exploding","exponential","Seasonal","Average","Positive","declining","Past 5 years","https://signails.com/topics/clubbi","{""facebook"":21000,""linkedin"":154,""twitter"":245,""pinterest"":14,""reddit"":14,""tiktok"":932,""youtube"":84}","2021-04-01: 11, 2021-05-01: 15, 2021-06-01: 13, 2021-07-01: 18, 2021-08-01: 13, 2021-09-01: 15, 2021-10-01: 20, 2021-11-01: 22, 2021-12-01: 24, 2022-01-01: 18, 2022-02-01: 35, 2022-03-01: 34, 2022-04-01: 53, 2022-05-01: 42, 2022-06-01: 49, 2022-07-01: 46, 2022-08-01: 33, 2022-09-01: 33, 2022-10-01: 31, 2022-11-01: 42, 2022-12-01: 42, 2023-01-01: 48, 2023-02-01: 39, 2023-03-01: 48, 2023-04-01: 44, 2023-05-01: 42, 2023-06-01: 42, 2023-07-01: 53, 2023-08-01: 43, 2023-09-01: 41, 2023-10-01: 43, 2023-11-01: 34, 2023-12-01: 50, 2024-01-01: 46, 2024-02-01: 40, 2024-03-01: 46, 2024-04-01: 39, 2024-05-01: 51, 2024-06-01: 34, 2024-07-01: 36, 2024-08-01: 43, 2024-09-01: 42, 2024-10-01: 35, 2024-11-01: 35, 2024-12-01: 33, 2025-01-01: 30, 2025-02-01: 34, 2025-03-01: 26, 2025-04-01: 36, 2025-05-01: 32, 2025-06-01: 31, 2025-07-01: 31, 2025-08-01: 30, 2025-09-01: 42, 2025-10-01: 28, 2025-11-01: 27, 2025-12-01: 29, 2026-01-01: 35, 2026-02-01: 42, 2026-03-01: 38, 2026-04-01: 33, 2026-03-29: 49, 2026-04-05: 51, 2026-04-12: 51"
"Trash Bin Cleaning ","Service that involves the thorough cleaning and sanitizing of trash bins to remove dirt, grime, and odors. The process typically includes pre-cleaning inspection, high-pressure washing, sanitizing, deodorizing, and drying, which helps maintain hygiene and prevent the spread of bacteria and pests. This service is particularly beneficial for homeowners, businesses, and municipalities looking to maintain cleanliness and hygiene in their waste management practices.","business, home, retail, supply-chain","false","306%","8100","Exploding","exponential","Seasonal","Low","Positive","declining","Past 5 years","https://signails.com/topics/trash-bin-cleaning","{""facebook"":7620,""linkedin"":48,""twitter"":15,""pinterest"":296,""reddit"":53,""tiktok"":694,""youtube"":687}","2021-04-01: 14, 2021-05-01: 17, 2021-06-01: 30, 2021-07-01: 41, 2021-08-01: 38, 2021-09-01: 35, 2021-10-01: 21, 2021-11-01: 15, 2021-12-01: 11, 2022-01-01: 15, 2022-02-01: 12, 2022-03-01: 14, 2022-04-01: 17, 2022-05-01: 16, 2022-06-01: 22, 2022-07-01: 26, 2022-08-01: 30, 2022-09-01: 25, 2022-10-01: 16, 2022-11-01: 14, 2022-12-01: 19, 2023-01-01: 30, 2023-02-01: 23, 2023-03-01: 23, 2023-04-01: 21, 2023-05-01: 27, 2023-06-01: 39, 2023-07-01: 46, 2023-08-01: 39, 2023-09-01: 36, 2023-10-01: 26, 2023-11-01: 18, 2023-12-01: 17, 2024-01-01: 20, 2024-02-01: 28, 2024-03-01: 23, 2024-04-01: 29, 2024-05-01: 33, 2024-06-01: 37, 2024-07-01: 44, 2024-08-01: 47, 2024-09-01: 34, 2024-10-01: 26, 2024-11-01: 27, 2024-12-01: 23, 2025-01-01: 27, 2025-02-01: 32, 2025-03-01: 33, 2025-04-01: 42, 2025-05-01: 46, 2025-06-01: 58, 2025-07-01: 68, 2025-08-01: 100, 2025-09-01: 60, 2025-10-01: 47, 2025-11-01: 40, 2025-12-01: 36, 2026-01-01: 53, 2026-02-01: 53, 2026-03-01: 66, 2026-04-01: 69, 2026-04-05: 34, 2026-04-12: 35"
"instawork","Platform designed to create economic opportunities for local businesses and hourly workers around the world. It empowers users to thrive in their careers by providing them with necessary tools and opportunities, differentiating itself through its focus on flexible work arrangements and a user-friendly interface. The primary target demographic includes local businesses in need of temporary staff and hourly workers seeking flexible job opportunities.","business, technology, industry, supply-chain, hr","true","454%","40500","Exploding","exponential","Non-seasonal","Average","Positive","stationary","Past 5 years","https://signails.com/topics/instawork","{""facebook"":1830,""linkedin"":2080,""twitter"":131,""pinterest"":315,""reddit"":1820,""tiktok"":437,""youtube"":433}","2021-04-01: 12, 2021-05-01: 13, 2021-06-01: 17, 2021-07-01: 23, 2021-08-01: 23, 2021-09-01: 27, 2021-10-01: 31, 2021-11-01: 32, 2021-12-01: 100, 2022-01-01: 48, 2022-02-01: 38, 2022-03-01: 39, 2022-04-01: 49, 2022-05-01: 73, 2022-06-01: 57, 2022-07-01: 50, 2022-08-01: 59, 2022-09-01: 61, 2022-10-01: 61, 2022-11-01: 54, 2022-12-01: 51, 2023-01-01: 49, 2023-02-01: 43, 2023-03-01: 46, 2023-04-01: 48, 2023-05-01: 52, 2023-06-01: 49, 2023-07-01: 50, 2023-08-01: 47, 2023-09-01: 54, 2023-10-01: 56, 2023-11-01: 53, 2023-12-01: 47, 2024-01-01: 44, 2024-02-01: 40, 2024-03-01: 39, 2024-04-01: 45, 2024-05-01: 51, 2024-06-01: 52, 2024-07-01: 46, 2024-08-01: 47, 2024-09-01: 54, 2024-10-01: 54, 2024-11-01: 50, 2024-12-01: 57, 2025-01-01: 53, 2025-02-01: 44, 2025-03-01: 51, 2025-04-01: 44, 2025-05-01: 53, 2025-06-01: 100, 2025-07-01: 61, 2025-08-01: 83, 2025-09-01: 90, 2025-10-01: 82, 2025-11-01: 71, 2025-12-01: 74, 2026-01-01: 66, 2026-02-01: 78, 2026-03-01: 85, 2026-04-01: 72, 2026-04-05: 41, 2026-04-12: 46"
"Kinder's","Company specializing in BBQ products such as seasonings, rubs, and sauces. Founded in 1946, it is dedicated to providing high-quality and flavorful food products, differentiating itself through its long-standing tradition and commitment to taste. The target demographic includes BBQ enthusiasts and home cooks seeking premium BBQ flavors and seasonings.","business, health, food-beverage, industry, lifestyle, food, cpg, energy, supply-chain, baby, education, fitness","true","569%","673000","Exploding","exponential","Seasonal","Low","Positive","growing","Past 5 years","https://signails.com/topics/kinders","{""facebook"":9410,""linkedin"":522,""twitter"":115,""pinterest"":1890,""reddit"":811,""tiktok"":1600,""youtube"":1310}","2021-04-01: 10, 2021-05-01: 13, 2021-06-01: 13, 2021-07-01: 11, 2021-08-01: 10, 2021-09-01: 9, 2021-10-01: 8, 2021-11-01: 12, 2021-12-01: 11, 2022-01-01: 15, 2022-02-01: 18, 2022-03-01: 22, 2022-04-01: 25, 2022-05-01: 26, 2022-06-01: 27, 2022-07-01: 26, 2022-08-01: 30, 2022-09-01: 24, 2022-10-01: 23, 2022-11-01: 25, 2022-12-01: 21, 2023-01-01: 27, 2023-02-01: 24, 2023-03-01: 27, 2023-04-01: 32, 2023-05-01: 31, 2023-06-01: 34, 2023-07-01: 40, 2023-08-01: 34, 2023-09-01: 30, 2023-10-01: 30, 2023-11-01: 31, 2023-12-01: 30, 2024-01-01: 30, 2024-02-01: 29, 2024-03-01: 29, 2024-04-01: 31, 2024-05-01: 27, 2024-06-01: 45, 2024-07-01: 46, 2024-08-01: 43, 2024-09-01: 37, 2024-10-01: 33, 2024-11-01: 52, 2024-12-01: 63, 2025-01-01: 47, 2025-02-01: 43, 2025-03-01: 44, 2025-04-01: 47, 2025-05-01: 49, 2025-06-01: 62, 2025-07-01: 68, 2025-08-01: 75, 2025-09-01: 69, 2025-10-01: 77, 2025-11-01: 97, 2025-12-01: 100, 2026-01-01: 62, 2026-02-01: 60, 2026-03-01: 57, 2026-04-01: 87, 2026-04-05: 38, 2026-04-12: 42"
"Too good to go","Mobile application that connects customers with restaurants and stores to purchase surplus unsold food at a reduced price. It aims to reduce food waste and promote sustainability by offering affordable meal options that would otherwise go to waste. The app primarily targets environmentally conscious consumers and budget-conscious individuals looking for cost-effective meal solutions.","business, technology, food-beverage, food, retail, supply-chain","true","67%","823000","Exploding","exponential","Seasonal","Low","Positive","growing","Past 5 years","https://signails.com/topics/too-good-to-go","{""facebook"":29200,""linkedin"":5330,""twitter"":257,""pinterest"":755,""reddit"":9940,""tiktok"":35400,""youtube"":9740}","2021-04-01: 59, 2021-05-01: 55, 2021-06-01: 49, 2021-07-01: 55, 2021-08-01: 51, 2021-09-01: 56, 2021-10-01: 58, 2021-11-01: 53, 2021-12-01: 44, 2022-01-01: 75, 2022-02-01: 91, 2022-03-01: 74, 2022-04-01: 75, 2022-05-01: 69, 2022-06-01: 70, 2022-07-01: 69, 2022-08-01: 73, 2022-09-01: 93, 2022-10-01: 89, 2022-11-01: 80, 2022-12-01: 55, 2023-01-01: 83, 2023-02-01: 94, 2023-03-01: 92, 2023-04-01: 74, 2023-05-01: 68, 2023-06-01: 64, 2023-07-01: 63, 2023-08-01: 67, 2023-09-01: 73, 2023-10-01: 80, 2023-11-01: 78, 2023-12-01: 56, 2024-01-01: 85, 2024-02-01: 88, 2024-03-01: 83, 2024-04-01: 73, 2024-05-01: 73, 2024-06-01: 66, 2024-07-01: 69, 2024-08-01: 71, 2024-09-01: 80, 2024-10-01: 87, 2024-11-01: 85, 2024-12-01: 70, 2025-01-01: 87, 2025-02-01: 84, 2025-03-01: 88, 2025-04-01: 80, 2025-05-01: 77, 2025-06-01: 76, 2025-07-01: 74, 2025-08-01: 89, 2025-09-01: 95, 2025-10-01: 97, 2025-11-01: 97, 2025-12-01: 72, 2026-01-01: 88, 2026-02-01: 100, 2026-03-01: 99, 2026-04-01: 92, 2026-04-05: 82, 2026-04-12: 84"
"goodwe","World-leading PV inverter manufacturer and smart energy solution provider, founded in 2010. GoodWe is known for its sustainable growth and innovative products, which include solar inverters and energy storage solutions, differentiating itself through high efficiency and reliability. The company's products are primarily targeted at residential, commercial, and industrial users seeking advanced and sustainable energy solutions.","business, technology, industry, manufacturing, energy, supply-chain","true","473.00000000000006%","27100","Exploding","exponential","Seasonal","Average","Positive","growing","Past 5 years","https://signails.com/topics/goodwe","{""facebook"":42800,""linkedin"":5140,""twitter"":52,""pinterest"":180,""reddit"":1250,""tiktok"":638,""youtube"":3720}","2021-04-01: 16, 2021-05-01: 15, 2021-06-01: 16, 2021-07-01: 15, 2021-08-01: 15, 2021-09-01: 15, 2021-10-01: 18, 2021-11-01: 18, 2021-12-01: 15, 2022-01-01: 21, 2022-02-01: 26, 2022-03-01: 31, 2022-04-01: 30, 2022-05-01: 28, 2022-06-01: 29, 2022-07-01: 30, 2022-08-01: 29, 2022-09-01: 36, 2022-10-01: 36, 2022-11-01: 35, 2022-12-01: 28, 2023-01-01: 33, 2023-02-01: 38, 2023-03-01: 37, 2023-04-01: 32, 2023-05-01: 36, 2023-06-01: 34, 2023-07-01: 38, 2023-08-01: 36, 2023-09-01: 37, 2023-10-01: 36, 2023-11-01: 34, 2023-12-01: 31, 2024-01-01: 33, 2024-02-01: 38, 2024-03-01: 39, 2024-04-01: 38, 2024-05-01: 41, 2024-06-01: 40, 2024-07-01: 38, 2024-08-01: 36, 2024-09-01: 34, 2024-10-01: 37, 2024-11-01: 37, 2024-12-01: 36, 2025-01-01: 35, 2025-02-01: 43, 2025-03-01: 48, 2025-04-01: 43, 2025-05-01: 49, 2025-06-01: 45, 2025-07-01: 49, 2025-08-01: 64, 2025-09-01: 73, 2025-10-01: 66, 2025-11-01: 74, 2025-12-01: 59, 2026-01-01: 62, 2026-02-01: 78, 2026-03-01: 100, 2026-04-01: 86, 2026-03-29: 93, 2026-04-05: 96, 2026-04-12: 97"
"Route optimization","Process used to determine the most efficient route for a vehicle or fleet of vehicles to minimize travel time, distance, or cost. It involves various algorithms and techniques to solve complex routing problems, such as the Traveling Salesman Problem (TSP) and the Vehicle Routing Problem (VRP), and often uses Geographic Information Systems (GIS) and real-time traffic data. This process is crucial for logistics, delivery services, and transportation planning, benefiting businesses that rely on efficient transportation to reduce costs and improve service reliability.","business, technology, industry, supply-chain, productivity, retail","false","1286%","6600","Exploding","exponential","Seasonal","Low","Positive","growing","Past 5 years","https://signails.com/topics/route-optimization","{""facebook"":943,""linkedin"":1950,""twitter"":96,""pinterest"":372,""reddit"":192,""tiktok"":28,""youtube"":1070}","2021-04-01: 7, 2021-05-01: 9, 2021-06-01: 7, 2021-07-01: 7, 2021-08-01: 7, 2021-09-01: 7, 2021-10-01: 6, 2021-11-01: 7, 2021-12-01: 8, 2022-01-01: 9, 2022-02-01: 8, 2022-03-01: 11, 2022-04-01: 9, 2022-05-01: 8, 2022-06-01: 9, 2022-07-01: 8, 2022-08-01: 7, 2022-09-01: 8, 2022-10-01: 7, 2022-11-01: 8, 2022-12-01: 8, 2023-01-01: 8, 2023-02-01: 9, 2023-03-01: 7, 2023-04-01: 8, 2023-05-01: 9, 2023-06-01: 10, 2023-07-01: 10, 2023-08-01: 10, 2023-09-01: 12, 2023-10-01: 11, 2023-11-01: 10, 2023-12-01: 10, 2024-01-01: 12, 2024-02-01: 12, 2024-03-01: 11, 2024-04-01: 12, 2024-05-01: 12, 2024-06-01: 11, 2024-07-01: 11, 2024-08-01: 12, 2024-09-01: 11, 2024-10-01: 11, 2024-11-01: 13, 2024-12-01: 11, 2025-01-01: 12, 2025-02-01: 14, 2025-03-01: 14, 2025-04-01: 16, 2025-05-01: 17, 2025-06-01: 28, 2025-07-01: 28, 2025-08-01: 84, 2025-09-01: 69, 2025-10-01: 69, 2025-11-01: 67, 2025-12-01: 73, 2026-01-01: 77, 2026-02-01: 100, 2026-03-01: 97, 2026-03-29: 53, 2026-04-05: 52, 2026-04-12: 55"
"Israel Shipyards","One of the largest shipbuilding and repair facilities in the eastern Mediterranean, known for its extensive capabilities in constructing and maintaining various types of vessels. The company operates a privately owned port at the Kishon Port, part of the Port of Haifa complex, providing strategic advantages in logistics and maritime services. Israel Shipyards primarily serves commercial shipping companies, naval forces, and other maritime industries requiring high-quality shipbuilding and repair services.","business, industry, manufacturing, supply-chain","true","1900%","140","Exploding","exponential","Non-seasonal","Average","Positive","growing","Past 5 years","https://signails.com/topics/israel-shipyards","{""facebook"":107,""linkedin"":342,""twitter"":75,""pinterest"":0,""reddit"":14,""tiktok"":1,""youtube"":55}","2021-04-01: 0, 2021-05-01: 0, 2021-06-01: 0, 2021-07-01: 0, 2021-08-01: 25, 2021-09-01: 0, 2021-10-01: 0, 2021-11-01: 0, 2021-12-01: 0, 2022-01-01: 0, 2022-02-01: 0, 2022-03-01: 20, 2022-04-01: 17, 2022-05-01: 0, 2022-06-01: 0, 2022-07-01: 0, 2022-08-01: 0, 2022-09-01: 0, 2022-10-01: 27, 2022-11-01: 0, 2022-12-01: 0, 2023-01-01: 20, 2023-02-01: 0, 2023-03-01: 0, 2023-04-01: 0, 2023-05-01: 0, 2023-06-01: 0, 2023-07-01: 0, 2023-08-01: 0, 2023-09-01: 0, 2023-10-01: 24, 2023-11-01: 0, 2023-12-01: 0, 2024-01-01: 0, 2024-02-01: 0, 2024-03-01: 0, 2024-04-01: 0, 2024-05-01: 0, 2024-06-01: 0, 2024-07-01: 0, 2024-08-01: 28, 2024-09-01: 0, 2024-10-01: 0, 2024-11-01: 0, 2024-12-01: 0, 2025-01-01: 0, 2025-02-01: 0, 2025-03-01: 0, 2025-04-01: 0, 2025-05-01: 0, 2025-06-01: 0, 2025-07-01: 22, 2025-08-01: 83, 2025-09-01: 75, 2025-10-01: 63, 2025-11-01: 54, 2025-12-01: 67, 2026-01-01: 59, 2026-02-01: 71, 2026-03-01: 100, 2026-04-01: 20, 2026-04-05: 29, 2026-04-12: 28"
"Manchtech","AI-driven, cloud-native, and no-code platform designed to digitize enterprise workflows and processes, particularly in the area of master data management. Manchtech differentiates itself by offering a comprehensive solution that simplifies and automates data management tasks, enhancing efficiency and accuracy in enterprise operations. The platform is primarily targeted at large enterprises and organizations seeking to streamline their data management processes and improve operational efficiency.","business, technology, software, productivity, supply-chain","true","1500%","0","Exploding","constant","Non-seasonal","Average","Positive","growing","Past 5 years","https://signails.com/topics/manchtech","{""facebook"":0,""linkedin"":52,""twitter"":0,""pinterest"":29,""reddit"":0,""tiktok"":0,""youtube"":0}","2021-04-01: 0, 2021-05-01: 0, 2021-06-01: 0, 2021-07-01: 0, 2021-08-01: 0, 2021-09-01: 0, 2021-10-01: 0, 2021-11-01: 0, 2021-12-01: 0, 2022-01-01: 0, 2022-02-01: 0, 2022-03-01: 10, 2022-04-01: 10, 2022-05-01: 9, 2022-06-01: 20, 2022-07-01: 15, 2022-08-01: 12, 2022-09-01: 15, 2022-10-01: 15, 2022-11-01: 21, 2022-12-01: 10, 2023-01-01: 10, 2023-02-01: 9, 2023-03-01: 8, 2023-04-01: 0, 2023-05-01: 9, 2023-06-01: 10, 2023-07-01: 13, 2023-08-01: 17, 2023-09-01: 19, 2023-10-01: 16, 2023-11-01: 14, 2023-12-01: 21, 2024-01-01: 10, 2024-02-01: 21, 2024-03-01: 15, 2024-04-01: 9, 2024-05-01: 14, 2024-06-01: 12, 2024-07-01: 14, 2024-08-01: 12, 2024-09-01: 12, 2024-10-01: 9, 2024-11-01: 11, 2024-12-01: 16, 2025-01-01: 24, 2025-02-01: 26, 2025-03-01: 22, 2025-04-01: 21, 2025-05-01: 15, 2025-06-01: 13, 2025-07-01: 14, 2025-08-01: 0, 2025-09-01: 18, 2025-10-01: 11, 2025-11-01: 8, 2025-12-01: 17, 2026-01-01: 15, 2026-02-01: 15, 2026-03-01: 11, 2026-04-01: 16, 2026-04-05: 46, 2026-04-12: 21"
"Rebel Foods","A Mumbai-based startup founded in 2011, operating a network of cloud kitchens. The company is known for its innovative approach to food delivery, running multiple food brands such as Faasos, Behrouz Biryani, Oven Story, and Mandarin Oak. Rebel Foods primarily targets urban consumers seeking diverse and convenient food options, leveraging technology to optimize kitchen operations and delivery processes.","business, technology, food-beverage, retail, supply-chain, food","true","56.00000000000001%","22200","Exploding","exponential","Non-seasonal","Low","Positive","growing","Past 5 years","https://signails.com/topics/rebel-foods","{""facebook"":1040,""linkedin"":2850,""twitter"":36,""pinterest"":1,""reddit"":51,""tiktok"":18,""youtube"":245}","2021-04-01: 52, 2021-05-01: 53, 2021-06-01: 57, 2021-07-01: 62, 2021-08-01: 59, 2021-09-01: 54, 2021-10-01: 81, 2021-11-01: 50, 2021-12-01: 55, 2022-01-01: 61, 2022-02-01: 62, 2022-03-01: 64, 2022-04-01: 66, 2022-05-01: 65, 2022-06-01: 73, 2022-07-01: 61, 2022-08-01: 56, 2022-09-01: 55, 2022-10-01: 51, 2022-11-01: 51, 2022-12-01: 50, 2023-01-01: 100, 2023-02-01: 60, 2023-03-01: 62, 2023-04-01: 57, 2023-05-01: 56, 2023-06-01: 51, 2023-07-01: 55, 2023-08-01: 43, 2023-09-01: 44, 2023-10-01: 40, 2023-11-01: 47, 2023-12-01: 50, 2024-01-01: 48, 2024-02-01: 52, 2024-03-01: 59, 2024-04-01: 57, 2024-05-01: 48, 2024-06-01: 54, 2024-07-01: 56, 2024-08-01: 65, 2024-09-01: 57, 2024-10-01: 56, 2024-11-01: 43, 2024-12-01: 56, 2025-01-01: 51, 2025-02-01: 57, 2025-03-01: 44, 2025-04-01: 47, 2025-05-01: 45, 2025-06-01: 46, 2025-07-01: 55, 2025-08-01: 76, 2025-09-01: 67, 2025-10-01: 68, 2025-11-01: 74, 2025-12-01: 71, 2026-01-01: 62, 2026-02-01: 67, 2026-03-01: 81, 2026-04-05: 54, 2026-04-12: 51"
"ShipBob","Global omnifulfillment platform that supports thousands of ecommerce brands by providing logistics and fulfillment services. ShipBob operates a network of over 50 fulfillment centers across multiple countries, offering efficient inventory management, order processing, and shipping solutions. The platform primarily benefits ecommerce businesses looking to streamline their fulfillment operations and improve delivery times.","business, technology, ecommerce, retail, productivity, supply-chain","true","325%","27100","Exploding","exponential","Non-seasonal","Low","Positive","growing","Past 5 years","https://signails.com/topics/shipbob","{""facebook"":617,""linkedin"":2280,""twitter"":85,""pinterest"":152,""reddit"":727,""tiktok"":138,""youtube"":450}","2021-04-01: 10, 2021-05-01: 12, 2021-06-01: 13, 2021-07-01: 13, 2021-08-01: 12, 2021-09-01: 12, 2021-10-01: 11, 2021-11-01: 12, 2021-12-01: 14, 2022-01-01: 17, 2022-02-01: 16, 2022-03-01: 16, 2022-04-01: 20, 2022-05-01: 18, 2022-06-01: 19, 2022-07-01: 18, 2022-08-01: 21, 2022-09-01: 19, 2022-10-01: 17, 2022-11-01: 18, 2022-12-01: 20, 2023-01-01: 20, 2023-02-01: 20, 2023-03-01: 21, 2023-04-01: 17, 2023-05-01: 19, 2023-06-01: 19, 2023-07-01: 17, 2023-08-01: 18, 2023-09-01: 17, 2023-10-01: 17, 2023-11-01: 17, 2023-12-01: 18, 2024-01-01: 16, 2024-02-01: 20, 2024-03-01: 18, 2024-04-01: 19, 2024-05-01: 17, 2024-06-01: 19, 2024-07-01: 21, 2024-08-01: 21, 2024-09-01: 19, 2024-10-01: 18, 2024-11-01: 20, 2024-12-01: 23, 2025-01-01: 22, 2025-02-01: 23, 2025-03-01: 21, 2025-04-01: 19, 2025-05-01: 20, 2025-06-01: 31, 2025-07-01: 39, 2025-08-01: 54, 2025-09-01: 52, 2025-10-01: 47, 2025-11-01: 58, 2025-12-01: 45, 2026-01-01: 47, 2026-02-01: 100, 2026-03-01: 83, 2026-04-01: 51, 2026-03-29: 39, 2026-04-05: 38, 2026-04-12: 37"
"Welcome pickups","A service that allows travelers to book trusted local drivers for pickups and introductions to their destinations, along with the option to pre-order travel essentials. Founded in 2015 and headquartered in Coventry, United Kingdom, it differentiates itself by offering a comprehensive travel experience that includes local insights and convenience. The service primarily targets travelers seeking reliable and personalized transportation solutions in unfamiliar destinations.","business, lifestyle, travel, supply-chain","true","1450%","33100","Exploding","constant","Seasonal","Low","Negative","declining","Past 5 years","https://signails.com/topics/welcome-pickups","{""facebook"":981,""linkedin"":827,""twitter"":14,""pinterest"":52,""reddit"":280,""tiktok"":28,""youtube"":76}","2021-04-01: 2, 2021-05-01: 4, 2021-06-01: 5, 2021-07-01: 7, 2021-08-01: 11, 2021-09-01: 11, 2021-10-01: 8, 2021-11-01: 7, 2021-12-01: 5, 2022-01-01: 7, 2022-02-01: 8, 2022-03-01: 13, 2022-04-01: 18, 2022-05-01: 22, 2022-06-01: 24, 2022-07-01: 24, 2022-08-01: 26, 2022-09-01: 23, 2022-10-01: 21, 2022-11-01: 15, 2022-12-01: 16, 2023-01-01: 19, 2023-02-01: 22, 2023-03-01: 25, 2023-04-01: 30, 2023-05-01: 31, 2023-06-01: 36, 2023-07-01: 36, 2023-08-01: 38, 2023-09-01: 37, 2023-10-01: 34, 2023-11-01: 24, 2023-12-01: 24, 2024-01-01: 29, 2024-02-01: 26, 2024-03-01: 32, 2024-04-01: 42, 2024-05-01: 43, 2024-06-01: 45, 2024-07-01: 51, 2024-08-01: 50, 2024-09-01: 55, 2024-10-01: 42, 2024-11-01: 38, 2024-12-01: 34, 2025-01-01: 37, 2025-02-01: 42, 2025-03-01: 48, 2025-04-01: 51, 2025-05-01: 64, 2025-06-01: 68, 2025-07-01: 66, 2025-08-01: 100, 2025-09-01: 95, 2025-10-01: 82, 2025-11-01: 65, 2025-12-01: 55, 2026-01-01: 50, 2026-02-01: 58, 2026-03-01: 60, 2026-04-01: 62, 2026-03-29: 54, 2026-04-05: 59, 2026-04-12: 62"
"Ghost kitchen","Professional food preparation and cooking facilities set up for the preparation of delivery-only meals. They do not have a storefront or dining area for customers, focusing solely on fulfilling online orders placed through food delivery apps or websites, which allows for lower overhead costs and operational flexibility. Ghost kitchens primarily benefit food entrepreneurs and established restaurant brands looking to expand their delivery operations without the need for a physical dining space.","business, technology, food-beverage, retail, supply-chain, food","false","24%","60500","Exploding","exponential","Non-seasonal","Low","Positive","declining","Past 5 years","https://signails.com/topics/ghost-kitchen","{""facebook"":10400,""linkedin"":609,""twitter"":38,""pinterest"":607,""reddit"":1720,""tiktok"":1460,""youtube"":1570}","2021-04-01: 49, 2021-05-01: 52, 2021-06-01: 37, 2021-07-01: 38, 2021-08-01: 48, 2021-09-01: 42, 2021-10-01: 41, 2021-11-01: 39, 2021-12-01: 39, 2022-01-01: 45, 2022-02-01: 44, 2022-03-01: 42, 2022-04-01: 39, 2022-05-01: 38, 2022-06-01: 36, 2022-07-01: 44, 2022-08-01: 40, 2022-09-01: 38, 2022-10-01: 37, 2022-11-01: 35, 2022-12-01: 35, 2023-01-01: 39, 2023-02-01: 40, 2023-03-01: 50, 2023-04-01: 41, 2023-05-01: 37, 2023-06-01: 44, 2023-07-01: 36, 2023-08-01: 42, 2023-09-01: 37, 2023-10-01: 36, 2023-11-01: 37, 2023-12-01: 37, 2024-01-01: 37, 2024-02-01: 42, 2024-03-01: 42, 2024-04-01: 38, 2024-05-01: 35, 2024-06-01: 35, 2024-07-01: 36, 2024-08-01: 36, 2024-09-01: 34, 2024-10-01: 37, 2024-11-01: 31, 2024-12-01: 30, 2025-01-01: 33, 2025-02-01: 38, 2025-03-01: 40, 2025-04-01: 38, 2025-05-01: 37, 2025-06-01: 35, 2025-07-01: 42, 2025-08-01: 60, 2025-09-01: 54, 2025-10-01: 59, 2025-11-01: 57, 2025-12-01: 53, 2026-01-01: 61, 2026-02-01: 100, 2026-03-01: 61, 2026-04-05: 56, 2026-04-12: 56"
"Fourkites","A company that provides real-time visibility solutions for the entire supply chain. It helps organizations transform their end-to-end supply chain by digitizing it, offering real-time tracking and insights, which improves efficiency and transparency. Fourkites serves various industries, including food and beverage, retail, pharmaceutical, manufacturing, chemical, and oil and gas.","business, technology, software, supply-chain, ai, productivity","true","267%","12100","Exploding","exponential","Seasonal","Low","Neutral","growing","Past 5 years","https://signails.com/topics/fourkites","{""facebook"":770,""linkedin"":2080,""twitter"":80,""pinterest"":39,""reddit"":123,""tiktok"":14,""youtube"":161}","2021-04-01: 27, 2021-05-01: 28, 2021-06-01: 27, 2021-07-01: 26, 2021-08-01: 26, 2021-09-01: 31, 2021-10-01: 27, 2021-11-01: 29, 2021-12-01: 31, 2022-01-01: 36, 2022-02-01: 43, 2022-03-01: 41, 2022-04-01: 40, 2022-05-01: 39, 2022-06-01: 48, 2022-07-01: 43, 2022-08-01: 48, 2022-09-01: 45, 2022-10-01: 38, 2022-11-01: 34, 2022-12-01: 30, 2023-01-01: 35, 2023-02-01: 42, 2023-03-01: 41, 2023-04-01: 33, 2023-05-01: 43, 2023-06-01: 45, 2023-07-01: 38, 2023-08-01: 40, 2023-09-01: 38, 2023-10-01: 31, 2023-11-01: 30, 2023-12-01: 32, 2024-01-01: 36, 2024-02-01: 40, 2024-03-01: 37, 2024-04-01: 42, 2024-05-01: 39, 2024-06-01: 38, 2024-07-01: 38, 2024-08-01: 39, 2024-09-01: 36, 2024-10-01: 29, 2024-11-01: 32, 2024-12-01: 33, 2025-01-01: 30, 2025-02-01: 32, 2025-03-01: 32, 2025-04-01: 34, 2025-05-01: 39, 2025-06-01: 51, 2025-07-01: 49, 2025-08-01: 90, 2025-09-01: 80, 2025-10-01: 73, 2025-11-01: 89, 2025-12-01: 64, 2026-01-01: 71, 2026-02-01: 100, 2026-03-01: 99, 2026-04-05: 48, 2026-04-12: 43"
"Laundryheap","Laundryheap is a modern laundry and dry cleaning service provider that offers convenient, professional cleaning with doorstep delivery. The company differentiates itself by providing quick turnaround times, often within 24 hours, and leveraging technology to streamline the booking and tracking process. Laundryheap primarily targets busy professionals and urban residents who seek efficient and reliable laundry solutions.","business, technology, ecommerce, retail, supply-chain, productivity","true","323%","14800","Exploding","exponential","Non-seasonal","Low","Positive","stationary","Past 5 years","https://signails.com/topics/laundryheap","{""facebook"":1220,""linkedin"":463,""twitter"":1,""pinterest"":36,""reddit"":100,""tiktok"":29,""youtube"":96}","2021-04-01: 22, 2021-05-01: 20, 2021-06-01: 20, 2021-07-01: 14, 2021-08-01: 27, 2021-09-01: 25, 2021-10-01: 21, 2021-11-01: 28, 2021-12-01: 20, 2022-01-01: 23, 2022-02-01: 21, 2022-03-01: 33, 2022-04-01: 44, 2022-05-01: 42, 2022-06-01: 43, 2022-07-01: 46, 2022-08-01: 46, 2022-09-01: 49, 2022-10-01: 42, 2022-11-01: 44, 2022-12-01: 41, 2023-01-01: 50, 2023-02-01: 45, 2023-03-01: 44, 2023-04-01: 62, 2023-05-01: 59, 2023-06-01: 60, 2023-07-01: 67, 2023-08-01: 49, 2023-09-01: 66, 2023-10-01: 57, 2023-11-01: 50, 2023-12-01: 43, 2024-01-01: 58, 2024-02-01: 45, 2024-03-01: 45, 2024-04-01: 40, 2024-05-01: 53, 2024-06-01: 48, 2024-07-01: 59, 2024-08-01: 52, 2024-09-01: 49, 2024-10-01: 42, 2024-11-01: 40, 2024-12-01: 44, 2025-01-01: 44, 2025-02-01: 39, 2025-03-01: 55, 2025-04-01: 43, 2025-05-01: 61, 2025-06-01: 65, 2025-07-01: 66, 2025-08-01: 95, 2025-09-01: 92, 2025-10-01: 79, 2025-11-01: 81, 2025-12-01: 70, 2026-01-01: 74, 2026-02-01: 100, 2026-03-01: 93, 2026-04-05: 79, 2026-04-12: 81"
"Daraz","Leading e-commerce marketplace in South Asia, operating in Bangladesh, Pakistan, Sri Lanka, and Nepal. Formed in 2015, it has expanded its product offerings and market reach across the region, providing a wide range of products from electronics to fashion. Daraz primarily targets online shoppers in South Asia looking for a diverse selection of products and convenient shopping experiences.","business, technology, ecommerce, retail, marketing, supply-chain","true","8%","3350000","Exploding","constant","Seasonal","Average","Negative","stationary","Past 5 years","https://signails.com/topics/daraz","{""facebook"":528000,""linkedin"":17200,""twitter"":751,""pinterest"":14100,""reddit"":4290,""tiktok"":38400,""youtube"":90100}","2021-04-01: 49, 2021-05-01: 48, 2021-06-01: 52, 2021-07-01: 50, 2021-08-01: 54, 2021-09-01: 54, 2021-10-01: 59, 2021-11-01: 64, 2021-12-01: 51, 2022-01-01: 60, 2022-02-01: 63, 2022-03-01: 59, 2022-04-01: 60, 2022-05-01: 56, 2022-06-01: 64, 2022-07-01: 66, 2022-08-01: 72, 2022-09-01: 76, 2022-10-01: 69, 2022-11-01: 87, 2022-12-01: 68, 2023-01-01: 63, 2023-02-01: 67, 2023-03-01: 64, 2023-04-01: 64, 2023-05-01: 63, 2023-06-01: 68, 2023-07-01: 73, 2023-08-01: 77, 2023-09-01: 79, 2023-10-01: 78, 2023-11-01: 100, 2023-12-01: 81, 2024-01-01: 84, 2024-02-01: 79, 2024-03-01: 86, 2024-04-01: 78, 2024-05-01: 76, 2024-06-01: 76, 2024-07-01: 78, 2024-08-01: 84, 2024-09-01: 77, 2024-10-01: 71, 2024-11-01: 79, 2024-12-01: 66, 2025-01-01: 57, 2025-02-01: 52, 2025-03-01: 52, 2025-04-01: 51, 2025-05-01: 54, 2025-06-01: 51, 2025-07-01: 62, 2025-08-01: 61, 2025-09-01: 65, 2025-10-01: 60, 2025-11-01: 68, 2025-12-01: 56, 2026-01-01: 51, 2026-02-01: 47, 2026-03-01: 53, 2026-04-05: 55, 2026-04-12: 57"
"Parachute Health","Software company that provides an online ordering platform for medical equipment and supplies. The platform is designed to offer the fastest and most reliable way to order these items, enhancing visibility and efficiency in the ordering process for the DME/HME industry. Parachute Health primarily serves healthcare providers and patients requiring durable medical equipment.","business, technology, health, healthcare, productivity, supply-chain","true","216%","22200","Exploding","exponential","Seasonal","Low","Positive","declining","Past 5 years","https://signails.com/topics/parachute-health","{""facebook"":44,""linkedin"":400,""twitter"":14,""pinterest"":15,""reddit"":57,""tiktok"":15,""youtube"":14}","2021-04-01: 17, 2021-05-01: 19, 2021-06-01: 18, 2021-07-01: 18, 2021-08-01: 18, 2021-09-01: 20, 2021-10-01: 21, 2021-11-01: 18, 2021-12-01: 19, 2022-01-01: 18, 2022-02-01: 21, 2022-03-01: 19, 2022-04-01: 19, 2022-05-01: 20, 2022-06-01: 23, 2022-07-01: 22, 2022-08-01: 22, 2022-09-01: 22, 2022-10-01: 26, 2022-11-01: 22, 2022-12-01: 24, 2023-01-01: 26, 2023-02-01: 33, 2023-03-01: 32, 2023-04-01: 31, 2023-05-01: 35, 2023-06-01: 33, 2023-07-01: 33, 2023-08-01: 38, 2023-09-01: 36, 2023-10-01: 35, 2023-11-01: 34, 2023-12-01: 33, 2024-01-01: 37, 2024-02-01: 41, 2024-03-01: 39, 2024-04-01: 41, 2024-05-01: 41, 2024-06-01: 34, 2024-07-01: 37, 2024-08-01: 40, 2024-09-01: 38, 2024-10-01: 41, 2024-11-01: 37, 2024-12-01: 42, 2025-01-01: 43, 2025-02-01: 48, 2025-03-01: 43, 2025-04-01: 45, 2025-05-01: 50, 2025-06-01: 52, 2025-07-01: 52, 2025-08-01: 86, 2025-09-01: 91, 2025-10-01: 90, 2025-11-01: 84, 2025-12-01: 75, 2026-01-01: 64, 2026-02-01: 100, 2026-03-01: 83, 2026-04-01: 60, 2026-04-05: 60, 2026-04-12: 59"
"Manufacturing software","Software system designed to help businesses manage and monitor the production process in manufacturing environments. It tracks the status of each step in the production process to ensure that all steps are completed correctly and on time, thereby improving efficiency and reducing errors. Manufacturing software is primarily used by manufacturing companies seeking to optimize their production workflows and ensure product quality.","business, technology, industry, productivity, supply-chain, manufacturing","false","844%","3600","Exploding","exponential","Seasonal","Average","Positive","declining","Past 5 years","https://signails.com/topics/manufacturing-software","{""facebook"":919,""linkedin"":2750,""twitter"":23,""pinterest"":264,""reddit"":77,""tiktok"":21,""youtube"":554}","2021-04-01: 9, 2021-05-01: 9, 2021-06-01: 10, 2021-07-01: 10, 2021-08-01: 10, 2021-09-01: 12, 2021-10-01: 12, 2021-11-01: 11, 2021-12-01: 11, 2022-01-01: 10, 2022-02-01: 11, 2022-03-01: 11, 2022-04-01: 11, 2022-05-01: 10, 2022-06-01: 10, 2022-07-01: 9, 2022-08-01: 9, 2022-09-01: 10, 2022-10-01: 9, 2022-11-01: 9, 2022-12-01: 9, 2023-01-01: 9, 2023-02-01: 9, 2023-03-01: 9, 2023-04-01: 8, 2023-05-01: 9, 2023-06-01: 10, 2023-07-01: 10, 2023-08-01: 10, 2023-09-01: 10, 2023-10-01: 11, 2023-11-01: 11, 2023-12-01: 10, 2024-01-01: 11, 2024-02-01: 14, 2024-03-01: 13, 2024-04-01: 12, 2024-05-01: 11, 2024-06-01: 12, 2024-07-01: 12, 2024-08-01: 11, 2024-09-01: 11, 2024-10-01: 12, 2024-11-01: 11, 2024-12-01: 9, 2025-01-01: 11, 2025-02-01: 13, 2025-03-01: 14, 2025-04-01: 17, 2025-05-01: 20, 2025-06-01: 31, 2025-07-01: 34, 2025-08-01: 60, 2025-09-01: 65, 2025-10-01: 61, 2025-11-01: 60, 2025-12-01: 55, 2026-01-01: 60, 2026-02-01: 100, 2026-03-01: 85, 2026-04-05: 53, 2026-04-12: 51"
"chainway","Leading Internet of Things company in China, specializing in RFID and barcode technologies. Founded in 2005, it is recognized as a high-tech enterprise and has received multiple awards for its RFID readers. Chainway primarily serves businesses and industries requiring advanced data collection and identification solutions.","business, technology, industry, retail, productivity, supply-chain","true","355%","2400","Exploding","exponential","Non-seasonal","Average","Positive","growing","Past 5 years","https://signails.com/topics/chainway","{""facebook"":1130,""linkedin"":979,""twitter"":19,""pinterest"":58,""reddit"":77,""tiktok"":27,""youtube"":503}","2021-04-01: 14, 2021-05-01: 11, 2021-06-01: 16, 2021-07-01: 13, 2021-08-01: 9, 2021-09-01: 9, 2021-10-01: 13, 2021-11-01: 16, 2021-12-01: 14, 2022-01-01: 13, 2022-02-01: 19, 2022-03-01: 18, 2022-04-01: 21, 2022-05-01: 16, 2022-06-01: 20, 2022-07-01: 21, 2022-08-01: 17, 2022-09-01: 18, 2022-10-01: 20, 2022-11-01: 20, 2022-12-01: 17, 2023-01-01: 21, 2023-02-01: 19, 2023-03-01: 20, 2023-04-01: 19, 2023-05-01: 20, 2023-06-01: 23, 2023-07-01: 20, 2023-08-01: 22, 2023-09-01: 25, 2023-10-01: 24, 2023-11-01: 23, 2023-12-01: 25, 2024-01-01: 32, 2024-02-01: 32, 2024-03-01: 32, 2024-04-01: 31, 2024-05-01: 29, 2024-06-01: 28, 2024-07-01: 28, 2024-08-01: 31, 2024-09-01: 32, 2024-10-01: 32, 2024-11-01: 28, 2024-12-01: 33, 2025-01-01: 32, 2025-02-01: 38, 2025-03-01: 37, 2025-04-01: 41, 2025-05-01: 38, 2025-06-01: 40, 2025-07-01: 49, 2025-08-01: 83, 2025-09-01: 80, 2025-10-01: 72, 2025-11-01: 67, 2025-12-01: 60, 2026-01-01: 60, 2026-02-01: 64, 2026-03-01: 65, 2026-04-01: 50, 2026-04-05: 54, 2026-04-12: 51"
"SecurityScorecard","Information security company that rates the cybersecurity postures of corporate entities by analyzing cyber threat intelligence signals. It helps automate and scale vendor risk management programs and provides continuous monitoring, differentiating itself by offering a comprehensive view of an organization's cybersecurity health. SecurityScorecard primarily targets businesses and organizations looking to enhance their IT risk management and third-party management processes.","business, technology, cybersecurity, supply-chain, productivity","true","300%","9900","Exploding","exponential","Non-seasonal","Low","Positive","growing","Past 5 years","https://signails.com/topics/securityscorecard","{""facebook"":1040,""linkedin"":3340,""twitter"":55,""pinterest"":21,""reddit"":272,""tiktok"":23,""youtube"":187}","2021-04-01: 7, 2021-05-01: 7, 2021-06-01: 8, 2021-07-01: 7, 2021-08-01: 7, 2021-09-01: 10, 2021-10-01: 10, 2021-11-01: 12, 2021-12-01: 11, 2022-01-01: 14, 2022-02-01: 13, 2022-03-01: 15, 2022-04-01: 15, 2022-05-01: 13, 2022-06-01: 16, 2022-07-01: 11, 2022-08-01: 14, 2022-09-01: 14, 2022-10-01: 14, 2022-11-01: 14, 2022-12-01: 13, 2023-01-01: 15, 2023-02-01: 14, 2023-03-01: 13, 2023-04-01: 14, 2023-05-01: 15, 2023-06-01: 15, 2023-07-01: 14, 2023-08-01: 15, 2023-09-01: 16, 2023-10-01: 15, 2023-11-01: 14, 2023-12-01: 12, 2024-01-01: 15, 2024-02-01: 17, 2024-03-01: 14, 2024-04-01: 18, 2024-05-01: 16, 2024-06-01: 13, 2024-07-01: 15, 2024-08-01: 16, 2024-09-01: 15, 2024-10-01: 15, 2024-11-01: 18, 2024-12-01: 16, 2025-01-01: 17, 2025-02-01: 19, 2025-03-01: 20, 2025-04-01: 18, 2025-05-01: 22, 2025-06-01: 21, 2025-07-01: 23, 2025-08-01: 41, 2025-09-01: 34, 2025-10-01: 39, 2025-11-01: 34, 2025-12-01: 27, 2026-01-01: 100, 2026-02-01: 62, 2026-03-01: 52, 2026-04-01: 28, 2026-04-05: 40, 2026-04-12: 29"
"mudango","Moving and storage service company operating primarily in Latin America, including Chile, Colombia, and Mexico. Mudango offers a variety of customizable moving services that can be easily booked through their platform, aiming to provide a seamless and personalized moving experience facilitated by their virtual assistant, Sofía. The service is particularly beneficial for individuals and families looking for a convenient and efficient way to manage their relocation needs.","business, technology, supply-chain, ai","true","33%","5400","Exploding","exponential","Non-seasonal","Low","Positive","declining","Past 5 years","https://signails.com/topics/mudango","{""facebook"":627,""linkedin"":141,""twitter"":18,""pinterest"":14,""reddit"":42,""tiktok"":33,""youtube"":56}","2021-04-01: 8, 2021-05-01: 9, 2021-06-01: 8, 2021-07-01: 9, 2021-08-01: 10, 2021-09-01: 11, 2021-10-01: 11, 2021-11-01: 12, 2021-12-01: 13, 2022-01-01: 22, 2022-02-01: 20, 2022-03-01: 14, 2022-04-01: 15, 2022-05-01: 15, 2022-06-01: 16, 2022-07-01: 21, 2022-08-01: 19, 2022-09-01: 17, 2022-10-01: 18, 2022-11-01: 20, 2022-12-01: 18, 2023-01-01: 18, 2023-02-01: 19, 2023-03-01: 19, 2023-04-01: 18, 2023-05-01: 17, 2023-06-01: 16, 2023-07-01: 15, 2023-08-01: 18, 2023-09-01: 17, 2023-10-01: 14, 2023-11-01: 12, 2023-12-01: 13, 2024-01-01: 21, 2024-02-01: 17, 2024-03-01: 14, 2024-04-01: 15, 2024-05-01: 12, 2024-06-01: 16, 2024-07-01: 22, 2024-08-01: 14, 2024-09-01: 14, 2024-10-01: 15, 2024-11-01: 16, 2024-12-01: 18, 2025-01-01: 16, 2025-02-01: 15, 2025-03-01: 16, 2025-04-01: 16, 2025-05-01: 15, 2025-06-01: 13, 2025-07-01: 16, 2025-08-01: 18, 2025-09-01: 12, 2025-10-01: 13, 2025-11-01: 18, 2025-12-01: 18, 2026-01-01: 15, 2026-02-01: 21, 2026-03-01: 22, 2026-04-01: 12, 2026-04-05: 82, 2026-04-12: 83"
"Knowify","Construction project management software designed for contractors, providing tools for budgeting, project management, invoicing, and business insights. It differentiates itself by integrating directly with QuickBooks, allowing for seamless job cost tracking and financial management. Knowify is primarily targeted at small to medium-sized construction businesses seeking to streamline their operations and improve project efficiency.","business, technology, software, productivity, supply-chain","true","615%","8100","Exploding","exponential","Seasonal","Average","Positive","growing","Past 5 years","https://signails.com/topics/knowify","{""facebook"":184,""linkedin"":193,""twitter"":14,""pinterest"":16,""reddit"":15,""tiktok"":14,""youtube"":208}","2021-04-01: 13, 2021-05-01: 15, 2021-06-01: 18, 2021-07-01: 20, 2021-08-01: 16, 2021-09-01: 14, 2021-10-01: 12, 2021-11-01: 15, 2021-12-01: 14, 2022-01-01: 16, 2022-02-01: 19, 2022-03-01: 18, 2022-04-01: 27, 2022-05-01: 24, 2022-06-01: 29, 2022-07-01: 20, 2022-08-01: 24, 2022-09-01: 24, 2022-10-01: 20, 2022-11-01: 22, 2022-12-01: 22, 2023-01-01: 31, 2023-02-01: 25, 2023-03-01: 28, 2023-04-01: 24, 2023-05-01: 25, 2023-06-01: 22, 2023-07-01: 24, 2023-08-01: 19, 2023-09-01: 27, 2023-10-01: 22, 2023-11-01: 23, 2023-12-01: 20, 2024-01-01: 22, 2024-02-01: 25, 2024-03-01: 29, 2024-04-01: 25, 2024-05-01: 26, 2024-06-01: 21, 2024-07-01: 23, 2024-08-01: 31, 2024-09-01: 26, 2024-10-01: 28, 2024-11-01: 31, 2024-12-01: 25, 2025-01-01: 33, 2025-02-01: 42, 2025-03-01: 31, 2025-04-01: 33, 2025-05-01: 32, 2025-06-01: 38, 2025-07-01: 50, 2025-08-01: 61, 2025-09-01: 70, 2025-10-01: 65, 2025-11-01: 58, 2025-12-01: 60, 2026-01-01: 57, 2026-02-01: 100, 2026-03-01: 93, 2026-03-29: 43, 2026-04-05: 44, 2026-04-12: 47"
"Dehaat","A company that provides a range of agricultural services to farmers, including the distribution of seeds, pesticides, fertilizers, farm machinery, cattle feed, and other agriculture-related products. It differentiates itself by also offering farm advisory services, financial services, and market linkages to help farmers sell their produce, thereby supporting the entire agricultural value chain. The primary beneficiaries of these services are farmers seeking comprehensive support to enhance their agricultural productivity and market access.","business, technology, industry, supply-chain, retail, productivity","true","47%","18100","Exploding","exponential","Non-seasonal","Low","Positive","stationary","Past 5 years","https://signails.com/topics/dehaat","{""facebook"":2770,""linkedin"":3220,""twitter"":84,""pinterest"":89,""reddit"":30,""tiktok"":28,""youtube"":1680}","2021-04-01: 29, 2021-05-01: 38, 2021-06-01: 36, 2021-07-01: 39, 2021-08-01: 40, 2021-09-01: 40, 2021-10-01: 53, 2021-11-01: 45, 2021-12-01: 49, 2022-01-01: 77, 2022-02-01: 84, 2022-03-01: 91, 2022-04-01: 86, 2022-05-01: 96, 2022-06-01: 86, 2022-07-01: 74, 2022-08-01: 62, 2022-09-01: 82, 2022-10-01: 100, 2022-11-01: 91, 2022-12-01: 82, 2023-01-01: 63, 2023-02-01: 74, 2023-03-01: 72, 2023-04-01: 70, 2023-05-01: 66, 2023-06-01: 68, 2023-07-01: 73, 2023-08-01: 63, 2023-09-01: 57, 2023-10-01: 58, 2023-11-01: 67, 2023-12-01: 61, 2024-01-01: 66, 2024-02-01: 59, 2024-03-01: 55, 2024-04-01: 67, 2024-05-01: 72, 2024-06-01: 74, 2024-07-01: 67, 2024-08-01: 70, 2024-09-01: 79, 2024-10-01: 76, 2024-11-01: 76, 2024-12-01: 61, 2025-01-01: 71, 2025-02-01: 57, 2025-03-01: 55, 2025-04-01: 60, 2025-05-01: 71, 2025-06-01: 73, 2025-07-01: 80, 2025-08-01: 92, 2025-09-01: 95, 2025-10-01: 73, 2025-11-01: 83, 2025-12-01: 67, 2026-01-01: 65, 2026-02-01: 91, 2026-03-01: 77, 2026-04-01: 56, 2026-04-05: 69, 2026-04-12: 65"
"EcoVadis","Global provider of business sustainability ratings, established in 2007. EcoVadis offers a platform that evaluates the environmental, social, and ethical performance of companies, helping them enhance their sustainability practices and make informed decisions. The service is primarily targeted at businesses seeking to improve their sustainability credentials and transparency.","business, technology, lifestyle, retail, supply-chain, eco","true","163%","110000","Exploding","constant","Seasonal","Low","Positive","growing","Past 5 years","https://signails.com/topics/ecovadis","{""facebook"":7580,""linkedin"":31400,""twitter"":256,""pinterest"":237,""reddit"":278,""tiktok"":73,""youtube"":603}","2021-04-01: 26, 2021-05-01: 24, 2021-06-01: 27, 2021-07-01: 24, 2021-08-01: 19, 2021-09-01: 27, 2021-10-01: 25, 2021-11-01: 29, 2021-12-01: 24, 2022-01-01: 28, 2022-02-01: 37, 2022-03-01: 37, 2022-04-01: 35, 2022-05-01: 38, 2022-06-01: 51, 2022-07-01: 38, 2022-08-01: 36, 2022-09-01: 42, 2022-10-01: 44, 2022-11-01: 46, 2022-12-01: 36, 2023-01-01: 47, 2023-02-01: 51, 2023-03-01: 51, 2023-04-01: 45, 2023-05-01: 50, 2023-06-01: 62, 2023-07-01: 49, 2023-08-01: 46, 2023-09-01: 50, 2023-10-01: 53, 2023-11-01: 57, 2023-12-01: 43, 2024-01-01: 55, 2024-02-01: 69, 2024-03-01: 68, 2024-04-01: 69, 2024-05-01: 65, 2024-06-01: 65, 2024-07-01: 66, 2024-08-01: 56, 2024-09-01: 70, 2024-10-01: 75, 2024-11-01: 69, 2024-12-01: 58, 2025-01-01: 66, 2025-02-01: 81, 2025-03-01: 72, 2025-04-01: 72, 2025-05-01: 71, 2025-06-01: 78, 2025-07-01: 76, 2025-08-01: 79, 2025-09-01: 100, 2025-10-01: 90, 2025-11-01: 87, 2025-12-01: 71, 2026-01-01: 75, 2026-02-01: 99, 2026-03-01: 99, 2026-04-01: 63, 2026-04-05: 70, 2026-04-12: 64"
"Scandit","Company specializing in cloud-based enterprise mobility and data capture platforms for smart devices. Scandit differentiates itself through its proprietary computer vision, machine learning, and augmented reality technologies, making it a leader in mobile image processing and the Internet of Things (IoT). The company's solutions are primarily targeted at enterprises seeking advanced data capture and mobility solutions to enhance operational efficiency.","business, technology, software, retail, supply-chain, vr-ar","true","656%","8100","Exploding","exponential","Seasonal","Low","Positive","stationary","Past 5 years","https://signails.com/topics/scandit","{""facebook"":327,""linkedin"":2020,""twitter"":10,""pinterest"":467,""reddit"":97,""tiktok"":5,""youtube"":268}","2021-04-01: 9, 2021-05-01: 8, 2021-06-01: 9, 2021-07-01: 10, 2021-08-01: 11, 2021-09-01: 13, 2021-10-01: 10, 2021-11-01: 13, 2021-12-01: 11, 2022-01-01: 15, 2022-02-01: 21, 2022-03-01: 15, 2022-04-01: 18, 2022-05-01: 19, 2022-06-01: 19, 2022-07-01: 17, 2022-08-01: 17, 2022-09-01: 16, 2022-10-01: 17, 2022-11-01: 17, 2022-12-01: 12, 2023-01-01: 16, 2023-02-01: 18, 2023-03-01: 16, 2023-04-01: 11, 2023-05-01: 14, 2023-06-01: 13, 2023-07-01: 13, 2023-08-01: 12, 2023-09-01: 11, 2023-10-01: 13, 2023-11-01: 12, 2023-12-01: 11, 2024-01-01: 12, 2024-02-01: 15, 2024-03-01: 15, 2024-04-01: 14, 2024-05-01: 15, 2024-06-01: 14, 2024-07-01: 13, 2024-08-01: 13, 2024-09-01: 14, 2024-10-01: 11, 2024-11-01: 14, 2024-12-01: 11, 2025-01-01: 13, 2025-02-01: 15, 2025-03-01: 14, 2025-04-01: 12, 2025-05-01: 12, 2025-06-01: 14, 2025-07-01: 21, 2025-08-01: 24, 2025-09-01: 25, 2025-10-01: 35, 2025-11-01: 29, 2025-12-01: 19, 2026-01-01: 30, 2026-02-01: 100, 2026-03-01: 68, 2026-04-05: 24, 2026-04-12: 23"
"Packing pro","Mobile application designed to help users create and manage packing lists for trips. It allows for the creation of multi-person lists, setting alarms for last-minute additions, and adding weight to each item to help avoid overweight luggage fees, differentiating it from other packing apps. Packing Pro is ideal for family vacations, couple trips, and individuals who want to ensure they pack efficiently and avoid extra luggage fees.","business, technology, lifestyle, productivity, supply-chain, travel","true","1000%","1300","Exploding","exponential","Seasonal","Low","Positive","declining","Past 5 years","https://signails.com/topics/packing-pro","{""facebook"":390,""linkedin"":19,""twitter"":14,""pinterest"":76,""reddit"":14,""tiktok"":51,""youtube"":185}","2021-04-01: 9, 2021-05-01: 8, 2021-06-01: 9, 2021-07-01: 8, 2021-08-01: 9, 2021-09-01: 9, 2021-10-01: 10, 2021-11-01: 9, 2021-12-01: 9, 2022-01-01: 11, 2022-02-01: 11, 2022-03-01: 11, 2022-04-01: 12, 2022-05-01: 12, 2022-06-01: 12, 2022-07-01: 13, 2022-08-01: 12, 2022-09-01: 11, 2022-10-01: 10, 2022-11-01: 10, 2022-12-01: 12, 2023-01-01: 11, 2023-02-01: 11, 2023-03-01: 11, 2023-04-01: 11, 2023-05-01: 12, 2023-06-01: 11, 2023-07-01: 11, 2023-08-01: 9, 2023-09-01: 12, 2023-10-01: 11, 2023-11-01: 10, 2023-12-01: 11, 2024-01-01: 11, 2024-02-01: 11, 2024-03-01: 11, 2024-04-01: 12, 2024-05-01: 12, 2024-06-01: 13, 2024-07-01: 12, 2024-08-01: 12, 2024-09-01: 13, 2024-10-01: 14, 2024-11-01: 14, 2024-12-01: 14, 2025-01-01: 13, 2025-02-01: 13, 2025-03-01: 13, 2025-04-01: 12, 2025-05-01: 14, 2025-06-01: 18, 2025-07-01: 27, 2025-08-01: 85, 2025-09-01: 100, 2025-10-01: 83, 2025-11-01: 92, 2025-12-01: 85, 2026-01-01: 74, 2026-02-01: 98, 2026-03-01: 94, 2026-04-01: 88, 2026-03-22: 30, 2026-03-29: 27, 2026-04-05: 24, 2026-04-12: 20"
"Cargo one","Cargo One GmbH is a company that specializes in digital air cargo booking services. Their platform offers shipment tracking, searching, sorting, and consultancy for freight forwarders and cargo carriers, differentiating itself by providing door-to-door quotes and access to a large portfolio of airlines and agents. The primary target demographic for Cargo One includes freight forwarders and cargo carriers looking to streamline their booking processes and expand their business opportunities.","business, technology, supply-chain, productivity","true","384%","5400","Exploding","exponential","Non-seasonal","Low","Positive","declining","Past 5 years","https://signails.com/topics/cargo-one","{""facebook"":2510,""linkedin"":937,""twitter"":15,""pinterest"":227,""reddit"":108,""tiktok"":96,""youtube"":155}","2021-04-01: 19, 2021-05-01: 17, 2021-06-01: 17, 2021-07-01: 18, 2021-08-01: 17, 2021-09-01: 17, 2021-10-01: 18, 2021-11-01: 17, 2021-12-01: 17, 2022-01-01: 20, 2022-02-01: 22, 2022-03-01: 22, 2022-04-01: 22, 2022-05-01: 20, 2022-06-01: 20, 2022-07-01: 20, 2022-08-01: 22, 2022-09-01: 21, 2022-10-01: 21, 2022-11-01: 21, 2022-12-01: 20, 2023-01-01: 20, 2023-02-01: 20, 2023-03-01: 20, 2023-04-01: 20, 2023-05-01: 20, 2023-06-01: 20, 2023-07-01: 19, 2023-08-01: 21, 2023-09-01: 24, 2023-10-01: 23, 2023-11-01: 21, 2023-12-01: 21, 2024-01-01: 22, 2024-02-01: 25, 2024-03-01: 24, 2024-04-01: 24, 2024-05-01: 25, 2024-06-01: 24, 2024-07-01: 24, 2024-08-01: 24, 2024-09-01: 26, 2024-10-01: 26, 2024-11-01: 25, 2024-12-01: 25, 2025-01-01: 25, 2025-02-01: 27, 2025-03-01: 26, 2025-04-01: 28, 2025-05-01: 27, 2025-06-01: 30, 2025-07-01: 34, 2025-08-01: 85, 2025-09-01: 86, 2025-10-01: 77, 2025-11-01: 82, 2025-12-01: 82, 2026-01-01: 78, 2026-02-01: 100, 2026-03-01: 92, 2026-04-05: 79, 2026-04-12: 77"
"Darkstore","Startup that assists brands in offering same-day delivery services by utilizing a network of urban fulfillment centers. Darkstore differentiates itself by enabling rapid delivery times and leveraging underutilized retail spaces to store products closer to consumers, thereby reducing delivery costs and times. This service is particularly beneficial for e-commerce brands and retailers looking to enhance their delivery capabilities and improve customer satisfaction.","business, industry, ecommerce, retail, supply-chain","true","211%","410","Exploding","constant","Seasonal","Low","Positive","growing","Past 5 years","https://signails.com/topics/darkstore","{""facebook"":1880,""linkedin"":925,""twitter"":49,""pinterest"":77,""reddit"":128,""tiktok"":412,""youtube"":244}","2021-04-01: 18, 2021-05-01: 25, 2021-06-01: 27, 2021-07-01: 22, 2021-08-01: 24, 2021-09-01: 23, 2021-10-01: 30, 2021-11-01: 30, 2021-12-01: 33, 2022-01-01: 50, 2022-02-01: 41, 2022-03-01: 45, 2022-04-01: 57, 2022-05-01: 47, 2022-06-01: 49, 2022-07-01: 44, 2022-08-01: 72, 2022-09-01: 53, 2022-10-01: 40, 2022-11-01: 42, 2022-12-01: 36, 2023-01-01: 30, 2023-02-01: 44, 2023-03-01: 42, 2023-04-01: 43, 2023-05-01: 45, 2023-06-01: 50, 2023-07-01: 49, 2023-08-01: 52, 2023-09-01: 42, 2023-10-01: 55, 2023-11-01: 49, 2023-12-01: 54, 2024-01-01: 58, 2024-02-01: 64, 2024-03-01: 67, 2024-04-01: 57, 2024-05-01: 58, 2024-06-01: 62, 2024-07-01: 51, 2024-08-01: 58, 2024-09-01: 56, 2024-10-01: 52, 2024-11-01: 57, 2024-12-01: 61, 2025-01-01: 53, 2025-02-01: 51, 2025-03-01: 46, 2025-04-01: 55, 2025-05-01: 62, 2025-06-01: 54, 2025-07-01: 67, 2025-08-01: 60, 2025-09-01: 58, 2025-10-01: 59, 2025-11-01: 60, 2025-12-01: 57, 2026-01-01: 60, 2026-02-01: 72, 2026-03-01: 56, 2026-04-05: 91, 2026-04-12: 87"
"Rebel energy","Rebel Energy is a company with a vision for a fairer world, aiming to empower customers to generate their own energy through a local, regenerative, and community-led model. The company focuses on ensuring that even the poorest in society can access the best energy prices, with profits directed towards social and climate change initiatives. Rebel Energy also emphasizes providing good customer service without high costs, targeting socially conscious consumers and communities seeking sustainable energy solutions.","business, industry, energy, supply-chain","true","473.00000000000006%","2400","Exploding","constant","Seasonal","Average","Neutral","growing","Past 5 years","https://signails.com/topics/rebel-energy","{""facebook"":1030,""linkedin"":104,""twitter"":23,""pinterest"":54,""reddit"":90,""tiktok"":342,""youtube"":368}","2021-04-01: 15, 2021-05-01: 14, 2021-06-01: 14, 2021-07-01: 15, 2021-08-01: 13, 2021-09-01: 15, 2021-10-01: 14, 2021-11-01: 13, 2021-12-01: 12, 2022-01-01: 17, 2022-02-01: 17, 2022-03-01: 20, 2022-04-01: 20, 2022-05-01: 24, 2022-06-01: 23, 2022-07-01: 20, 2022-08-01: 19, 2022-09-01: 23, 2022-10-01: 21, 2022-11-01: 19, 2022-12-01: 19, 2023-01-01: 23, 2023-02-01: 21, 2023-03-01: 24, 2023-04-01: 30, 2023-05-01: 27, 2023-06-01: 29, 2023-07-01: 30, 2023-08-01: 40, 2023-09-01: 38, 2023-10-01: 40, 2023-11-01: 43, 2023-12-01: 45, 2024-01-01: 43, 2024-02-01: 43, 2024-03-01: 45, 2024-04-01: 48, 2024-05-01: 49, 2024-06-01: 51, 2024-07-01: 58, 2024-08-01: 57, 2024-09-01: 59, 2024-10-01: 54, 2024-11-01: 55, 2024-12-01: 46, 2025-01-01: 56, 2025-02-01: 64, 2025-03-01: 66, 2025-04-01: 99, 2025-05-01: 46, 2025-06-01: 42, 2025-07-01: 50, 2025-08-01: 95, 2025-09-01: 94, 2025-10-01: 88, 2025-11-01: 80, 2025-12-01: 77, 2026-01-01: 69, 2026-02-01: 100, 2026-03-01: 86, 2026-04-05: 67, 2026-04-12: 71"
"Sastrify","SaaS procurement solution that manages the entire lifecycle of SaaS tools, providing a clear overview of a company's SaaS landscape. It helps manage contracts, identifies potential savings, and discovers new tools, ultimately aiming to save time and reduce SaaS spend. Sastrify is primarily targeted at businesses looking to optimize their SaaS investments and streamline their software procurement processes.","business, technology, productivity, supply-chain","true","800%","1900","Exploding","exponential","Seasonal","Average","Positive","declining","Past 5 years","https://signails.com/topics/sastrify","{""facebook"":83,""linkedin"":464,""twitter"":1,""pinterest"":0,""reddit"":14,""tiktok"":0,""youtube"":56}","2021-04-01: 0, 2021-05-01: 0, 2021-06-01: 0, 2021-07-01: 0, 2021-08-01: 6, 2021-09-01: 10, 2021-10-01: 0, 2021-11-01: 7, 2021-12-01: 0, 2022-01-01: 10, 2022-02-01: 8, 2022-03-01: 14, 2022-04-01: 20, 2022-05-01: 18, 2022-06-01: 25, 2022-07-01: 18, 2022-08-01: 14, 2022-09-01: 22, 2022-10-01: 20, 2022-11-01: 26, 2022-12-01: 16, 2023-01-01: 20, 2023-02-01: 26, 2023-03-01: 24, 2023-04-01: 17, 2023-05-01: 27, 2023-06-01: 28, 2023-07-01: 19, 2023-08-01: 16, 2023-09-01: 12, 2023-10-01: 19, 2023-11-01: 17, 2023-12-01: 12, 2024-01-01: 9, 2024-02-01: 12, 2024-03-01: 6, 2024-04-01: 15, 2024-05-01: 8, 2024-06-01: 5, 2024-07-01: 7, 2024-08-01: 0, 2024-09-01: 9, 2024-10-01: 8, 2024-11-01: 11, 2024-12-01: 8, 2025-01-01: 10, 2025-02-01: 10, 2025-03-01: 10, 2025-04-01: 14, 2025-05-01: 0, 2025-06-01: 11, 2025-07-01: 5, 2025-08-01: 15, 2025-09-01: 13, 2025-10-01: 12, 2025-11-01: 10, 2025-12-01: 11, 2026-01-01: 13, 2026-02-01: 22, 2026-03-01: 17, 2026-04-01: 9, 2026-03-29: 38, 2026-04-05: 39, 2026-04-12: 40"
"Markforged","A company specializing in 3D printing software and hardware, including metal 3D printers, metal parts, and materials. Markforged differentiates itself by offering advanced 3D printing solutions that combine high strength and precision, catering to various industrial applications. The primary target demographic includes manufacturing companies, engineers, and industries requiring robust and reliable 3D printing capabilities.","business, technology, industry, manufacturing, supply-chain, robotics","true","1%","18100","Exploding","exponential","Seasonal","Low","Positive","declining","Past 5 years","https://signails.com/topics/markforged","{""facebook"":1870,""linkedin"":3750,""twitter"":115,""pinterest"":319,""reddit"":1780,""tiktok"":62,""youtube"":1720}","2021-04-01: 72, 2021-05-01: 55, 2021-06-01: 58, 2021-07-01: 80, 2021-08-01: 68, 2021-09-01: 61, 2021-10-01: 64, 2021-11-01: 58, 2021-12-01: 53, 2022-01-01: 60, 2022-02-01: 60, 2022-03-01: 64, 2022-04-01: 59, 2022-05-01: 57, 2022-06-01: 65, 2022-07-01: 57, 2022-08-01: 73, 2022-09-01: 72, 2022-10-01: 67, 2022-11-01: 63, 2022-12-01: 54, 2023-01-01: 54, 2023-02-01: 63, 2023-03-01: 59, 2023-04-01: 59, 2023-05-01: 55, 2023-06-01: 55, 2023-07-01: 56, 2023-08-01: 53, 2023-09-01: 45, 2023-10-01: 49, 2023-11-01: 60, 2023-12-01: 44, 2024-01-01: 48, 2024-02-01: 57, 2024-03-01: 50, 2024-04-01: 50, 2024-05-01: 44, 2024-06-01: 52, 2024-07-01: 52, 2024-08-01: 50, 2024-09-01: 61, 2024-10-01: 52, 2024-11-01: 53, 2024-12-01: 46, 2025-01-01: 47, 2025-02-01: 51, 2025-03-01: 53, 2025-04-01: 51, 2025-05-01: 52, 2025-06-01: 49, 2025-07-01: 52, 2025-08-01: 81, 2025-09-01: 85, 2025-10-01: 82, 2025-11-01: 76, 2025-12-01: 59, 2026-01-01: 58, 2026-02-01: 76, 2026-03-01: 73, 2026-04-05: 57, 2026-04-12: 56"
"Smell proof bag","Specialized containers designed to neutralize and contain odors, often made from materials like Mylar. These bags may include features such as locks and dog-tested effectiveness, differentiating them from standard storage bags. Smell-proof bags are particularly useful for individuals who need to discreetly store items with strong odors, such as travelers, outdoor enthusiasts, and those handling aromatic substances.","business, health, industry, retail, supply-chain, manufacturing","false","121%","18100","Exploding","exponential","Seasonal","Low","Positive","stationary","Past 5 years","https://signails.com/topics/smell-proof-bag","{""facebook"":724,""linkedin"":14,""twitter"":1,""pinterest"":469,""reddit"":134,""tiktok"":385,""youtube"":135}","2021-04-01: 48, 2021-05-01: 43, 2021-06-01: 43, 2021-07-01: 49, 2021-08-01: 45, 2021-09-01: 41, 2021-10-01: 40, 2021-11-01: 41, 2021-12-01: 51, 2022-01-01: 34, 2022-02-01: 37, 2022-03-01: 37, 2022-04-01: 40, 2022-05-01: 37, 2022-06-01: 36, 2022-07-01: 43, 2022-08-01: 40, 2022-09-01: 32, 2022-10-01: 33, 2022-11-01: 34, 2022-12-01: 45, 2023-01-01: 38, 2023-02-01: 33, 2023-03-01: 34, 2023-04-01: 38, 2023-05-01: 36, 2023-06-01: 37, 2023-07-01: 37, 2023-08-01: 39, 2023-09-01: 39, 2023-10-01: 31, 2023-11-01: 37, 2023-12-01: 38, 2024-01-01: 34, 2024-02-01: 39, 2024-03-01: 36, 2024-04-01: 37, 2024-05-01: 39, 2024-06-01: 41, 2024-07-01: 43, 2024-08-01: 38, 2024-09-01: 38, 2024-10-01: 34, 2024-11-01: 42, 2024-12-01: 44, 2025-01-01: 31, 2025-02-01: 37, 2025-03-01: 34, 2025-04-01: 39, 2025-05-01: 38, 2025-06-01: 40, 2025-07-01: 42, 2025-08-01: 58, 2025-09-01: 54, 2025-10-01: 47, 2025-11-01: 43, 2025-12-01: 53, 2026-01-01: 42, 2026-02-01: 100, 2026-03-01: 61, 2026-04-01: 95, 2026-04-05: 93, 2026-04-12: 95"
"Printful","On-demand printing and fulfillment company that assists individuals and businesses in creating personalized products such as t-shirts, posters, and other merchandise. Printful differentiates itself by offering a seamless integration with various e-commerce platforms, allowing users to easily design, sell, and ship custom products without holding inventory. The service is particularly beneficial for entrepreneurs, small businesses, and online retailers looking to expand their product offerings with minimal upfront investment.","business, technology, ecommerce, retail, supply-chain, productivity","true","124%","368000","Exploding","exponential","Seasonal","Average","Positive","growing","Past 5 years","https://signails.com/topics/printful-1","{""facebook"":5920,""linkedin"":1960,""twitter"":180,""pinterest"":5830,""reddit"":31000,""tiktok"":1300,""youtube"":4400}","2021-04-01: 32, 2021-05-01: 29, 2021-06-01: 28, 2021-07-01: 29, 2021-08-01: 28, 2021-09-01: 30, 2021-10-01: 29, 2021-11-01: 29, 2021-12-01: 31, 2022-01-01: 46, 2022-02-01: 41, 2022-03-01: 40, 2022-04-01: 41, 2022-05-01: 40, 2022-06-01: 40, 2022-07-01: 43, 2022-08-01: 48, 2022-09-01: 51, 2022-10-01: 50, 2022-11-01: 52, 2022-12-01: 55, 2023-01-01: 73, 2023-02-01: 65, 2023-03-01: 60, 2023-04-01: 70, 2023-05-01: 67, 2023-06-01: 63, 2023-07-01: 68, 2023-08-01: 61, 2023-09-01: 54, 2023-10-01: 54, 2023-11-01: 48, 2023-12-01: 46, 2024-01-01: 53, 2024-02-01: 51, 2024-03-01: 45, 2024-04-01: 46, 2024-05-01: 44, 2024-06-01: 43, 2024-07-01: 50, 2024-08-01: 50, 2024-09-01: 49, 2024-10-01: 47, 2024-11-01: 50, 2024-12-01: 45, 2025-01-01: 50, 2025-02-01: 47, 2025-03-01: 44, 2025-04-01: 48, 2025-05-01: 47, 2025-06-01: 50, 2025-07-01: 54, 2025-08-01: 91, 2025-09-01: 88, 2025-10-01: 79, 2025-11-01: 100, 2025-12-01: 74, 2026-01-01: 64, 2026-02-01: 77, 2026-03-01: 90, 2026-04-01: 65, 2026-03-29: 51, 2026-04-05: 49, 2026-04-12: 51"
"Shippeo","Software as a service (SaaS) company providing a supply chain visibility platform to track road transport flows in real-time. The platform differentiates itself by offering real-time tracking and predictive insights, enhancing operational efficiency and transparency for logistics operations. Shippeo primarily serves businesses in the logistics and supply chain sectors, aiming to improve their transport management and customer satisfaction.","business, technology, industry, supply-chain, productivity","true","194%","18100","Exploding","exponential","Non-seasonal","Low","Positive","stationary","Past 5 years","https://signails.com/topics/shippeo","{""facebook"":4350,""linkedin"":1460,""twitter"":945,""pinterest"":5650,""reddit"":1670,""tiktok"":4210,""youtube"":3170}","2021-04-01: 34, 2021-05-01: 36, 2021-06-01: 34, 2021-07-01: 34, 2021-08-01: 36, 2021-09-01: 33, 2021-10-01: 29, 2021-11-01: 28, 2021-12-01: 30, 2022-01-01: 33, 2022-02-01: 31, 2022-03-01: 32, 2022-04-01: 31, 2022-05-01: 32, 2022-06-01: 34, 2022-07-01: 30, 2022-08-01: 29, 2022-09-01: 27, 2022-10-01: 30, 2022-11-01: 29, 2022-12-01: 24, 2023-01-01: 27, 2023-02-01: 35, 2023-03-01: 47, 2023-04-01: 28, 2023-05-01: 26, 2023-06-01: 28, 2023-07-01: 28, 2023-08-01: 24, 2023-09-01: 23, 2023-10-01: 36, 2023-11-01: 38, 2023-12-01: 31, 2024-01-01: 43, 2024-02-01: 37, 2024-03-01: 28, 2024-04-01: 33, 2024-05-01: 31, 2024-06-01: 30, 2024-07-01: 29, 2024-08-01: 30, 2024-09-01: 28, 2024-10-01: 35, 2024-11-01: 27, 2024-12-01: 24, 2025-01-01: 31, 2025-02-01: 33, 2025-03-01: 28, 2025-04-01: 28, 2025-05-01: 29, 2025-06-01: 31, 2025-07-01: 34, 2025-08-01: 40, 2025-09-01: 41, 2025-10-01: 46, 2025-11-01: 37, 2025-12-01: 37, 2026-01-01: 47, 2026-02-01: 90, 2026-03-01: 100, 2026-04-05: 36, 2026-04-12: 27"
"Field complete","Field Complete is a software company that provides free software solutions for field service companies to enhance their operations and profitability. The software is designed to assist home services management by offering tools that streamline tasks and improve efficiency. Field Complete primarily targets field service businesses looking to optimize their workflow and increase profitability.","business, technology, software, productivity, supply-chain","true","311%","210","Exploding","exponential","Seasonal","Low","Positive","declining","Past 5 years","https://signails.com/topics/field-complete","{""facebook"":449,""linkedin"":77,""twitter"":52,""pinterest"":61,""reddit"":19,""tiktok"":22,""youtube"":345}","2021-04-01: 18, 2021-05-01: 21, 2021-06-01: 16, 2021-07-01: 20, 2021-08-01: 16, 2021-09-01: 22, 2021-10-01: 20, 2021-11-01: 24, 2021-12-01: 17, 2022-01-01: 24, 2022-02-01: 32, 2022-03-01: 34, 2022-04-01: 33, 2022-05-01: 28, 2022-06-01: 23, 2022-07-01: 19, 2022-08-01: 18, 2022-09-01: 25, 2022-10-01: 25, 2022-11-01: 28, 2022-12-01: 22, 2023-01-01: 26, 2023-02-01: 36, 2023-03-01: 31, 2023-04-01: 27, 2023-05-01: 28, 2023-06-01: 20, 2023-07-01: 18, 2023-08-01: 18, 2023-09-01: 24, 2023-10-01: 25, 2023-11-01: 23, 2023-12-01: 22, 2024-01-01: 27, 2024-02-01: 31, 2024-03-01: 28, 2024-04-01: 28, 2024-05-01: 26, 2024-06-01: 21, 2024-07-01: 20, 2024-08-01: 21, 2024-09-01: 31, 2024-10-01: 28, 2024-11-01: 29, 2024-12-01: 27, 2025-01-01: 31, 2025-02-01: 35, 2025-03-01: 31, 2025-04-01: 33, 2025-05-01: 29, 2025-06-01: 25, 2025-07-01: 25, 2025-08-01: 46, 2025-09-01: 51, 2025-10-01: 51, 2025-11-01: 53, 2025-12-01: 53, 2026-01-01: 55, 2026-02-01: 100, 2026-03-01: 74, 2026-04-05: 62, 2026-04-12: 63"
"Sticker printer","Specialized devices designed to print adhesive labels and stickers, available in various types including thermal transfer (TT) label printers known for high-quality, durable output. These printers range from entry-level desktop models for small-scale printing to industrial-grade systems for high-volume, continuous printing, catering to diverse needs. Sticker printers are commonly used in applications such as creating shipping labels for e-commerce, producing custom stickers, and labeling products in industrial settings.","business, technology, ecommerce, retail, productivity, supply-chain","false","213%","74000","Exploding","exponential","Seasonal","Low","Negative","growing","Past 5 years","https://signails.com/topics/sticker-printer","{""facebook"":7590,""linkedin"":33,""twitter"":14,""pinterest"":5260,""reddit"":507,""tiktok"":2560,""youtube"":2430}","2021-04-01: 36, 2021-05-01: 32, 2021-06-01: 31, 2021-07-01: 33, 2021-08-01: 34, 2021-09-01: 35, 2021-10-01: 32, 2021-11-01: 34, 2021-12-01: 37, 2022-01-01: 41, 2022-02-01: 36, 2022-03-01: 35, 2022-04-01: 33, 2022-05-01: 33, 2022-06-01: 33, 2022-07-01: 32, 2022-08-01: 33, 2022-09-01: 34, 2022-10-01: 34, 2022-11-01: 32, 2022-12-01: 37, 2023-01-01: 37, 2023-02-01: 36, 2023-03-01: 39, 2023-04-01: 34, 2023-05-01: 35, 2023-06-01: 49, 2023-07-01: 47, 2023-08-01: 48, 2023-09-01: 44, 2023-10-01: 40, 2023-11-01: 43, 2023-12-01: 54, 2024-01-01: 48, 2024-02-01: 42, 2024-03-01: 43, 2024-04-01: 42, 2024-05-01: 41, 2024-06-01: 40, 2024-07-01: 44, 2024-08-01: 44, 2024-09-01: 47, 2024-10-01: 44, 2024-11-01: 48, 2024-12-01: 54, 2025-01-01: 49, 2025-02-01: 49, 2025-03-01: 48, 2025-04-01: 42, 2025-05-01: 43, 2025-06-01: 45, 2025-07-01: 46, 2025-08-01: 64, 2025-09-01: 66, 2025-10-01: 60, 2025-11-01: 67, 2025-12-01: 78, 2026-01-01: 73, 2026-02-01: 100, 2026-03-01: 74, 2026-04-01: 100, 2026-03-29: 76, 2026-04-05: 67, 2026-04-12: 53"
"Innoship","SaaS-based platform founded in 2019 that assists e-commerce businesses with last-mile delivery integration and orchestration. Innoship differentiates itself by providing a comprehensive solution that optimizes delivery processes, reduces costs, and enhances customer satisfaction through advanced algorithms and multiple carrier integrations. The platform primarily targets e-commerce businesses looking to streamline their delivery operations and improve overall logistics efficiency.","business, technology, software, retail, supply-chain, productivity","true","60%","1900","Exploding","constant","Non-seasonal","Average","Positive","growing","Past 5 years","https://signails.com/topics/innoship","{""facebook"":92,""linkedin"":328,""twitter"":0,""pinterest"":1,""reddit"":0,""tiktok"":0,""youtube"":56}","2021-04-01: 5, 2021-05-01: 5, 2021-06-01: 4, 2021-07-01: 4, 2021-08-01: 0, 2021-09-01: 5, 2021-10-01: 0, 2021-11-01: 4, 2021-12-01: 0, 2022-01-01: 5, 2022-02-01: 0, 2022-03-01: 5, 2022-04-01: 6, 2022-05-01: 5, 2022-06-01: 5, 2022-07-01: 6, 2022-08-01: 0, 2022-09-01: 8, 2022-10-01: 7, 2022-11-01: 7, 2022-12-01: 5, 2023-01-01: 5, 2023-02-01: 8, 2023-03-01: 8, 2023-04-01: 5, 2023-05-01: 6, 2023-06-01: 7, 2023-07-01: 7, 2023-08-01: 6, 2023-09-01: 8, 2023-10-01: 10, 2023-11-01: 10, 2023-12-01: 12, 2024-01-01: 9, 2024-02-01: 9, 2024-03-01: 9, 2024-04-01: 12, 2024-05-01: 9, 2024-06-01: 13, 2024-07-01: 9, 2024-08-01: 8, 2024-09-01: 7, 2024-10-01: 8, 2024-11-01: 8, 2024-12-01: 8, 2025-01-01: 11, 2025-02-01: 8, 2025-03-01: 8, 2025-04-01: 10, 2025-05-01: 8, 2025-06-01: 6, 2025-07-01: 9, 2025-08-01: 14, 2025-09-01: 10, 2025-10-01: 12, 2025-11-01: 11, 2025-12-01: 14, 2026-01-01: 9, 2026-02-01: 8, 2026-03-01: 9, 2026-04-01: 8, 2026-04-05: 11, 2026-04-12: 10"
"Equipment as a service","Digital business model where machines or production systems are provided for a recurring payment instead of being sold outright. This model allows businesses to access and use equipment without large upfront capital expenditures, often including maintenance and support services. It primarily benefits companies looking to reduce capital investment and improve operational flexibility.","business, technology, industry, supply-chain, manufacturing, construction","false","135%","320","Exploding","exponential","Seasonal","Low","Positive","growing","Past 5 years","https://signails.com/topics/equipment-as-a-service","{""facebook"":74,""linkedin"":210,""twitter"":25,""pinterest"":14,""reddit"":1,""tiktok"":0,""youtube"":63}","2021-04-01: 26, 2021-05-01: 23, 2021-06-01: 19, 2021-07-01: 15, 2021-08-01: 16, 2021-09-01: 30, 2021-10-01: 33, 2021-11-01: 33, 2021-12-01: 24, 2022-01-01: 30, 2022-02-01: 49, 2022-03-01: 49, 2022-04-01: 50, 2022-05-01: 38, 2022-06-01: 31, 2022-07-01: 21, 2022-08-01: 22, 2022-09-01: 33, 2022-10-01: 41, 2022-11-01: 37, 2022-12-01: 28, 2023-01-01: 26, 2023-02-01: 41, 2023-03-01: 39, 2023-04-01: 39, 2023-05-01: 31, 2023-06-01: 26, 2023-07-01: 20, 2023-08-01: 24, 2023-09-01: 40, 2023-10-01: 49, 2023-11-01: 41, 2023-12-01: 29, 2024-01-01: 35, 2024-02-01: 54, 2024-03-01: 47, 2024-04-01: 52, 2024-05-01: 36, 2024-06-01: 33, 2024-07-01: 33, 2024-08-01: 32, 2024-09-01: 63, 2024-10-01: 67, 2024-11-01: 59, 2024-12-01: 48, 2025-01-01: 48, 2025-02-01: 68, 2025-03-01: 70, 2025-04-01: 63, 2025-05-01: 50, 2025-06-01: 40, 2025-07-01: 35, 2025-08-01: 55, 2025-09-01: 74, 2025-10-01: 72, 2025-11-01: 72, 2025-12-01: 72, 2026-01-01: 75, 2026-02-01: 100, 2026-03-01: 85, 2026-04-01: 54, 2026-04-05: 60, 2026-04-12: 63"
"Burlywood","A term used to describe a brown sandy color, often found in design and art contexts. This color is characterized by its warm, earthy tones that evoke a natural, rustic feel, making it a popular choice for creating cozy and inviting spaces. Burlywood is typically favored by designers and artists looking to incorporate natural, understated hues into their work.","business, technology, productivity, supply-chain","true","330%","1900","Exploding","exponential","Seasonal","Average","Neutral","growing","Past 5 years","https://signails.com/topics/burlywood","{""facebook"":836,""linkedin"":22,""twitter"":14,""pinterest"":11500,""reddit"":25,""tiktok"":83,""youtube"":183}","2021-04-01: 19, 2021-05-01: 20, 2021-06-01: 19, 2021-07-01: 16, 2021-08-01: 18, 2021-09-01: 14, 2021-10-01: 17, 2021-11-01: 16, 2021-12-01: 18, 2022-01-01: 18, 2022-02-01: 18, 2022-03-01: 20, 2022-04-01: 26, 2022-05-01: 21, 2022-06-01: 22, 2022-07-01: 18, 2022-08-01: 17, 2022-09-01: 17, 2022-10-01: 15, 2022-11-01: 15, 2022-12-01: 16, 2023-01-01: 19, 2023-02-01: 17, 2023-03-01: 14, 2023-04-01: 15, 2023-05-01: 10, 2023-06-01: 13, 2023-07-01: 14, 2023-08-01: 13, 2023-09-01: 13, 2023-10-01: 17, 2023-11-01: 12, 2023-12-01: 12, 2024-01-01: 17, 2024-02-01: 13, 2024-03-01: 13, 2024-04-01: 15, 2024-05-01: 13, 2024-06-01: 13, 2024-07-01: 12, 2024-08-01: 15, 2024-09-01: 14, 2024-10-01: 13, 2024-11-01: 17, 2024-12-01: 15, 2025-01-01: 12, 2025-02-01: 23, 2025-03-01: 15, 2025-04-01: 12, 2025-05-01: 17, 2025-06-01: 12, 2025-07-01: 13, 2025-08-01: 16, 2025-09-01: 17, 2025-10-01: 18, 2025-11-01: 20, 2025-12-01: 19, 2026-01-01: 20, 2026-02-01: 65, 2026-03-01: 45, 2026-04-01: 86, 2026-04-05: 91, 2026-04-12: 93"
"Air gap","A network security measure that involves physically isolating one or more computers or networks from unsecured networks, such as the public internet. This isolation ensures that the secure network cannot be accessed or compromised through external connections, making it a highly effective security measure in high-security environments. Air gaps are primarily used in military, governmental, and critical infrastructure systems where data security is of utmost importance.","business, technology, industry, cybersecurity, supply-chain, manufacturing","false","567%","18100","Exploding","exponential","Non-seasonal","Average","Positive","growing","Past 5 years","https://signails.com/topics/air-gap","{""facebook"":4870,""linkedin"":645,""twitter"":63,""pinterest"":2470,""reddit"":3450,""tiktok"":425,""youtube"":1720}","2021-04-01: 13, 2021-05-01: 15, 2021-06-01: 16, 2021-07-01: 14, 2021-08-01: 14, 2021-09-01: 14, 2021-10-01: 15, 2021-11-01: 15, 2021-12-01: 14, 2022-01-01: 16, 2022-02-01: 16, 2022-03-01: 17, 2022-04-01: 16, 2022-05-01: 16, 2022-06-01: 14, 2022-07-01: 15, 2022-08-01: 14, 2022-09-01: 15, 2022-10-01: 14, 2022-11-01: 15, 2022-12-01: 15, 2023-01-01: 13, 2023-02-01: 15, 2023-03-01: 15, 2023-04-01: 14, 2023-05-01: 14, 2023-06-01: 14, 2023-07-01: 14, 2023-08-01: 14, 2023-09-01: 15, 2023-10-01: 14, 2023-11-01: 15, 2023-12-01: 15, 2024-01-01: 16, 2024-02-01: 15, 2024-03-01: 16, 2024-04-01: 16, 2024-05-01: 16, 2024-06-01: 14, 2024-07-01: 15, 2024-08-01: 15, 2024-09-01: 16, 2024-10-01: 16, 2024-11-01: 16, 2024-12-01: 17, 2025-01-01: 16, 2025-02-01: 17, 2025-03-01: 16, 2025-04-01: 17, 2025-05-01: 18, 2025-06-01: 19, 2025-07-01: 19, 2025-08-01: 46, 2025-09-01: 42, 2025-10-01: 39, 2025-11-01: 44, 2025-12-01: 44, 2026-01-01: 38, 2026-02-01: 51, 2026-03-01: 74, 2026-04-01: 100, 2026-03-29: 65, 2026-04-05: 61, 2026-04-12: 73"
"Polybion","Biotechnology company based in Irapuato, Mexico, specializing in revolutionary biomaterials. Founded by Axel and Alexis Gómez Ortigoza and Bárbara González Rolón, PhD, the company focuses on developing sustainable and high-performance materials for various industries. Polybion primarily targets industries seeking eco-friendly and innovative material solutions, including fashion, packaging, and consumer goods.","business, technology, industry, manufacturing, supply-chain","true","-40%","18100","Falling","exponential","Non-seasonal","Low","Positive","stationary","Past 5 years","https://signails.com/topics/polybion","{""facebook"":431,""linkedin"":120,""twitter"":36,""pinterest"":102,""reddit"":0,""tiktok"":116,""youtube"":857}","2021-04-01: 66, 2021-05-01: 82, 2021-06-01: 77, 2021-07-01: 64, 2021-08-01: 71, 2021-09-01: 64, 2021-10-01: 54, 2021-11-01: 47, 2021-12-01: 42, 2022-01-01: 61, 2022-02-01: 58, 2022-03-01: 65, 2022-04-01: 79, 2022-05-01: 72, 2022-06-01: 85, 2022-07-01: 90, 2022-08-01: 94, 2022-09-01: 87, 2022-10-01: 84, 2022-11-01: 71, 2022-12-01: 70, 2023-01-01: 68, 2023-02-01: 81, 2023-03-01: 88, 2023-04-01: 87, 2023-05-01: 98, 2023-06-01: 89, 2023-07-01: 92, 2023-08-01: 92, 2023-09-01: 100, 2023-10-01: 91, 2023-11-01: 74, 2023-12-01: 70, 2024-01-01: 66, 2024-02-01: 61, 2024-03-01: 63, 2024-04-01: 61, 2024-05-01: 64, 2024-06-01: 62, 2024-07-01: 65, 2024-08-01: 71, 2024-09-01: 73, 2024-10-01: 60, 2024-11-01: 53, 2024-12-01: 44, 2025-01-01: 49, 2025-02-01: 51, 2025-03-01: 52, 2025-04-01: 51, 2025-05-01: 51, 2025-06-01: 52, 2025-07-01: 58, 2025-08-01: 60, 2025-09-01: 54, 2025-10-01: 49, 2025-11-01: 42, 2025-12-01: 42, 2026-01-01: 44, 2026-02-01: 44, 2026-03-01: 49, 2026-04-01: 49, 2026-04-05: 72, 2026-04-12: 73"
"Cpq software","Sales tool designed to help businesses quickly and accurately generate quotes for orders. CPQ software streamlines the process of configuring products or services, determining pricing, and creating quotes, often integrating with CRM and accounting systems to ensure accuracy and up-to-date information. It is particularly beneficial for companies with complex product offerings or pricing structures, aiming to reduce errors and improve efficiency in the sales process.","business, technology, software, productivity, supply-chain, ai","false","543%","8100","Exploding","exponential","Non-seasonal","Average","Positive","growing","Past 5 years","https://signails.com/topics/cpq-software","{""facebook"":80,""linkedin"":435,""twitter"":1,""pinterest"":32,""reddit"":19,""tiktok"":0,""youtube"":66}","2021-04-01: 6, 2021-05-01: 7, 2021-06-01: 8, 2021-07-01: 8, 2021-08-01: 6, 2021-09-01: 9, 2021-10-01: 9, 2021-11-01: 9, 2021-12-01: 8, 2022-01-01: 8, 2022-02-01: 9, 2022-03-01: 12, 2022-04-01: 13, 2022-05-01: 10, 2022-06-01: 11, 2022-07-01: 9, 2022-08-01: 10, 2022-09-01: 10, 2022-10-01: 8, 2022-11-01: 8, 2022-12-01: 10, 2023-01-01: 11, 2023-02-01: 9, 2023-03-01: 11, 2023-04-01: 9, 2023-05-01: 11, 2023-06-01: 14, 2023-07-01: 13, 2023-08-01: 12, 2023-09-01: 12, 2023-10-01: 14, 2023-11-01: 14, 2023-12-01: 13, 2024-01-01: 16, 2024-02-01: 16, 2024-03-01: 14, 2024-04-01: 14, 2024-05-01: 12, 2024-06-01: 14, 2024-07-01: 14, 2024-08-01: 14, 2024-09-01: 15, 2024-10-01: 14, 2024-11-01: 16, 2024-12-01: 12, 2025-01-01: 15, 2025-02-01: 19, 2025-03-01: 21, 2025-04-01: 22, 2025-05-01: 28, 2025-06-01: 48, 2025-07-01: 47, 2025-08-01: 60, 2025-09-01: 63, 2025-10-01: 62, 2025-11-01: 57, 2025-12-01: 54, 2026-01-01: 58, 2026-02-01: 100, 2026-03-01: 72, 2026-04-01: 45, 2026-04-05: 51, 2026-04-12: 45"
"Energy crises","An energy crisis refers to a situation where the supply of energy resources, such as oil, natural gas, or electricity, becomes insufficient to meet the demand. This can lead to significant economic and social disruptions, often caused by factors like geopolitical conflicts, natural disasters, market manipulation, and policy decisions. Energy crises primarily affect economies, industries, and consumers who rely heavily on stable and affordable energy supplies.","business, industry, lifestyle, energy, supply-chain, eco","false","1150%","14800","Exploding","exponential","Seasonal","Low","Negative","declining","Past 5 years","https://signails.com/topics/energy-crises","{""facebook"":272,""linkedin"":197,""twitter"":39,""pinterest"":1,""reddit"":33,""tiktok"":14,""youtube"":213}","2021-04-01: 7, 2021-05-01: 6, 2021-06-01: 6, 2021-07-01: 6, 2021-08-01: 4, 2021-09-01: 7, 2021-10-01: 17, 2021-11-01: 8, 2021-12-01: 6, 2022-01-01: 12, 2022-02-01: 12, 2022-03-01: 12, 2022-04-01: 13, 2022-05-01: 13, 2022-06-01: 16, 2022-07-01: 11, 2022-08-01: 14, 2022-09-01: 25, 2022-10-01: 16, 2022-11-01: 19, 2022-12-01: 16, 2023-01-01: 13, 2023-02-01: 17, 2023-03-01: 13, 2023-04-01: 13, 2023-05-01: 14, 2023-06-01: 8, 2023-07-01: 6, 2023-08-01: 10, 2023-09-01: 11, 2023-10-01: 9, 2023-11-01: 9, 2023-12-01: 7, 2024-01-01: 7, 2024-02-01: 11, 2024-03-01: 12, 2024-04-01: 11, 2024-05-01: 12, 2024-06-01: 8, 2024-07-01: 5, 2024-08-01: 10, 2024-09-01: 8, 2024-10-01: 14, 2024-11-01: 9, 2024-12-01: 12, 2025-01-01: 11, 2025-02-01: 13, 2025-03-01: 8, 2025-04-01: 13, 2025-05-01: 11, 2025-06-01: 13, 2025-07-01: 10, 2025-08-01: 26, 2025-09-01: 26, 2025-10-01: 25, 2025-11-01: 29, 2025-12-01: 33, 2026-01-01: 40, 2026-02-01: 50, 2026-03-01: 100, 2026-04-01: 36, 2026-04-05: 34, 2026-04-12: 34"
"Sustainable procurement","The integration of Corporate Social Responsibility (CSR) principles into a company's procurement processes and decisions, ensuring that these processes meet the requirements of stakeholders. It involves considering environmental, social, and economic impacts when purchasing goods and services, including choosing products that are environmentally friendly, ensuring fair labor practices, and supporting local economies. Sustainable procurement primarily benefits organizations aiming to enhance their sustainability practices and stakeholders concerned with ethical and responsible sourcing.","business, industry, lifestyle, supply-chain, manufacturing, energy, construction, eco, gardening-agriculture","false","467%","3600","Exploding","exponential","Seasonal","Low","Positive","growing","Past 5 years","https://signails.com/topics/sustainable-procurement","{""facebook"":1170,""linkedin"":4080,""twitter"":113,""pinterest"":82,""reddit"":18,""tiktok"":14,""youtube"":688}","2021-04-01: 13, 2021-05-01: 12, 2021-06-01: 13, 2021-07-01: 13, 2021-08-01: 10, 2021-09-01: 13, 2021-10-01: 13, 2021-11-01: 15, 2021-12-01: 13, 2022-01-01: 14, 2022-02-01: 18, 2022-03-01: 18, 2022-04-01: 16, 2022-05-01: 19, 2022-06-01: 18, 2022-07-01: 17, 2022-08-01: 14, 2022-09-01: 16, 2022-10-01: 17, 2022-11-01: 20, 2022-12-01: 14, 2023-01-01: 16, 2023-02-01: 19, 2023-03-01: 23, 2023-04-01: 19, 2023-05-01: 19, 2023-06-01: 18, 2023-07-01: 18, 2023-08-01: 18, 2023-09-01: 21, 2023-10-01: 21, 2023-11-01: 18, 2023-12-01: 16, 2024-01-01: 18, 2024-02-01: 24, 2024-03-01: 24, 2024-04-01: 23, 2024-05-01: 22, 2024-06-01: 20, 2024-07-01: 22, 2024-08-01: 21, 2024-09-01: 22, 2024-10-01: 22, 2024-11-01: 23, 2024-12-01: 18, 2025-01-01: 19, 2025-02-01: 25, 2025-03-01: 26, 2025-04-01: 26, 2025-05-01: 25, 2025-06-01: 30, 2025-07-01: 29, 2025-08-01: 59, 2025-09-01: 64, 2025-10-01: 62, 2025-11-01: 74, 2025-12-01: 64, 2026-01-01: 59, 2026-02-01: 100, 2026-03-01: 81, 2026-04-01: 68, 2026-03-29: 33, 2026-04-05: 40, 2026-04-12: 54"
"Flex LNG","Flex LNG Ltd. is a shipping company that specializes in the transportation of Liquefied Natural Gas (LNG). The company operates a fleet of thirteen state-of-the-art LNG carriers, all equipped with the latest generation two-stroke propulsion technology, which enhances fuel efficiency and reduces emissions. Flex LNG primarily serves energy companies and utilities that require reliable and efficient LNG transportation solutions.","business, industry, supply-chain, energy, manufacturing","true","50%","2900","Exploding","exponential","Non-seasonal","Low","Positive","growing","Past 5 years","https://signails.com/topics/flex-lng","{""facebook"":8290,""linkedin"":485,""twitter"":16,""pinterest"":18,""reddit"":76,""tiktok"":195,""youtube"":327}","2021-04-01: 20, 2021-05-01: 20, 2021-06-01: 14, 2021-07-01: 10, 2021-08-01: 18, 2021-09-01: 15, 2021-10-01: 16, 2021-11-01: 18, 2021-12-01: 13, 2022-01-01: 27, 2022-02-01: 31, 2022-03-01: 40, 2022-04-01: 33, 2022-05-01: 28, 2022-06-01: 38, 2022-07-01: 31, 2022-08-01: 38, 2022-09-01: 100, 2022-10-01: 73, 2022-11-01: 46, 2022-12-01: 29, 2023-01-01: 30, 2023-02-01: 92, 2023-03-01: 34, 2023-04-01: 26, 2023-05-01: 20, 2023-06-01: 18, 2023-07-01: 17, 2023-08-01: 20, 2023-09-01: 17, 2023-10-01: 15, 2023-11-01: 20, 2023-12-01: 14, 2024-01-01: 14, 2024-02-01: 21, 2024-03-01: 14, 2024-04-01: 14, 2024-05-01: 15, 2024-06-01: 18, 2024-07-01: 14, 2024-08-01: 12, 2024-09-01: 12, 2024-10-01: 17, 2024-11-01: 23, 2024-12-01: 16, 2025-01-01: 22, 2025-02-01: 23, 2025-03-01: 19, 2025-04-01: 17, 2025-05-01: 16, 2025-06-01: 19, 2025-07-01: 23, 2025-08-01: 53, 2025-09-01: 47, 2025-10-01: 39, 2025-11-01: 48, 2025-12-01: 30, 2026-01-01: 26, 2026-02-01: 34, 2026-03-01: 97, 2026-04-01: 30, 2026-04-05: 15, 2026-04-12: 12"
"Ivalua","Software development company that offers a comprehensive application for managing various aspects of enterprise procurement. Ivalua's platform covers indirect and direct services procurement, complex spend, project management, assets and tooling, bill of materials, expenses, and business intelligence, distinguishing itself with its extensive functionality and integration capabilities. The primary target demographic includes large enterprises and organizations seeking to streamline and optimize their procurement processes.","business, technology, software, productivity, supply-chain","true","224.00000000000003%","22200","Exploding","exponential","Seasonal","Low","Positive","growing","Past 5 years","https://signails.com/topics/ivalua","{""facebook"":873,""linkedin"":5350,""twitter"":53,""pinterest"":65,""reddit"":90,""tiktok"":1,""youtube"":346}","2021-04-01: 21, 2021-05-01: 19, 2021-06-01: 22, 2021-07-01: 19, 2021-08-01: 17, 2021-09-01: 24, 2021-10-01: 24, 2021-11-01: 25, 2021-12-01: 18, 2022-01-01: 24, 2022-02-01: 26, 2022-03-01: 25, 2022-04-01: 28, 2022-05-01: 28, 2022-06-01: 27, 2022-07-01: 24, 2022-08-01: 25, 2022-09-01: 30, 2022-10-01: 27, 2022-11-01: 30, 2022-12-01: 21, 2023-01-01: 29, 2023-02-01: 35, 2023-03-01: 33, 2023-04-01: 26, 2023-05-01: 26, 2023-06-01: 28, 2023-07-01: 25, 2023-08-01: 23, 2023-09-01: 26, 2023-10-01: 28, 2023-11-01: 27, 2023-12-01: 21, 2024-01-01: 28, 2024-02-01: 41, 2024-03-01: 35, 2024-04-01: 33, 2024-05-01: 30, 2024-06-01: 33, 2024-07-01: 36, 2024-08-01: 28, 2024-09-01: 35, 2024-10-01: 35, 2024-11-01: 33, 2024-12-01: 33, 2025-01-01: 40, 2025-02-01: 42, 2025-03-01: 41, 2025-04-01: 39, 2025-05-01: 40, 2025-06-01: 52, 2025-07-01: 52, 2025-08-01: 82, 2025-09-01: 95, 2025-10-01: 87, 2025-11-01: 71, 2025-12-01: 57, 2026-01-01: 67, 2026-02-01: 100, 2026-03-01: 68, 2026-04-05: 52, 2026-04-12: 47"
"It asset disposition","Process used by companies to responsibly dispose of and recycle their outdated or undesired IT equipment. This process ensures that the disposal is done in an environmentally safe and responsible manner, often including data destruction and hardware recycling. IT asset disposition primarily benefits organizations looking to manage their IT assets sustainably and securely.","business, technology, supply-chain, cybersecurity, productivity","false","450%","1900","Exploding","exponential","Non-seasonal","Average","Positive","growing","Past 5 years","https://signails.com/topics/it-asset-disposition","{""facebook"":469,""linkedin"":1250,""twitter"":15,""pinterest"":78,""reddit"":23,""tiktok"":21,""youtube"":247}","2021-04-01: 8, 2021-05-01: 8, 2021-06-01: 4, 2021-07-01: 5, 2021-08-01: 7, 2021-09-01: 8, 2021-10-01: 11, 2021-11-01: 9, 2021-12-01: 7, 2022-01-01: 8, 2022-02-01: 9, 2022-03-01: 7, 2022-04-01: 7, 2022-05-01: 6, 2022-06-01: 4, 2022-07-01: 9, 2022-08-01: 7, 2022-09-01: 5, 2022-10-01: 10, 2022-11-01: 15, 2022-12-01: 14, 2023-01-01: 12, 2023-02-01: 13, 2023-03-01: 10, 2023-04-01: 8, 2023-05-01: 10, 2023-06-01: 11, 2023-07-01: 5, 2023-08-01: 12, 2023-09-01: 12, 2023-10-01: 10, 2023-11-01: 16, 2023-12-01: 13, 2024-01-01: 15, 2024-02-01: 17, 2024-03-01: 15, 2024-04-01: 15, 2024-05-01: 14, 2024-06-01: 13, 2024-07-01: 12, 2024-08-01: 15, 2024-09-01: 11, 2024-10-01: 11, 2024-11-01: 16, 2024-12-01: 11, 2025-01-01: 15, 2025-02-01: 30, 2025-03-01: 20, 2025-04-01: 20, 2025-05-01: 22, 2025-06-01: 19, 2025-07-01: 26, 2025-08-01: 60, 2025-09-01: 56, 2025-10-01: 55, 2025-11-01: 47, 2025-12-01: 53, 2026-01-01: 63, 2026-02-01: 100, 2026-03-01: 95, 2026-04-01: 44, 2026-04-05: 38, 2026-04-12: 35"
"Every time zone","Visual time zone converter tool that allows users to easily find the exact time difference between various locations around the world. It simplifies the process of scheduling meetings and coordinating with contacts in different time zones by providing an intuitive interface. This tool is particularly beneficial for professionals and teams working in global or remote settings who need to manage time differences efficiently.","business, technology, finance, industry, science, software, telecommunication, supply-chain, programming","false","181%","1600","Exploding","exponential","Seasonal","Low","Neutral","growing","Past 5 years","https://signails.com/topics/every-time-zone","{""facebook"":411,""linkedin"":53,""twitter"":64,""pinterest"":115,""reddit"":77,""tiktok"":55,""youtube"":133}","2021-04-01: 20, 2021-05-01: 21, 2021-06-01: 20, 2021-07-01: 20, 2021-08-01: 22, 2021-09-01: 20, 2021-10-01: 20, 2021-11-01: 22, 2021-12-01: 22, 2022-01-01: 27, 2022-02-01: 26, 2022-03-01: 28, 2022-04-01: 26, 2022-05-01: 29, 2022-06-01: 31, 2022-07-01: 26, 2022-08-01: 25, 2022-09-01: 31, 2022-10-01: 31, 2022-11-01: 27, 2022-12-01: 26, 2023-01-01: 30, 2023-02-01: 28, 2023-03-01: 27, 2023-04-01: 24, 2023-05-01: 27, 2023-06-01: 27, 2023-07-01: 24, 2023-08-01: 28, 2023-09-01: 27, 2023-10-01: 29, 2023-11-01: 28, 2023-12-01: 26, 2024-01-01: 32, 2024-02-01: 32, 2024-03-01: 30, 2024-04-01: 29, 2024-05-01: 33, 2024-06-01: 30, 2024-07-01: 29, 2024-08-01: 27, 2024-09-01: 32, 2024-10-01: 39, 2024-11-01: 33, 2024-12-01: 44, 2025-01-01: 36, 2025-02-01: 38, 2025-03-01: 42, 2025-04-01: 43, 2025-05-01: 37, 2025-06-01: 39, 2025-07-01: 37, 2025-08-01: 60, 2025-09-01: 69, 2025-10-01: 70, 2025-11-01: 80, 2025-12-01: 79, 2026-01-01: 73, 2026-02-01: 89, 2026-03-01: 100, 2026-04-01: 59, 2026-04-05: 47, 2026-04-12: 44"
"bluecrew","Staffing technology platform that provides flexible W-2 employment opportunities across various industries such as warehousing, logistics, e-commerce, events, delivery, and hospitality. Bluecrew differentiates itself by offering sustainable and reliable employment that fits the schedules of job seekers, ensuring a balance between work and personal life. The platform primarily targets job seekers looking for flexible, reliable employment options across multiple sectors.","business, technology, industry, hr, workplace, supply-chain","true","66%","8100","Exploding","exponential","Non-seasonal","Average","Positive","growing","Past 5 years","https://signails.com/topics/bluecrew","{""facebook"":1510,""linkedin"":1090,""twitter"":932,""pinterest"":69,""reddit"":59,""tiktok"":370,""youtube"":412}","2021-04-01: 42, 2021-05-01: 41, 2021-06-01: 42, 2021-07-01: 56, 2021-08-01: 51, 2021-09-01: 57, 2021-10-01: 57, 2021-11-01: 72, 2021-12-01: 63, 2022-01-01: 60, 2022-02-01: 53, 2022-03-01: 73, 2022-04-01: 74, 2022-05-01: 83, 2022-06-01: 93, 2022-07-01: 84, 2022-08-01: 92, 2022-09-01: 100, 2022-10-01: 85, 2022-11-01: 90, 2022-12-01: 77, 2023-01-01: 68, 2023-02-01: 58, 2023-03-01: 55, 2023-04-01: 59, 2023-05-01: 61, 2023-06-01: 56, 2023-07-01: 51, 2023-08-01: 64, 2023-09-01: 60, 2023-10-01: 74, 2023-11-01: 74, 2023-12-01: 63, 2024-01-01: 66, 2024-02-01: 51, 2024-03-01: 51, 2024-04-01: 45, 2024-05-01: 54, 2024-06-01: 60, 2024-07-01: 63, 2024-08-01: 55, 2024-09-01: 53, 2024-10-01: 57, 2024-11-01: 60, 2024-12-01: 58, 2025-01-01: 44, 2025-02-01: 45, 2025-03-01: 42, 2025-04-01: 41, 2025-05-01: 58, 2025-06-01: 51, 2025-07-01: 56, 2025-08-01: 72, 2025-09-01: 74, 2025-10-01: 79, 2025-11-01: 88, 2025-12-01: 94, 2026-01-01: 96, 2026-02-01: 89, 2026-03-01: 98, 2026-04-01: 68, 2026-04-05: 65, 2026-04-12: 70"
"Veeva Systems","Global provider of industry-specific cloud-based software solutions founded in 2007. Veeva Systems focuses on addressing the unique operating challenges and regulatory requirements of companies in the Life Sciences and Consumer Products industries, differentiating itself through specialized applications and compliance features. The primary target demographic includes pharmaceutical, biotechnology, and consumer goods companies seeking robust, compliant, and efficient software solutions.","business, technology, software, productivity, supply-chain","true","229%","33100","Exploding","exponential","Seasonal","Low","Positive","stationary","Past 5 years","https://signails.com/topics/veeva-systems","{""facebook"":432,""linkedin"":13400,""twitter"":31,""pinterest"":14,""reddit"":837,""tiktok"":21,""youtube"":211}","2021-04-01: 23, 2021-05-01: 21, 2021-06-01: 23, 2021-07-01: 23, 2021-08-01: 21, 2021-09-01: 24, 2021-10-01: 19, 2021-11-01: 18, 2021-12-01: 21, 2022-01-01: 26, 2022-02-01: 25, 2022-03-01: 27, 2022-04-01: 22, 2022-05-01: 23, 2022-06-01: 26, 2022-07-01: 26, 2022-08-01: 25, 2022-09-01: 27, 2022-10-01: 24, 2022-11-01: 22, 2022-12-01: 21, 2023-01-01: 26, 2023-02-01: 29, 2023-03-01: 27, 2023-04-01: 26, 2023-05-01: 29, 2023-06-01: 27, 2023-07-01: 22, 2023-08-01: 27, 2023-09-01: 26, 2023-10-01: 24, 2023-11-01: 26, 2023-12-01: 22, 2024-01-01: 28, 2024-02-01: 32, 2024-03-01: 31, 2024-04-01: 27, 2024-05-01: 28, 2024-06-01: 28, 2024-07-01: 25, 2024-08-01: 24, 2024-09-01: 29, 2024-10-01: 26, 2024-11-01: 28, 2024-12-01: 29, 2025-01-01: 33, 2025-02-01: 32, 2025-03-01: 33, 2025-04-01: 34, 2025-05-01: 33, 2025-06-01: 36, 2025-07-01: 41, 2025-08-01: 79, 2025-09-01: 58, 2025-10-01: 59, 2025-11-01: 57, 2025-12-01: 50, 2026-01-01: 68, 2026-02-01: 100, 2026-03-01: 92, 2026-04-01: 69, 2026-03-29: 42, 2026-04-05: 44, 2026-04-12: 50"
"Ready Hour ","Brand specializing in emergency food supplies designed to be non-perishable with a long shelf life of up to 25 years. Ready Hour offers a range of products including emergency meal entrées, powdered whole eggs, and comprehensive food supply kits for extended periods, differentiating itself with its focus on long-term storage and preparedness. The target demographic includes individuals and families interested in emergency preparedness, survivalists, and those looking to ensure food security during unforeseen events.","business, food-beverage, industry, retail, supply-chain, food","true","248%","1300","Exploding","exponential","Non-seasonal","Low","Positive","declining","Past 5 years","https://signails.com/topics/ready-hour","{""facebook"":768,""linkedin"":57,""twitter"":23,""pinterest"":1100,""reddit"":91,""tiktok"":40,""youtube"":128}","2021-04-01: 21, 2021-05-01: 23, 2021-06-01: 22, 2021-07-01: 22, 2021-08-01: 23, 2021-09-01: 23, 2021-10-01: 27, 2021-11-01: 26, 2021-12-01: 28, 2022-01-01: 34, 2022-02-01: 35, 2022-03-01: 39, 2022-04-01: 44, 2022-05-01: 36, 2022-06-01: 32, 2022-07-01: 32, 2022-08-01: 29, 2022-09-01: 34, 2022-10-01: 33, 2022-11-01: 30, 2022-12-01: 29, 2023-01-01: 29, 2023-02-01: 33, 2023-03-01: 31, 2023-04-01: 32, 2023-05-01: 31, 2023-06-01: 27, 2023-07-01: 24, 2023-08-01: 25, 2023-09-01: 28, 2023-10-01: 29, 2023-11-01: 30, 2023-12-01: 30, 2024-01-01: 30, 2024-02-01: 35, 2024-03-01: 32, 2024-04-01: 33, 2024-05-01: 31, 2024-06-01: 28, 2024-07-01: 29, 2024-08-01: 30, 2024-09-01: 35, 2024-10-01: 37, 2024-11-01: 34, 2024-12-01: 38, 2025-01-01: 32, 2025-02-01: 38, 2025-03-01: 38, 2025-04-01: 41, 2025-05-01: 37, 2025-06-01: 34, 2025-07-01: 40, 2025-08-01: 94, 2025-09-01: 80, 2025-10-01: 71, 2025-11-01: 82, 2025-12-01: 78, 2026-01-01: 78, 2026-02-01: 89, 2026-03-01: 100, 2026-04-01: 80, 2026-03-29: 67, 2026-04-05: 66, 2026-04-12: 65"
"Priority1","Privately held, non-asset-based logistics brokerage provider offering proprietary technology to small and medium shippers. Priority1 helps clients manage their transportation expenses more efficiently by leveraging advanced logistics solutions and a comprehensive network of carriers. The primary target demographic includes small to medium-sized businesses seeking cost-effective and efficient transportation management services.","business, technology, supply-chain, productivity","true","171%","18100","Exploding","constant","Seasonal","Average","Positive","growing","Past 5 years","https://signails.com/topics/priority1","{""facebook"":1620,""linkedin"":1840,""twitter"":22,""pinterest"":123,""reddit"":77,""tiktok"":17,""youtube"":100}","2021-04-01: 31, 2021-05-01: 28, 2021-06-01: 32, 2021-07-01: 36, 2021-08-01: 33, 2021-09-01: 30, 2021-10-01: 31, 2021-11-01: 36, 2021-12-01: 32, 2022-01-01: 41, 2022-02-01: 42, 2022-03-01: 45, 2022-04-01: 45, 2022-05-01: 35, 2022-06-01: 45, 2022-07-01: 45, 2022-08-01: 50, 2022-09-01: 47, 2022-10-01: 44, 2022-11-01: 40, 2022-12-01: 44, 2023-01-01: 43, 2023-02-01: 46, 2023-03-01: 53, 2023-04-01: 50, 2023-05-01: 57, 2023-06-01: 61, 2023-07-01: 46, 2023-08-01: 54, 2023-09-01: 51, 2023-10-01: 51, 2023-11-01: 52, 2023-12-01: 44, 2024-01-01: 60, 2024-02-01: 77, 2024-03-01: 62, 2024-04-01: 64, 2024-05-01: 64, 2024-06-01: 70, 2024-07-01: 61, 2024-08-01: 62, 2024-09-01: 75, 2024-10-01: 67, 2024-11-01: 67, 2024-12-01: 64, 2025-01-01: 74, 2025-02-01: 81, 2025-03-01: 91, 2025-04-01: 85, 2025-05-01: 75, 2025-06-01: 78, 2025-07-01: 89, 2025-08-01: 89, 2025-09-01: 100, 2025-10-01: 83, 2025-11-01: 71, 2025-12-01: 69, 2026-01-01: 82, 2026-02-01: 93, 2026-03-01: 92, 2026-04-01: 76, 2026-04-05: 70, 2026-04-12: 68"
"Dozee","Company specializing in remote patient monitoring through advanced technology. It utilizes an AI-based early warning system and connected bed technology to continuously monitor patients' health, aiming to enhance healthcare outcomes by providing timely alerts and data-driven insights. The primary beneficiaries of Dozee's solutions are healthcare providers and patients seeking improved health monitoring and proactive care management.","business, technology, health, healthcare, ai, supply-chain","true","23%","5400","Exploding","constant","Non-seasonal","Low","Positive","growing","Past 5 years","https://signails.com/topics/dozee","{""facebook"":29400,""linkedin"":867,""twitter"":59,""pinterest"":264,""reddit"":17,""tiktok"":1260,""youtube"":825}","2021-04-01: 55, 2021-05-01: 48, 2021-06-01: 43, 2021-07-01: 49, 2021-08-01: 47, 2021-09-01: 50, 2021-10-01: 35, 2021-11-01: 37, 2021-12-01: 37, 2022-01-01: 53, 2022-02-01: 72, 2022-03-01: 45, 2022-04-01: 49, 2022-05-01: 50, 2022-06-01: 65, 2022-07-01: 59, 2022-08-01: 58, 2022-09-01: 54, 2022-10-01: 61, 2022-11-01: 56, 2022-12-01: 62, 2023-01-01: 63, 2023-02-01: 61, 2023-03-01: 56, 2023-04-01: 62, 2023-05-01: 60, 2023-06-01: 63, 2023-07-01: 72, 2023-08-01: 60, 2023-09-01: 61, 2023-10-01: 69, 2023-11-01: 78, 2023-12-01: 81, 2024-01-01: 95, 2024-02-01: 100, 2024-03-01: 74, 2024-04-01: 72, 2024-05-01: 89, 2024-06-01: 76, 2024-07-01: 87, 2024-08-01: 75, 2024-09-01: 82, 2024-10-01: 81, 2024-11-01: 65, 2024-12-01: 76, 2025-01-01: 64, 2025-02-01: 68, 2025-03-01: 62, 2025-04-01: 62, 2025-05-01: 69, 2025-06-01: 65, 2025-07-01: 83, 2025-08-01: 90, 2025-09-01: 81, 2025-10-01: 63, 2025-11-01: 82, 2025-12-01: 62, 2026-01-01: 57, 2026-02-01: 68, 2026-03-01: 60, 2026-04-01: 59, 2026-04-05: 59, 2026-04-12: 60"
"Woodland Mills","Company that designs, manufactures, and sells high-quality, affordable forestry equipment specifically for do-it-yourself landowners. Founded in 2009 by Neil Bramley and Josh Malcolm, it aims to fill a void in the marketplace for accessible forestry equipment, distinguishing itself through well-constructed and affordable products. Woodland Mills primarily targets DIY landowners and small-scale forestry enthusiasts seeking reliable and cost-effective equipment.","business, industry, retail, manufacturing, supply-chain","true","-12%","18100","Falling","exponential","Seasonal","Average","Positive","stationary","Past 5 years","https://signails.com/topics/woodland-mills","{""facebook"":19700,""linkedin"":53,""twitter"":19,""pinterest"":531,""reddit"":155,""tiktok"":211,""youtube"":2710}","2021-04-01: 100, 2021-05-01: 85, 2021-06-01: 67, 2021-07-01: 66, 2021-08-01: 68, 2021-09-01: 64, 2021-10-01: 72, 2021-11-01: 63, 2021-12-01: 72, 2022-01-01: 85, 2022-02-01: 80, 2022-03-01: 80, 2022-04-01: 93, 2022-05-01: 76, 2022-06-01: 68, 2022-07-01: 65, 2022-08-01: 67, 2022-09-01: 66, 2022-10-01: 74, 2022-11-01: 56, 2022-12-01: 59, 2023-01-01: 79, 2023-02-01: 78, 2023-03-01: 80, 2023-04-01: 75, 2023-05-01: 63, 2023-06-01: 57, 2023-07-01: 56, 2023-08-01: 58, 2023-09-01: 56, 2023-10-01: 56, 2023-11-01: 57, 2023-12-01: 57, 2024-01-01: 55, 2024-02-01: 63, 2024-03-01: 75, 2024-04-01: 72, 2024-05-01: 65, 2024-06-01: 47, 2024-07-01: 49, 2024-08-01: 53, 2024-09-01: 56, 2024-10-01: 50, 2024-11-01: 51, 2024-12-01: 53, 2025-01-01: 47, 2025-02-01: 53, 2025-03-01: 70, 2025-04-01: 72, 2025-05-01: 55, 2025-06-01: 52, 2025-07-01: 54, 2025-08-01: 51, 2025-09-01: 51, 2025-10-01: 61, 2025-11-01: 52, 2025-12-01: 52, 2026-01-01: 50, 2026-02-01: 51, 2026-03-01: 65, 2026-04-01: 75, 2026-04-05: 76, 2026-04-12: 67"
"BitSight","Cybersecurity ratings company that evaluates the cybersecurity performance of organizations. BitSight specializes in providing security ratings that help companies, government agencies, and educational institutions manage their cybersecurity risk and exposure. The primary users of BitSight's services include banks, insurance companies, and other organizations seeking to assess and mitigate cybersecurity risks.","business, technology, cybersecurity, supply-chain, productivity","true","114.99999999999999%","14800","Exploding","exponential","Seasonal","Low","Positive","stationary","Past 5 years","https://signails.com/topics/bitsight","{""facebook"":266,""linkedin"":3770,""twitter"":89,""pinterest"":23,""reddit"":307,""tiktok"":22,""youtube"":150}","2021-04-01: 20, 2021-05-01: 20, 2021-06-01: 23, 2021-07-01: 19, 2021-08-01: 19, 2021-09-01: 28, 2021-10-01: 22, 2021-11-01: 24, 2021-12-01: 23, 2022-01-01: 24, 2022-02-01: 29, 2022-03-01: 27, 2022-04-01: 27, 2022-05-01: 28, 2022-06-01: 33, 2022-07-01: 28, 2022-08-01: 32, 2022-09-01: 31, 2022-10-01: 28, 2022-11-01: 28, 2022-12-01: 24, 2023-01-01: 28, 2023-02-01: 33, 2023-03-01: 32, 2023-04-01: 30, 2023-05-01: 29, 2023-06-01: 30, 2023-07-01: 25, 2023-08-01: 27, 2023-09-01: 30, 2023-10-01: 31, 2023-11-01: 26, 2023-12-01: 22, 2024-01-01: 30, 2024-02-01: 36, 2024-03-01: 29, 2024-04-01: 37, 2024-05-01: 34, 2024-06-01: 29, 2024-07-01: 29, 2024-08-01: 31, 2024-09-01: 29, 2024-10-01: 30, 2024-11-01: 35, 2024-12-01: 30, 2025-01-01: 32, 2025-02-01: 38, 2025-03-01: 35, 2025-04-01: 39, 2025-05-01: 38, 2025-06-01: 44, 2025-07-01: 47, 2025-08-01: 60, 2025-09-01: 58, 2025-10-01: 65, 2025-11-01: 52, 2025-12-01: 51, 2026-01-01: 100, 2026-02-01: 69, 2026-03-01: 73, 2026-04-01: 43, 2026-04-05: 32, 2026-04-12: 37"
"Moglix","Moglix is an Indian e-commerce company specializing in the procurement of industrial goods, headquartered in Singapore and established in 2015. The company differentiates itself by offering a comprehensive range of industrial products and solutions, including MRO (Maintenance, Repair, and Operations) supplies, to businesses across various sectors, enhancing supply chain efficiency and reducing procurement costs. Moglix primarily serves manufacturing companies, SMEs, and large enterprises in India, the USA, the UK, and Europe, aiming to streamline their procurement processes and improve operational efficiency.","business, industry, ecommerce, retail, supply-chain, manufacturing","true","-3%","90500","Falling","exponential","Non-seasonal","Average","Negative","stationary","Past 5 years","https://signails.com/topics/moglix","{""facebook"":2090,""linkedin"":3960,""twitter"":130,""pinterest"":240,""reddit"":80,""tiktok"":1,""youtube"":808}","2021-04-01: 73, 2021-05-01: 98, 2021-06-01: 73, 2021-07-01: 80, 2021-08-01: 71, 2021-09-01: 56, 2021-10-01: 57, 2021-11-01: 53, 2021-12-01: 60, 2022-01-01: 90, 2022-02-01: 91, 2022-03-01: 96, 2022-04-01: 93, 2022-05-01: 92, 2022-06-01: 98, 2022-07-01: 100, 2022-08-01: 87, 2022-09-01: 85, 2022-10-01: 81, 2022-11-01: 81, 2022-12-01: 77, 2023-01-01: 75, 2023-02-01: 77, 2023-03-01: 68, 2023-04-01: 79, 2023-05-01: 76, 2023-06-01: 78, 2023-07-01: 88, 2023-08-01: 85, 2023-09-01: 69, 2023-10-01: 68, 2023-11-01: 65, 2023-12-01: 73, 2024-01-01: 67, 2024-02-01: 62, 2024-03-01: 61, 2024-04-01: 68, 2024-05-01: 72, 2024-06-01: 71, 2024-07-01: 72, 2024-08-01: 70, 2024-09-01: 67, 2024-10-01: 69, 2024-11-01: 66, 2024-12-01: 61, 2025-01-01: 58, 2025-02-01: 54, 2025-03-01: 48, 2025-04-01: 56, 2025-05-01: 58, 2025-06-01: 58, 2025-07-01: 56, 2025-08-01: 60, 2025-09-01: 63, 2025-10-01: 75, 2025-11-01: 71, 2025-12-01: 60, 2026-01-01: 62, 2026-02-01: 64, 2026-03-01: 71, 2026-04-05: 70, 2026-04-12: 64"
"golink","On-demand transportation service that allows users to book trips for commuting, running errands, or connecting to DART buses and trains. It operates within specific zones, each of which connects to a rail station or transit center, providing a convenient and flexible transit option. GoLink primarily benefits commuters and individuals needing reliable transportation within designated service areas.","business, technology, supply-chain, telecommunication","true","80%","14800","Exploding","exponential","Non-seasonal","Average","Positive","declining","Past 5 years","https://signails.com/topics/golink","{""facebook"":2770,""linkedin"":101,""twitter"":24,""pinterest"":133,""reddit"":403,""tiktok"":149,""youtube"":540}","2021-04-01: 39, 2021-05-01: 49, 2021-06-01: 43, 2021-07-01: 47, 2021-08-01: 38, 2021-09-01: 34, 2021-10-01: 33, 2021-11-01: 37, 2021-12-01: 41, 2022-01-01: 46, 2022-02-01: 49, 2022-03-01: 40, 2022-04-01: 44, 2022-05-01: 35, 2022-06-01: 36, 2022-07-01: 40, 2022-08-01: 44, 2022-09-01: 42, 2022-10-01: 35, 2022-11-01: 41, 2022-12-01: 42, 2023-01-01: 41, 2023-02-01: 41, 2023-03-01: 35, 2023-04-01: 31, 2023-05-01: 34, 2023-06-01: 47, 2023-07-01: 46, 2023-08-01: 45, 2023-09-01: 52, 2023-10-01: 45, 2023-11-01: 46, 2023-12-01: 42, 2024-01-01: 44, 2024-02-01: 43, 2024-03-01: 47, 2024-04-01: 48, 2024-05-01: 44, 2024-06-01: 49, 2024-07-01: 40, 2024-08-01: 48, 2024-09-01: 45, 2024-10-01: 54, 2024-11-01: 48, 2024-12-01: 55, 2025-01-01: 43, 2025-02-01: 41, 2025-03-01: 46, 2025-04-01: 49, 2025-05-01: 48, 2025-06-01: 48, 2025-07-01: 53, 2025-08-01: 62, 2025-09-01: 56, 2025-10-01: 62, 2025-11-01: 62, 2025-12-01: 63, 2026-01-01: 63, 2026-02-01: 100, 2026-03-01: 81, 2026-04-01: 88, 2026-04-05: 75, 2026-04-12: 75"
"EasyPost","EasyPost is a company that offers a RESTful API for shipping services. The API allows businesses to integrate shipping functionalities into their applications, enabling them to ship packages efficiently and track shipments in real-time. EasyPost primarily serves e-commerce businesses and logistics companies looking to streamline their shipping processes and improve operational efficiency.","business, technology, industry, supply-chain, programming","true","155%","27100","Exploding","exponential","Seasonal","Low","Positive","stationary","Past 5 years","https://signails.com/topics/easypost","{""facebook"":4360,""linkedin"":1270,""twitter"":224,""pinterest"":230,""reddit"":798,""tiktok"":187,""youtube"":438}","2021-04-01: 35, 2021-05-01: 29, 2021-06-01: 30, 2021-07-01: 32, 2021-08-01: 28, 2021-09-01: 24, 2021-10-01: 28, 2021-11-01: 26, 2021-12-01: 51, 2022-01-01: 41, 2022-02-01: 36, 2022-03-01: 40, 2022-04-01: 40, 2022-05-01: 44, 2022-06-01: 43, 2022-07-01: 76, 2022-08-01: 43, 2022-09-01: 42, 2022-10-01: 39, 2022-11-01: 41, 2022-12-01: 53, 2023-01-01: 52, 2023-02-01: 60, 2023-03-01: 49, 2023-04-01: 47, 2023-05-01: 50, 2023-06-01: 83, 2023-07-01: 89, 2023-08-01: 54, 2023-09-01: 45, 2023-10-01: 42, 2023-11-01: 39, 2023-12-01: 51, 2024-01-01: 47, 2024-02-01: 52, 2024-03-01: 57, 2024-04-01: 51, 2024-05-01: 57, 2024-06-01: 68, 2024-07-01: 91, 2024-08-01: 58, 2024-09-01: 58, 2024-10-01: 59, 2024-11-01: 52, 2024-12-01: 56, 2025-01-01: 60, 2025-02-01: 62, 2025-03-01: 59, 2025-04-01: 66, 2025-05-01: 65, 2025-06-01: 70, 2025-07-01: 95, 2025-08-01: 100, 2025-09-01: 97, 2025-10-01: 94, 2025-11-01: 91, 2025-12-01: 83, 2026-01-01: 80, 2026-02-01: 92, 2026-03-01: 87, 2026-04-01: 74, 2026-03-29: 71, 2026-04-05: 77, 2026-04-12: 78"
"Queue Management","Organizing and controlling queues to ensure efficient use of resources and minimize waiting times. Applied in various fields such as customer service, telecommunications, computer networking, and manufacturing, it involves queue design, monitoring, prioritization, and optimization, often supported by software and technology. This system benefits businesses and organizations aiming to improve operational efficiency and customer satisfaction.","business, technology, industry, retail, productivity, supply-chain","false","529%","1900","Exploding","exponential","Non-seasonal","Average","Positive","growing","Past 5 years","https://signails.com/topics/queue-management","{""facebook"":1080,""linkedin"":1940,""twitter"":103,""pinterest"":698,""reddit"":348,""tiktok"":136,""youtube"":1530}","2021-04-01: 14, 2021-05-01: 14, 2021-06-01: 14, 2021-07-01: 16, 2021-08-01: 16, 2021-09-01: 15, 2021-10-01: 16, 2021-11-01: 16, 2021-12-01: 16, 2022-01-01: 15, 2022-02-01: 16, 2022-03-01: 18, 2022-04-01: 17, 2022-05-01: 18, 2022-06-01: 16, 2022-07-01: 14, 2022-08-01: 14, 2022-09-01: 15, 2022-10-01: 16, 2022-11-01: 14, 2022-12-01: 14, 2023-01-01: 14, 2023-02-01: 14, 2023-03-01: 14, 2023-04-01: 13, 2023-05-01: 14, 2023-06-01: 15, 2023-07-01: 15, 2023-08-01: 14, 2023-09-01: 15, 2023-10-01: 15, 2023-11-01: 15, 2023-12-01: 13, 2024-01-01: 16, 2024-02-01: 17, 2024-03-01: 16, 2024-04-01: 17, 2024-05-01: 17, 2024-06-01: 16, 2024-07-01: 17, 2024-08-01: 17, 2024-09-01: 16, 2024-10-01: 16, 2024-11-01: 16, 2024-12-01: 13, 2025-01-01: 15, 2025-02-01: 18, 2025-03-01: 18, 2025-04-01: 18, 2025-05-01: 21, 2025-06-01: 27, 2025-07-01: 26, 2025-08-01: 75, 2025-09-01: 69, 2025-10-01: 63, 2025-11-01: 74, 2025-12-01: 72, 2026-01-01: 71, 2026-02-01: 100, 2026-03-01: 89, 2026-04-01: 88, 2026-04-05: 74, 2026-04-12: 74"
"Outsource Support","The practice involves hiring third-party companies to manage various business functions such as customer service, IT support, and human resources. This approach allows businesses to concentrate on their core activities while benefiting from the expertise and efficiency of specialized service providers. Outsource support is particularly valuable for companies looking to reduce operational costs and improve service quality.","business, technology, hr, supply-chain, productivity","false","113.99999999999999%","590","Exploding","exponential","Non-seasonal","Low","Neutral","stationary","Past 5 years","https://signails.com/topics/outsource-support","{""facebook"":246,""linkedin"":94,""twitter"":14,""pinterest"":17,""reddit"":32,""tiktok"":1,""youtube"":15}","2021-04-01: 18, 2021-05-01: 21, 2021-06-01: 19, 2021-07-01: 17, 2021-08-01: 16, 2021-09-01: 18, 2021-10-01: 18, 2021-11-01: 23, 2021-12-01: 25, 2022-01-01: 17, 2022-02-01: 18, 2022-03-01: 18, 2022-04-01: 18, 2022-05-01: 19, 2022-06-01: 18, 2022-07-01: 18, 2022-08-01: 16, 2022-09-01: 17, 2022-10-01: 19, 2022-11-01: 18, 2022-12-01: 16, 2023-01-01: 19, 2023-02-01: 19, 2023-03-01: 18, 2023-04-01: 16, 2023-05-01: 21, 2023-06-01: 22, 2023-07-01: 22, 2023-08-01: 24, 2023-09-01: 23, 2023-10-01: 25, 2023-11-01: 24, 2023-12-01: 22, 2024-01-01: 24, 2024-02-01: 28, 2024-03-01: 25, 2024-04-01: 24, 2024-05-01: 23, 2024-06-01: 22, 2024-07-01: 21, 2024-08-01: 21, 2024-09-01: 21, 2024-10-01: 24, 2024-11-01: 22, 2024-12-01: 13, 2025-01-01: 14, 2025-02-01: 20, 2025-03-01: 23, 2025-04-01: 27, 2025-05-01: 37, 2025-06-01: 35, 2025-07-01: 30, 2025-08-01: 42, 2025-09-01: 40, 2025-10-01: 38, 2025-11-01: 38, 2025-12-01: 46, 2026-01-01: 46, 2026-02-01: 60, 2026-03-01: 75, 2026-04-01: 45, 2026-04-05: 52, 2026-04-12: 56"
"S&S Activewear","S&S Activewear is a company that provides a wide range of online clothing options. They offer various apparel for men and women, including shirts, pants, shorts, skirts, swimwear, gloves, accessories, and uniforms, distinguishing themselves with a comprehensive selection. The company primarily serves customers in the United States, catering to individuals and organizations seeking diverse and quality clothing options.","business, fashion, industry, retail, supply-chain, clothing","true","38%","201000","Exploding","exponential","Seasonal","Low","Negative","stationary","Past 5 years","https://signails.com/topics/s-and-s-activewear","{""facebook"":475,""linkedin"":1370,""twitter"":60,""pinterest"":497,""reddit"":55,""tiktok"":20,""youtube"":141}","2021-04-01: 39, 2021-05-01: 42, 2021-06-01: 44, 2021-07-01: 43, 2021-08-01: 47, 2021-09-01: 54, 2021-10-01: 52, 2021-11-01: 49, 2021-12-01: 41, 2022-01-01: 40, 2022-02-01: 46, 2022-03-01: 48, 2022-04-01: 54, 2022-05-01: 58, 2022-06-01: 61, 2022-07-01: 56, 2022-08-01: 65, 2022-09-01: 63, 2022-10-01: 62, 2022-11-01: 58, 2022-12-01: 45, 2023-01-01: 54, 2023-02-01: 55, 2023-03-01: 57, 2023-04-01: 53, 2023-05-01: 55, 2023-06-01: 54, 2023-07-01: 49, 2023-08-01: 58, 2023-09-01: 56, 2023-10-01: 58, 2023-11-01: 55, 2023-12-01: 44, 2024-01-01: 46, 2024-02-01: 55, 2024-03-01: 49, 2024-04-01: 53, 2024-05-01: 50, 2024-06-01: 50, 2024-07-01: 52, 2024-08-01: 69, 2024-09-01: 70, 2024-10-01: 67, 2024-11-01: 61, 2024-12-01: 51, 2025-01-01: 53, 2025-02-01: 55, 2025-03-01: 58, 2025-04-01: 67, 2025-05-01: 64, 2025-06-01: 77, 2025-07-01: 73, 2025-08-01: 92, 2025-09-01: 100, 2025-10-01: 85, 2025-11-01: 78, 2025-12-01: 61, 2026-01-01: 57, 2026-02-01: 63, 2026-03-01: 68, 2026-04-01: 58, 2026-04-05: 70, 2026-04-12: 71"
"Flowhub","Platform offering a point-of-sale (POS) system, inventory management, compliance, and analytics tools tailored for cannabis dispensaries. Flowhub differentiates itself by providing specialized features that ensure regulatory compliance and streamline operations, thereby enhancing revenue for dispensaries. The primary users of Flowhub are cannabis dispensary owners and operators seeking efficient and compliant business management solutions.","business, technology, software, retail, productivity, supply-chain","true","1%","3600","Exploding","exponential","Non-seasonal","Average","Positive","stationary","Past 5 years","https://signails.com/topics/flowhub","{""facebook"":260,""linkedin"":561,""twitter"":170,""pinterest"":158,""reddit"":116,""tiktok"":27,""youtube"":297}","2021-04-01: 72, 2021-05-01: 46, 2021-06-01: 55, 2021-07-01: 53, 2021-08-01: 56, 2021-09-01: 48, 2021-10-01: 100, 2021-11-01: 59, 2021-12-01: 65, 2022-01-01: 58, 2022-02-01: 51, 2022-03-01: 51, 2022-04-01: 70, 2022-05-01: 65, 2022-06-01: 80, 2022-07-01: 68, 2022-08-01: 71, 2022-09-01: 57, 2022-10-01: 56, 2022-11-01: 46, 2022-12-01: 55, 2023-01-01: 59, 2023-02-01: 53, 2023-03-01: 48, 2023-04-01: 48, 2023-05-01: 45, 2023-06-01: 44, 2023-07-01: 44, 2023-08-01: 45, 2023-09-01: 57, 2023-10-01: 57, 2023-11-01: 53, 2023-12-01: 52, 2024-01-01: 56, 2024-02-01: 63, 2024-03-01: 68, 2024-04-01: 57, 2024-05-01: 56, 2024-06-01: 36, 2024-07-01: 41, 2024-08-01: 53, 2024-09-01: 42, 2024-10-01: 45, 2024-11-01: 52, 2024-12-01: 55, 2025-01-01: 48, 2025-02-01: 56, 2025-03-01: 55, 2025-04-01: 61, 2025-05-01: 59, 2025-06-01: 58, 2025-07-01: 69, 2025-08-01: 87, 2025-09-01: 84, 2025-10-01: 80, 2025-11-01: 73, 2025-12-01: 79, 2026-01-01: 68, 2026-02-01: 81, 2026-03-01: 73, 2026-04-05: 69, 2026-04-12: 62"
"Puretec","Innovative industrial water service company operating in the Southwestern United States, specializing in high purity water solutions. Puretec offers services such as deionized water service, water softening, reverse osmosis, and mobile trailers, differentiating itself with a comprehensive range of high purity water solutions. The company's services are primarily targeted at industries and businesses requiring high purity water for their operations.","business, industry, supply-chain, manufacturing, energy","true","125%","8100","Exploding","constant","Seasonal","Average","Positive","growing","Past 5 years","https://signails.com/topics/puretec","{""facebook"":3580,""linkedin"":526,""twitter"":14,""pinterest"":626,""reddit"":175,""tiktok"":87,""youtube"":237}","2021-04-01: 4, 2021-05-01: 4, 2021-06-01: 4, 2021-07-01: 4, 2021-08-01: 4, 2021-09-01: 4, 2021-10-01: 4, 2021-11-01: 5, 2021-12-01: 4, 2022-01-01: 5, 2022-02-01: 4, 2022-03-01: 4, 2022-04-01: 4, 2022-05-01: 4, 2022-06-01: 4, 2022-07-01: 4, 2022-08-01: 4, 2022-09-01: 4, 2022-10-01: 4, 2022-11-01: 4, 2022-12-01: 4, 2023-01-01: 5, 2023-02-01: 5, 2023-03-01: 4, 2023-04-01: 4, 2023-05-01: 4, 2023-06-01: 4, 2023-07-01: 4, 2023-08-01: 5, 2023-09-01: 4, 2023-10-01: 5, 2023-11-01: 5, 2023-12-01: 4, 2024-01-01: 6, 2024-02-01: 6, 2024-03-01: 6, 2024-04-01: 5, 2024-05-01: 6, 2024-06-01: 6, 2024-07-01: 6, 2024-08-01: 6, 2024-09-01: 6, 2024-10-01: 6, 2024-11-01: 7, 2024-12-01: 6, 2025-01-01: 8, 2025-02-01: 8, 2025-03-01: 7, 2025-04-01: 7, 2025-05-01: 7, 2025-06-01: 7, 2025-07-01: 8, 2025-08-01: 8, 2025-09-01: 8, 2025-10-01: 9, 2025-11-01: 8, 2025-12-01: 7, 2026-01-01: 8, 2026-02-01: 8, 2026-03-01: 11, 2026-04-01: 9, 2026-04-05: 63, 2026-04-12: 61"
"Perfora","Dental supply store located in Gurgaon, India, offering a range of oral care products. The brand focuses on elevating everyday oral hygiene with products like electric toothbrushes, teeth whitening pens, toothpastes, and probiotic rinses, all developed with advanced ingredients and technology. Perfora primarily targets individuals seeking practical and precisely designed oral care solutions.","business, health, ecommerce, retail, healthcare, supply-chain","true","313%","74000","Exploding","exponential","Seasonal","Low","Positive","growing","Past 5 years","https://signails.com/topics/perfora","{""facebook"":15700,""linkedin"":714,""twitter"":250,""pinterest"":716,""reddit"":861,""tiktok"":1020,""youtube"":2040}","2021-04-01: 15, 2021-05-01: 15, 2021-06-01: 15, 2021-07-01: 15, 2021-08-01: 15, 2021-09-01: 13, 2021-10-01: 14, 2021-11-01: 14, 2021-12-01: 15, 2022-01-01: 15, 2022-02-01: 17, 2022-03-01: 20, 2022-04-01: 19, 2022-05-01: 20, 2022-06-01: 20, 2022-07-01: 19, 2022-08-01: 19, 2022-09-01: 19, 2022-10-01: 19, 2022-11-01: 19, 2022-12-01: 17, 2023-01-01: 19, 2023-02-01: 100, 2023-03-01: 54, 2023-04-01: 36, 2023-05-01: 37, 2023-06-01: 37, 2023-07-01: 36, 2023-08-01: 39, 2023-09-01: 38, 2023-10-01: 35, 2023-11-01: 31, 2023-12-01: 34, 2024-01-01: 40, 2024-02-01: 55, 2024-03-01: 46, 2024-04-01: 44, 2024-05-01: 42, 2024-06-01: 46, 2024-07-01: 51, 2024-08-01: 55, 2024-09-01: 49, 2024-10-01: 40, 2024-11-01: 44, 2024-12-01: 45, 2025-01-01: 44, 2025-02-01: 44, 2025-03-01: 45, 2025-04-01: 39, 2025-05-01: 43, 2025-06-01: 43, 2025-07-01: 48, 2025-08-01: 58, 2025-09-01: 57, 2025-10-01: 54, 2025-11-01: 52, 2025-12-01: 51, 2026-01-01: 55, 2026-02-01: 57, 2026-03-01: 61, 2026-04-01: 62, 2026-04-05: 77, 2026-04-12: 79"
"Supper app","A super-app is a mobile or web application that integrates multiple services such as payments, messaging, and various other functionalities within a single platform. These apps aim to provide a seamless user experience by consolidating various services, reducing the need for multiple applications. Super-apps are primarily targeted at users seeking convenience and efficiency in managing various daily tasks through a single interface.","business, technology, ecommerce, productivity, supply-chain, telecommunication","false","394%","590","Exploding","exponential","Seasonal","Average","Positive","growing","Past 5 years","https://signails.com/topics/supper-app","{""facebook"":701,""linkedin"":47,""twitter"":1,""pinterest"":22,""reddit"":15,""tiktok"":48,""youtube"":121}","2021-04-01: 14, 2021-05-01: 17, 2021-06-01: 16, 2021-07-01: 18, 2021-08-01: 16, 2021-09-01: 17, 2021-10-01: 18, 2021-11-01: 15, 2021-12-01: 17, 2022-01-01: 18, 2022-02-01: 19, 2022-03-01: 17, 2022-04-01: 20, 2022-05-01: 19, 2022-06-01: 19, 2022-07-01: 19, 2022-08-01: 22, 2022-09-01: 21, 2022-10-01: 20, 2022-11-01: 17, 2022-12-01: 19, 2023-01-01: 17, 2023-02-01: 26, 2023-03-01: 22, 2023-04-01: 19, 2023-05-01: 19, 2023-06-01: 22, 2023-07-01: 19, 2023-08-01: 19, 2023-09-01: 19, 2023-10-01: 16, 2023-11-01: 19, 2023-12-01: 21, 2024-01-01: 27, 2024-02-01: 21, 2024-03-01: 25, 2024-04-01: 21, 2024-05-01: 22, 2024-06-01: 21, 2024-07-01: 34, 2024-08-01: 24, 2024-09-01: 22, 2024-10-01: 17, 2024-11-01: 22, 2024-12-01: 26, 2025-01-01: 26, 2025-02-01: 28, 2025-03-01: 38, 2025-04-01: 58, 2025-05-01: 33, 2025-06-01: 29, 2025-07-01: 42, 2025-08-01: 98, 2025-09-01: 99, 2025-10-01: 82, 2025-11-01: 78, 2025-12-01: 81, 2026-01-01: 79, 2026-02-01: 96, 2026-03-01: 100, 2026-04-01: 84, 2026-04-05: 64, 2026-04-12: 61"
"Microshift","Lightweight Kubernetes container orchestration solution built from the edge capabilities of Red Hat OpenShift. It provides a streamlined and efficient way to manage containerized applications, particularly in edge computing environments, offering a compact and resource-efficient alternative to traditional Kubernetes distributions. Microshift is targeted at organizations and developers looking to deploy and manage containerized applications in resource-constrained edge environments.","business, technology, industry, manufacturing, supply-chain","true","63%","14800","Exploding","exponential","Non-seasonal","Low","Positive","declining","Past 5 years","https://signails.com/topics/microshift","{""facebook"":6690,""linkedin"":192,""twitter"":20,""pinterest"":665,""reddit"":8640,""tiktok"":264,""youtube"":988}","2021-04-01: 54, 2021-05-01: 48, 2021-06-01: 45, 2021-07-01: 41, 2021-08-01: 46, 2021-09-01: 37, 2021-10-01: 31, 2021-11-01: 28, 2021-12-01: 26, 2022-01-01: 40, 2022-02-01: 44, 2022-03-01: 54, 2022-04-01: 59, 2022-05-01: 57, 2022-06-01: 54, 2022-07-01: 53, 2022-08-01: 53, 2022-09-01: 49, 2022-10-01: 41, 2022-11-01: 38, 2022-12-01: 30, 2023-01-01: 37, 2023-02-01: 43, 2023-03-01: 48, 2023-04-01: 54, 2023-05-01: 60, 2023-06-01: 63, 2023-07-01: 74, 2023-08-01: 68, 2023-09-01: 59, 2023-10-01: 51, 2023-11-01: 45, 2023-12-01: 40, 2024-01-01: 42, 2024-02-01: 51, 2024-03-01: 58, 2024-04-01: 66, 2024-05-01: 71, 2024-06-01: 69, 2024-07-01: 65, 2024-08-01: 63, 2024-09-01: 57, 2024-10-01: 49, 2024-11-01: 46, 2024-12-01: 39, 2025-01-01: 47, 2025-02-01: 49, 2025-03-01: 60, 2025-04-01: 68, 2025-05-01: 73, 2025-06-01: 76, 2025-07-01: 75, 2025-08-01: 96, 2025-09-01: 100, 2025-10-01: 90, 2025-11-01: 73, 2025-12-01: 51, 2026-01-01: 47, 2026-02-01: 53, 2026-03-01: 73, 2026-04-01: 78, 2026-04-05: 72, 2026-04-12: 73"
"99 Bikes","Australia's largest bicycle retailer, part of the Flight Centre Travel Group, with a rapidly expanding network of stores. The company aims to operate 185 stores in 5 countries by 2035, positioning itself as the largest group of bike shops globally. 99 Bikes primarily serves cycling enthusiasts and commuters looking for a wide range of bicycles and related accessories.","business, lifestyle, retail, supply-chain","true","80%","165000","Exploding","exponential","Seasonal","Low","Positive","growing","Past 5 years","https://signails.com/topics/99-bikes","{""facebook"":4490,""linkedin"":334,""twitter"":1,""pinterest"":239,""reddit"":105,""tiktok"":70,""youtube"":279}","2021-04-01: 53, 2021-05-01: 50, 2021-06-01: 50, 2021-07-01: 62, 2021-08-01: 80, 2021-09-01: 87, 2021-10-01: 84, 2021-11-01: 79, 2021-12-01: 81, 2022-01-01: 69, 2022-02-01: 62, 2022-03-01: 51, 2022-04-01: 57, 2022-05-01: 42, 2022-06-01: 51, 2022-07-01: 44, 2022-08-01: 45, 2022-09-01: 52, 2022-10-01: 52, 2022-11-01: 57, 2022-12-01: 66, 2023-01-01: 63, 2023-02-01: 55, 2023-03-01: 51, 2023-04-01: 61, 2023-05-01: 43, 2023-06-01: 44, 2023-07-01: 46, 2023-08-01: 47, 2023-09-01: 47, 2023-10-01: 53, 2023-11-01: 61, 2023-12-01: 62, 2024-01-01: 57, 2024-02-01: 50, 2024-03-01: 53, 2024-04-01: 52, 2024-05-01: 49, 2024-06-01: 52, 2024-07-01: 50, 2024-08-01: 49, 2024-09-01: 55, 2024-10-01: 61, 2024-11-01: 63, 2024-12-01: 73, 2025-01-01: 58, 2025-02-01: 57, 2025-03-01: 53, 2025-04-01: 56, 2025-05-01: 50, 2025-06-01: 52, 2025-07-01: 54, 2025-08-01: 54, 2025-09-01: 54, 2025-10-01: 63, 2025-11-01: 89, 2025-12-01: 84, 2026-01-01: 69, 2026-02-01: 61, 2026-03-01: 67, 2026-04-01: 90, 2026-04-05: 81, 2026-04-12: 80"
"Yihua","Yihua Holding Group Co., Ltd is a company that develops, manufactures, and distributes electronic and electrical components. The company offers a wide range of products including plastic parts, stamping parts, connecting parts, painted parts, electroplated parts, and soldering and rework stations, distinguishing itself with a comprehensive portfolio of high-quality components and equipment. Yihua primarily serves industries requiring reliable electronic and electrical components, such as manufacturing, automotive, and consumer electronics sectors.","business, technology, industry, manufacturing, supply-chain","false","181%","5400","Exploding","exponential","Seasonal","Low","Neutral","declining","Past 5 years","https://signails.com/topics/yihua","{""facebook"":9280,""linkedin"":1800,""twitter"":120,""pinterest"":23200,""reddit"":2600,""tiktok"":594,""youtube"":4010}","2021-04-01: 31, 2021-05-01: 31, 2021-06-01: 31, 2021-07-01: 35, 2021-08-01: 29, 2021-09-01: 30, 2021-10-01: 26, 2021-11-01: 31, 2021-12-01: 32, 2022-01-01: 42, 2022-02-01: 42, 2022-03-01: 33, 2022-04-01: 33, 2022-05-01: 33, 2022-06-01: 33, 2022-07-01: 34, 2022-08-01: 35, 2022-09-01: 34, 2022-10-01: 36, 2022-11-01: 38, 2022-12-01: 39, 2023-01-01: 39, 2023-02-01: 42, 2023-03-01: 37, 2023-04-01: 37, 2023-05-01: 31, 2023-06-01: 32, 2023-07-01: 33, 2023-08-01: 33, 2023-09-01: 37, 2023-10-01: 39, 2023-11-01: 41, 2023-12-01: 44, 2024-01-01: 49, 2024-02-01: 44, 2024-03-01: 45, 2024-04-01: 44, 2024-05-01: 39, 2024-06-01: 38, 2024-07-01: 45, 2024-08-01: 44, 2024-09-01: 50, 2024-10-01: 47, 2024-11-01: 58, 2024-12-01: 60, 2025-01-01: 63, 2025-02-01: 55, 2025-03-01: 54, 2025-04-01: 49, 2025-05-01: 64, 2025-06-01: 56, 2025-07-01: 69, 2025-08-01: 90, 2025-09-01: 94, 2025-10-01: 87, 2025-11-01: 89, 2025-12-01: 83, 2026-01-01: 82, 2026-02-01: 95, 2026-03-01: 100, 2026-04-01: 87, 2026-04-05: 81, 2026-04-12: 81"
"Pimcore","Open-source platform offering a suite of tools for managing digital data and customer experiences. It features functionalities such as Product Information Management (PIM), Master Data Management (MDM), Customer Data Platform (CDP), Digital Asset Management (DAM), Content Management System (CMS), and eCommerce, known for its flexibility, scalability, and integration capabilities. Pimcore is ideal for businesses seeking a comprehensive, cost-effective solution to manage and optimize their digital assets and customer interactions.","business, technology, ecommerce, productivity, supply-chain, marketing","true","223%","12100","Exploding","constant","Seasonal","Low","Positive","stationary","Past 5 years","https://signails.com/topics/pimcore","{""facebook"":816,""linkedin"":2510,""twitter"":105,""pinterest"":152,""reddit"":276,""tiktok"":20,""youtube"":562}","2021-04-01: 31, 2021-05-01: 31, 2021-06-01: 32, 2021-07-01: 33, 2021-08-01: 30, 2021-09-01: 36, 2021-10-01: 34, 2021-11-01: 36, 2021-12-01: 31, 2022-01-01: 44, 2022-02-01: 55, 2022-03-01: 60, 2022-04-01: 51, 2022-05-01: 52, 2022-06-01: 54, 2022-07-01: 52, 2022-08-01: 56, 2022-09-01: 58, 2022-10-01: 63, 2022-11-01: 56, 2022-12-01: 45, 2023-01-01: 57, 2023-02-01: 61, 2023-03-01: 57, 2023-04-01: 50, 2023-05-01: 53, 2023-06-01: 60, 2023-07-01: 60, 2023-08-01: 57, 2023-09-01: 61, 2023-10-01: 62, 2023-11-01: 56, 2023-12-01: 52, 2024-01-01: 63, 2024-02-01: 72, 2024-03-01: 67, 2024-04-01: 65, 2024-05-01: 67, 2024-06-01: 61, 2024-07-01: 64, 2024-08-01: 53, 2024-09-01: 60, 2024-10-01: 59, 2024-11-01: 56, 2024-12-01: 47, 2025-01-01: 54, 2025-02-01: 72, 2025-03-01: 68, 2025-04-01: 61, 2025-05-01: 61, 2025-06-01: 56, 2025-07-01: 58, 2025-08-01: 82, 2025-09-01: 80, 2025-10-01: 70, 2025-11-01: 59, 2025-12-01: 48, 2026-01-01: 57, 2026-02-01: 76, 2026-03-01: 100, 2026-04-05: 55, 2026-04-12: 58"
"Alpha foods","Company that produces plant-based food products aimed at helping consumers maintain their health. Their offerings are made from non-dairy and genetically modified organism-free ingredients, providing cholesterol-free options with enhanced protein content, differentiating them from competitors. Alpha Foods primarily targets health-conscious consumers and those seeking plant-based dietary alternatives.","business, food-beverage, food, cpg, supply-chain","true","57.99999999999999%","12100","Exploding","exponential","Seasonal","Low","Positive","growing","Past 5 years","https://signails.com/topics/alpha-foods","{""facebook"":845,""linkedin"":124,""twitter"":14,""pinterest"":295,""reddit"":60,""tiktok"":33,""youtube"":118}","2021-04-01: 37, 2021-05-01: 43, 2021-06-01: 38, 2021-07-01: 40, 2021-08-01: 41, 2021-09-01: 41, 2021-10-01: 37, 2021-11-01: 35, 2021-12-01: 29, 2022-01-01: 44, 2022-02-01: 49, 2022-03-01: 44, 2022-04-01: 41, 2022-05-01: 40, 2022-06-01: 37, 2022-07-01: 36, 2022-08-01: 35, 2022-09-01: 35, 2022-10-01: 33, 2022-11-01: 40, 2022-12-01: 35, 2023-01-01: 42, 2023-02-01: 43, 2023-03-01: 45, 2023-04-01: 44, 2023-05-01: 41, 2023-06-01: 37, 2023-07-01: 40, 2023-08-01: 38, 2023-09-01: 37, 2023-10-01: 40, 2023-11-01: 40, 2023-12-01: 28, 2024-01-01: 36, 2024-02-01: 41, 2024-03-01: 37, 2024-04-01: 38, 2024-05-01: 33, 2024-06-01: 35, 2024-07-01: 35, 2024-08-01: 35, 2024-09-01: 40, 2024-10-01: 33, 2024-11-01: 35, 2024-12-01: 30, 2025-01-01: 35, 2025-02-01: 37, 2025-03-01: 37, 2025-04-01: 34, 2025-05-01: 35, 2025-06-01: 36, 2025-07-01: 42, 2025-08-01: 84, 2025-09-01: 85, 2025-10-01: 77, 2025-11-01: 84, 2025-12-01: 72, 2026-01-01: 75, 2026-02-01: 100, 2026-03-01: 91, 2026-04-01: 68, 2026-04-05: 65, 2026-04-12: 67"
"Exynos","A series of ARM-based System on Chips (SoCs) developed by Samsung Electronics, used in various mobile devices like smartphones and tablets. These processors are known for their high performance, energy efficiency, and advanced graphics capabilities, often competing with Qualcomm's Snapdragon and Apple's A-series chips. Exynos processors are primarily targeted at users seeking high-performance mobile devices with efficient power consumption and advanced features.","business, technology, productivity, telecommunication, supply-chain","false","60%","33100","Exploding","exponential","Seasonal","Average","Neutral","growing","Past 5 years","https://signails.com/topics/exynos","{""facebook"":115000,""linkedin"":863,""twitter"":1630,""pinterest"":2250,""reddit"":52500,""tiktok"":3490,""youtube"":15400}","2021-04-01: 45, 2021-05-01: 48, 2021-06-01: 48, 2021-07-01: 47, 2021-08-01: 42, 2021-09-01: 35, 2021-10-01: 38, 2021-11-01: 32, 2021-12-01: 30, 2022-01-01: 55, 2022-02-01: 57, 2022-03-01: 58, 2022-04-01: 54, 2022-05-01: 50, 2022-06-01: 46, 2022-07-01: 46, 2022-08-01: 43, 2022-09-01: 47, 2022-10-01: 44, 2022-11-01: 40, 2022-12-01: 41, 2023-01-01: 43, 2023-02-01: 42, 2023-03-01: 53, 2023-04-01: 48, 2023-05-01: 51, 2023-06-01: 53, 2023-07-01: 59, 2023-08-01: 55, 2023-09-01: 49, 2023-10-01: 71, 2023-11-01: 56, 2023-12-01: 58, 2024-01-01: 84, 2024-02-01: 55, 2024-03-01: 71, 2024-04-01: 55, 2024-05-01: 58, 2024-06-01: 52, 2024-07-01: 56, 2024-08-01: 57, 2024-09-01: 61, 2024-10-01: 63, 2024-11-01: 54, 2024-12-01: 52, 2025-01-01: 48, 2025-02-01: 43, 2025-03-01: 51, 2025-04-01: 49, 2025-05-01: 49, 2025-06-01: 42, 2025-07-01: 56, 2025-08-01: 74, 2025-09-01: 100, 2025-10-01: 79, 2025-11-01: 77, 2025-12-01: 76, 2026-01-01: 63, 2026-02-01: 71, 2026-03-01: 72, 2026-04-05: 48, 2026-04-12: 46"
"Sales Outsourcing","Sales outsourcing involves hiring a third-party service or team to manage sales activities for a company. This approach allows businesses to leverage external expertise for tasks such as cold calling, lead qualification, and other sales processes, potentially improving efficiency and effectiveness. Sales outsourcing is particularly beneficial for companies looking to scale their sales operations without the overhead of hiring and training an in-house team.","business, technology, industry, productivity, manufacturing, supply-chain","false","231%","4400","Exploding","exponential","Seasonal","Average","Positive","growing","Past 5 years","https://signails.com/topics/sales-outsourcing","{""facebook"":291,""linkedin"":911,""twitter"":16,""pinterest"":144,""reddit"":17,""tiktok"":53,""youtube"":160}","2021-04-01: 16, 2021-05-01: 16, 2021-06-01: 15, 2021-07-01: 14, 2021-08-01: 13, 2021-09-01: 17, 2021-10-01: 19, 2021-11-01: 16, 2021-12-01: 12, 2022-01-01: 13, 2022-02-01: 15, 2022-03-01: 19, 2022-04-01: 17, 2022-05-01: 15, 2022-06-01: 15, 2022-07-01: 16, 2022-08-01: 14, 2022-09-01: 17, 2022-10-01: 16, 2022-11-01: 17, 2022-12-01: 16, 2023-01-01: 17, 2023-02-01: 17, 2023-03-01: 16, 2023-04-01: 16, 2023-05-01: 18, 2023-06-01: 18, 2023-07-01: 17, 2023-08-01: 20, 2023-09-01: 24, 2023-10-01: 23, 2023-11-01: 21, 2023-12-01: 19, 2024-01-01: 20, 2024-02-01: 25, 2024-03-01: 24, 2024-04-01: 22, 2024-05-01: 18, 2024-06-01: 19, 2024-07-01: 19, 2024-08-01: 20, 2024-09-01: 21, 2024-10-01: 19, 2024-11-01: 19, 2024-12-01: 14, 2025-01-01: 15, 2025-02-01: 28, 2025-03-01: 25, 2025-04-01: 36, 2025-05-01: 35, 2025-06-01: 50, 2025-07-01: 43, 2025-08-01: 81, 2025-09-01: 87, 2025-10-01: 71, 2025-11-01: 67, 2025-12-01: 71, 2026-01-01: 72, 2026-02-01: 100, 2026-03-01: 90, 2026-04-01: 53, 2026-04-05: 55, 2026-04-12: 52"
"Desert evolution","The process involves the formation of deserts through weathering and erosion. Large temperature variations between day and night cause rocks to break into pieces, while occasional downpours can lead to flash floods that further shape the landscape. This phenomenon primarily affects arid regions and is of interest to geologists and environmental scientists studying climate and landform changes.","business, health, industry, retail, supply-chain, manufacturing","false","321%","30","Exploding","exponential","Seasonal","Average","Neutral","growing","Past 5 years","https://signails.com/topics/desert-evolution","{""facebook"":15,""linkedin"":19,""twitter"":27,""pinterest"":14,""reddit"":1,""tiktok"":14,""youtube"":48}","2021-04-01: 14, 2021-05-01: 14, 2021-06-01: 10, 2021-07-01: 9, 2021-08-01: 14, 2021-09-01: 9, 2021-10-01: 10, 2021-11-01: 9, 2021-12-01: 9, 2022-01-01: 14, 2022-02-01: 15, 2022-03-01: 22, 2022-04-01: 21, 2022-05-01: 22, 2022-06-01: 15, 2022-07-01: 13, 2022-08-01: 12, 2022-09-01: 16, 2022-10-01: 16, 2022-11-01: 23, 2022-12-01: 19, 2023-01-01: 19, 2023-02-01: 22, 2023-03-01: 23, 2023-04-01: 25, 2023-05-01: 20, 2023-06-01: 16, 2023-07-01: 10, 2023-08-01: 12, 2023-09-01: 13, 2023-10-01: 17, 2023-11-01: 17, 2023-12-01: 15, 2024-01-01: 15, 2024-02-01: 23, 2024-03-01: 24, 2024-04-01: 28, 2024-05-01: 22, 2024-06-01: 14, 2024-07-01: 12, 2024-08-01: 13, 2024-09-01: 17, 2024-10-01: 19, 2024-11-01: 20, 2024-12-01: 17, 2025-01-01: 17, 2025-02-01: 20, 2025-03-01: 25, 2025-04-01: 30, 2025-05-01: 23, 2025-06-01: 17, 2025-07-01: 21, 2025-08-01: 32, 2025-09-01: 38, 2025-10-01: 38, 2025-11-01: 36, 2025-12-01: 41, 2026-01-01: 43, 2026-02-01: 100, 2026-03-01: 73, 2026-04-01: 59, 2026-04-05: 66, 2026-04-12: 71"
"Corner protector","Devices designed to safeguard the edges and corners of objects from damage, commonly used in shipping, packaging, and industrial applications. Corner protectors come in various types, including V-Boards, flexible corner protectors, steel protectors, cardboard edge boards, friction pads, and wear sleeves, each serving specific protective functions. These protectors are essential for businesses and individuals looking to prevent damage and ensure the safety of goods and materials during handling and transportation.","business, home, industry, retail, supply-chain, construction","false","143%","18100","Exploding","exponential","Non-seasonal","Low","Positive","growing","Past 5 years","https://signails.com/topics/corner-protector","{""facebook"":5150,""linkedin"":63,""twitter"":1,""pinterest"":4950,""reddit"":49,""tiktok"":1960,""youtube"":1080}","2021-04-01: 21, 2021-05-01: 20, 2021-06-01: 23, 2021-07-01: 23, 2021-08-01: 25, 2021-09-01: 23, 2021-10-01: 23, 2021-11-01: 24, 2021-12-01: 21, 2022-01-01: 24, 2022-02-01: 24, 2022-03-01: 23, 2022-04-01: 24, 2022-05-01: 22, 2022-06-01: 24, 2022-07-01: 25, 2022-08-01: 27, 2022-09-01: 26, 2022-10-01: 26, 2022-11-01: 24, 2022-12-01: 22, 2023-01-01: 26, 2023-02-01: 25, 2023-03-01: 25, 2023-04-01: 25, 2023-05-01: 26, 2023-06-01: 32, 2023-07-01: 29, 2023-08-01: 29, 2023-09-01: 28, 2023-10-01: 29, 2023-11-01: 28, 2023-12-01: 28, 2024-01-01: 28, 2024-02-01: 29, 2024-03-01: 28, 2024-04-01: 29, 2024-05-01: 30, 2024-06-01: 30, 2024-07-01: 31, 2024-08-01: 32, 2024-09-01: 31, 2024-10-01: 33, 2024-11-01: 37, 2024-12-01: 33, 2025-01-01: 34, 2025-02-01: 34, 2025-03-01: 37, 2025-04-01: 35, 2025-05-01: 38, 2025-06-01: 42, 2025-07-01: 71, 2025-08-01: 59, 2025-09-01: 58, 2025-10-01: 50, 2025-11-01: 48, 2025-12-01: 45, 2026-01-01: 42, 2026-02-01: 100, 2026-03-01: 51, 2026-04-05: 52, 2026-04-12: 40"
"vitalchek","Service that partners with over 500 government agencies nationwide to provide authorized ordering services for vital records such as birth certificates. It has been in operation for over 35 years and processes more than 2 million vital record orders annually, offering a safe, easy, secure, and fast way to order official documents online. The service primarily benefits individuals needing to obtain official vital records quickly and securely.","business, technology, productivity, supply-chain","false","11%","74000","Exploding","exponential","Seasonal","Low","Neutral","stationary","Past 5 years","https://signails.com/topics/vitalchek","{""facebook"":95,""linkedin"":294,""twitter"":20,""pinterest"":32,""reddit"":566,""tiktok"":30,""youtube"":69}","2021-04-01: 74, 2021-05-01: 66, 2021-06-01: 62, 2021-07-01: 67, 2021-08-01: 65, 2021-09-01: 59, 2021-10-01: 54, 2021-11-01: 45, 2021-12-01: 47, 2022-01-01: 56, 2022-02-01: 61, 2022-03-01: 70, 2022-04-01: 59, 2022-05-01: 54, 2022-06-01: 53, 2022-07-01: 64, 2022-08-01: 65, 2022-09-01: 55, 2022-10-01: 52, 2022-11-01: 44, 2022-12-01: 42, 2023-01-01: 61, 2023-02-01: 61, 2023-03-01: 65, 2023-04-01: 53, 2023-05-01: 55, 2023-06-01: 59, 2023-07-01: 59, 2023-08-01: 59, 2023-09-01: 53, 2023-10-01: 50, 2023-11-01: 42, 2023-12-01: 35, 2024-01-01: 44, 2024-02-01: 54, 2024-03-01: 56, 2024-04-01: 53, 2024-05-01: 53, 2024-06-01: 49, 2024-07-01: 53, 2024-08-01: 53, 2024-09-01: 49, 2024-10-01: 45, 2024-11-01: 44, 2024-12-01: 43, 2025-01-01: 65, 2025-02-01: 73, 2025-03-01: 89, 2025-04-01: 95, 2025-05-01: 90, 2025-06-01: 77, 2025-07-01: 80, 2025-08-01: 84, 2025-09-01: 81, 2025-10-01: 72, 2025-11-01: 61, 2025-12-01: 71, 2026-01-01: 74, 2026-02-01: 89, 2026-03-01: 100, 2026-04-01: 73, 2026-04-05: 63, 2026-04-12: 63"
"Curbside Waste","A company that provides commercial and residential waste collection services in the greater Minneapolis area. They offer a variety of container sizes and services including weekly trash, recycling, and yard waste disposal, differentiating themselves with comprehensive waste management solutions. The target demographic includes both residential homeowners and commercial businesses seeking reliable waste disposal services.","business, industry, supply-chain, manufacturing","true","52%","1300","Exploding","exponential","Seasonal","Average","Positive","growing","Past 5 years","https://signails.com/topics/curbside-waste","{""facebook"":740,""linkedin"":71,""twitter"":5,""pinterest"":9,""reddit"":9,""tiktok"":3,""youtube"":61}","2021-04-01: 53, 2021-05-01: 52, 2021-06-01: 42, 2021-07-01: 48, 2021-08-01: 41, 2021-09-01: 41, 2021-10-01: 33, 2021-11-01: 51, 2021-12-01: 40, 2022-01-01: 50, 2022-02-01: 35, 2022-03-01: 42, 2022-04-01: 49, 2022-05-01: 45, 2022-06-01: 51, 2022-07-01: 48, 2022-08-01: 41, 2022-09-01: 47, 2022-10-01: 41, 2022-11-01: 41, 2022-12-01: 42, 2023-01-01: 48, 2023-02-01: 46, 2023-03-01: 40, 2023-04-01: 55, 2023-05-01: 53, 2023-06-01: 48, 2023-07-01: 47, 2023-08-01: 41, 2023-09-01: 47, 2023-10-01: 40, 2023-11-01: 51, 2023-12-01: 50, 2024-01-01: 55, 2024-02-01: 48, 2024-03-01: 63, 2024-04-01: 62, 2024-05-01: 55, 2024-06-01: 43, 2024-07-01: 47, 2024-08-01: 53, 2024-09-01: 49, 2024-10-01: 51, 2024-11-01: 54, 2024-12-01: 60, 2025-01-01: 60, 2025-02-01: 45, 2025-03-01: 53, 2025-04-01: 66, 2025-05-01: 69, 2025-06-01: 64, 2025-07-01: 73, 2025-08-01: 83, 2025-09-01: 84, 2025-10-01: 69, 2025-11-01: 90, 2025-12-01: 94, 2026-01-01: 93, 2026-02-01: 83, 2026-03-01: 100, 2026-04-01: 79, 2026-04-05: 70, 2026-04-12: 80"
"Refrigerator truck","A vehicle designed to transport perishable goods at specific temperatures. It is equipped with a refrigeration unit to maintain the desired temperature inside the cargo area and is commonly used for transporting food, pharmaceuticals, and other temperature-sensitive products. This type of truck is essential for industries that require strict temperature control to ensure the quality and safety of their products during transit.","business, food-beverage, industry, supply-chain, manufacturing, food","false","133%","12100","Exploding","exponential","Seasonal","Low","Positive","growing","Past 5 years","https://signails.com/topics/refrigerator-truck","{""facebook"":3900,""linkedin"":70,""twitter"":14,""pinterest"":424,""reddit"":16,""tiktok"":97,""youtube"":393}","2021-04-01: 33, 2021-05-01: 43, 2021-06-01: 38, 2021-07-01: 43, 2021-08-01: 39, 2021-09-01: 37, 2021-10-01: 32, 2021-11-01: 36, 2021-12-01: 31, 2022-01-01: 32, 2022-02-01: 33, 2022-03-01: 34, 2022-04-01: 40, 2022-05-01: 40, 2022-06-01: 42, 2022-07-01: 41, 2022-08-01: 36, 2022-09-01: 39, 2022-10-01: 32, 2022-11-01: 29, 2022-12-01: 28, 2023-01-01: 29, 2023-02-01: 27, 2023-03-01: 33, 2023-04-01: 33, 2023-05-01: 35, 2023-06-01: 37, 2023-07-01: 38, 2023-08-01: 34, 2023-09-01: 32, 2023-10-01: 27, 2023-11-01: 29, 2023-12-01: 25, 2024-01-01: 28, 2024-02-01: 32, 2024-03-01: 30, 2024-04-01: 33, 2024-05-01: 35, 2024-06-01: 36, 2024-07-01: 40, 2024-08-01: 36, 2024-09-01: 34, 2024-10-01: 33, 2024-11-01: 37, 2024-12-01: 33, 2025-01-01: 33, 2025-02-01: 32, 2025-03-01: 35, 2025-04-01: 36, 2025-05-01: 44, 2025-06-01: 46, 2025-07-01: 61, 2025-08-01: 84, 2025-09-01: 76, 2025-10-01: 58, 2025-11-01: 71, 2025-12-01: 63, 2026-01-01: 59, 2026-02-01: 96, 2026-03-01: 90, 2026-04-01: 100, 2026-04-05: 88, 2026-04-12: 95"
"Coupa","Coupa Software is a technology platform specializing in Business Spend Management. It offers an AI-driven cloud-based platform designed to manage various business needs, including procurement, supply chain, and finance, differentiating itself with comprehensive, integrated solutions that enhance operational efficiency. The platform primarily targets enterprises and organizations seeking to optimize their spend management processes and improve financial performance.","business, technology, finance, ai, supply-chain, investing","true","81%","165000","Exploding","exponential","Seasonal","Low","Positive","declining","Past 5 years","https://signails.com/topics/coupa","{""facebook"":12800,""linkedin"":15200,""twitter"":246,""pinterest"":469,""reddit"":1220,""tiktok"":350,""youtube"":1710}","2021-04-01: 37, 2021-05-01: 37, 2021-06-01: 47, 2021-07-01: 43, 2021-08-01: 38, 2021-09-01: 42, 2021-10-01: 40, 2021-11-01: 45, 2021-12-01: 45, 2022-01-01: 44, 2022-02-01: 49, 2022-03-01: 54, 2022-04-01: 51, 2022-05-01: 56, 2022-06-01: 61, 2022-07-01: 57, 2022-08-01: 59, 2022-09-01: 61, 2022-10-01: 58, 2022-11-01: 60, 2022-12-01: 65, 2023-01-01: 54, 2023-02-01: 60, 2023-03-01: 57, 2023-04-01: 49, 2023-05-01: 55, 2023-06-01: 56, 2023-07-01: 53, 2023-08-01: 53, 2023-09-01: 54, 2023-10-01: 58, 2023-11-01: 55, 2023-12-01: 46, 2024-01-01: 61, 2024-02-01: 66, 2024-03-01: 62, 2024-04-01: 65, 2024-05-01: 64, 2024-06-01: 67, 2024-07-01: 72, 2024-08-01: 65, 2024-09-01: 66, 2024-10-01: 68, 2024-11-01: 62, 2024-12-01: 62, 2025-01-01: 71, 2025-02-01: 76, 2025-03-01: 73, 2025-04-01: 80, 2025-05-01: 77, 2025-06-01: 100, 2025-07-01: 82, 2025-08-01: 96, 2025-09-01: 100, 2025-10-01: 97, 2025-11-01: 82, 2025-12-01: 77, 2026-01-01: 85, 2026-02-01: 92, 2026-03-01: 91, 2026-04-01: 67, 2026-04-05: 52, 2026-04-12: 57"
"Brave robot","Brand that produces vegan ice cream, ice cream sandwiches, and cake mix using synthesized milk proteins from Perfect Day. Their products are animal-free and lactose-free, offering a dairy-like experience without the use of animal products, which differentiates them from traditional dairy and other vegan alternatives. Brave Robot primarily targets consumers seeking plant-based, lactose-free, and environmentally friendly dessert options.","business, technology, food-beverage, food, cpg, supply-chain","true","0%","320","Falling","exponential","Non-seasonal","Average","Positive","growing","Past 5 years","https://signails.com/topics/brave-robot","{""facebook"":276,""linkedin"":14,""twitter"":14,""pinterest"":85,""reddit"":122,""tiktok"":49,""youtube"":213}","2021-04-01: 49, 2021-05-01: 63, 2021-06-01: 100, 2021-07-01: 78, 2021-08-01: 64, 2021-09-01: 38, 2021-10-01: 28, 2021-11-01: 25, 2021-12-01: 22, 2022-01-01: 31, 2022-02-01: 27, 2022-03-01: 33, 2022-04-01: 35, 2022-05-01: 40, 2022-06-01: 44, 2022-07-01: 59, 2022-08-01: 42, 2022-09-01: 30, 2022-10-01: 25, 2022-11-01: 27, 2022-12-01: 23, 2023-01-01: 28, 2023-02-01: 27, 2023-03-01: 28, 2023-04-01: 20, 2023-05-01: 16, 2023-06-01: 18, 2023-07-01: 21, 2023-08-01: 20, 2023-09-01: 17, 2023-10-01: 19, 2023-11-01: 17, 2023-12-01: 18, 2024-01-01: 18, 2024-02-01: 23, 2024-03-01: 23, 2024-04-01: 24, 2024-05-01: 23, 2024-06-01: 18, 2024-07-01: 21, 2024-08-01: 20, 2024-09-01: 24, 2024-10-01: 30, 2024-11-01: 30, 2024-12-01: 30, 2025-01-01: 32, 2025-02-01: 48, 2025-03-01: 31, 2025-04-01: 29, 2025-05-01: 32, 2025-06-01: 31, 2025-07-01: 30, 2025-08-01: 55, 2025-09-01: 52, 2025-10-01: 41, 2025-11-01: 47, 2025-12-01: 50, 2026-01-01: 44, 2026-02-01: 64, 2026-03-01: 49, 2026-04-05: 45, 2026-04-12: 46"
"planar","The term 'planar' refers to anything related to or lying in a plane, often implying a two-dimensional quality. It is commonly used in fields such as mathematics, physics, engineering, and audio technology to describe flat surfaces or structures. The concept of 'planar' is particularly relevant to professionals and students in these technical and scientific disciplines.","business, technology, productivity, supply-chain","true","169%","27100","Exploding","exponential","Seasonal","Average","Positive","growing","Past 5 years","https://signails.com/topics/planar","{""facebook"":170000,""linkedin"":5130,""twitter"":1130,""pinterest"":25900,""reddit"":45200,""tiktok"":5360,""youtube"":34800}","2021-04-01: 23, 2021-05-01: 21, 2021-06-01: 19, 2021-07-01: 19, 2021-08-01: 19, 2021-09-01: 19, 2021-10-01: 22, 2021-11-01: 25, 2021-12-01: 22, 2022-01-01: 27, 2022-02-01: 28, 2022-03-01: 28, 2022-04-01: 27, 2022-05-01: 24, 2022-06-01: 22, 2022-07-01: 20, 2022-08-01: 19, 2022-09-01: 24, 2022-10-01: 25, 2022-11-01: 27, 2022-12-01: 26, 2023-01-01: 23, 2023-02-01: 28, 2023-03-01: 24, 2023-04-01: 24, 2023-05-01: 24, 2023-06-01: 20, 2023-07-01: 21, 2023-08-01: 23, 2023-09-01: 28, 2023-10-01: 30, 2023-11-01: 29, 2023-12-01: 29, 2024-01-01: 27, 2024-02-01: 30, 2024-03-01: 29, 2024-04-01: 28, 2024-05-01: 26, 2024-06-01: 24, 2024-07-01: 21, 2024-08-01: 22, 2024-09-01: 26, 2024-10-01: 30, 2024-11-01: 31, 2024-12-01: 29, 2025-01-01: 28, 2025-02-01: 29, 2025-03-01: 28, 2025-04-01: 27, 2025-05-01: 25, 2025-06-01: 26, 2025-07-01: 25, 2025-08-01: 37, 2025-09-01: 43, 2025-10-01: 46, 2025-11-01: 46, 2025-12-01: 50, 2026-01-01: 61, 2026-02-01: 75, 2026-03-01: 86, 2026-04-01: 55, 2026-04-05: 72, 2026-04-12: 70"
"Gti plug","The spark plugs used in Volkswagen GTI models are essential components of the vehicle's ignition system. These spark plugs are designed to provide reliable ignition and efficient combustion, with different model years requiring specific types, such as the factory spark plug 06K905601K for the 2019 GTI. The target demographic for these spark plugs includes Volkswagen GTI owners and automotive technicians seeking to maintain or enhance the performance of their vehicles.","business, technology, software, productivity, supply-chain","true","74%","110","Exploding","exponential","Seasonal","Average","Neutral","growing","Past 5 years","https://signails.com/topics/gti-plug","{""facebook"":89,""linkedin"":15,""twitter"":0,""pinterest"":19,""reddit"":1,""tiktok"":14,""youtube"":20}","2021-04-01: 33, 2021-05-01: 34, 2021-06-01: 32, 2021-07-01: 28, 2021-08-01: 33, 2021-09-01: 32, 2021-10-01: 27, 2021-11-01: 30, 2021-12-01: 24, 2022-01-01: 31, 2022-02-01: 29, 2022-03-01: 34, 2022-04-01: 34, 2022-05-01: 31, 2022-06-01: 33, 2022-07-01: 32, 2022-08-01: 31, 2022-09-01: 32, 2022-10-01: 26, 2022-11-01: 22, 2022-12-01: 24, 2023-01-01: 27, 2023-02-01: 30, 2023-03-01: 30, 2023-04-01: 33, 2023-05-01: 29, 2023-06-01: 36, 2023-07-01: 43, 2023-08-01: 33, 2023-09-01: 31, 2023-10-01: 28, 2023-11-01: 32, 2023-12-01: 25, 2024-01-01: 29, 2024-02-01: 32, 2024-03-01: 36, 2024-04-01: 33, 2024-05-01: 37, 2024-06-01: 35, 2024-07-01: 41, 2024-08-01: 39, 2024-09-01: 38, 2024-10-01: 31, 2024-11-01: 30, 2024-12-01: 35, 2025-01-01: 32, 2025-02-01: 34, 2025-03-01: 47, 2025-04-01: 35, 2025-05-01: 39, 2025-06-01: 48, 2025-07-01: 47, 2025-08-01: 64, 2025-09-01: 59, 2025-10-01: 51, 2025-11-01: 50, 2025-12-01: 42, 2026-01-01: 44, 2026-02-01: 65, 2026-03-01: 57, 2026-04-01: 59, 2026-04-05: 77, 2026-04-12: 75"
"Roadie","Logistics management and crowdsourced delivery platform founded in 2014, now a part of UPS. Roadie provides businesses with fast, flexible, and asset-light logistics solutions for last-mile delivery, differentiating itself through its crowdsourced delivery model that leverages a network of drivers. The platform primarily targets businesses seeking efficient and scalable delivery options to enhance their logistics operations.","business, technology, industry, supply-chain, productivity","true","153%","246000","Exploding","exponential","Seasonal","Average","Neutral","stationary","Past 5 years","https://signails.com/topics/roadie","{""facebook"":65000,""linkedin"":2230,""twitter"":1600,""pinterest"":12800,""reddit"":47200,""tiktok"":4870,""youtube"":19200}","2021-04-01: 30, 2021-05-01: 34, 2021-06-01: 38, 2021-07-01: 35, 2021-08-01: 33, 2021-09-01: 31, 2021-10-01: 30, 2021-11-01: 33, 2021-12-01: 37, 2022-01-01: 37, 2022-02-01: 30, 2022-03-01: 27, 2022-04-01: 31, 2022-05-01: 35, 2022-06-01: 35, 2022-07-01: 39, 2022-08-01: 37, 2022-09-01: 31, 2022-10-01: 29, 2022-11-01: 36, 2022-12-01: 41, 2023-01-01: 35, 2023-02-01: 37, 2023-03-01: 33, 2023-04-01: 38, 2023-05-01: 38, 2023-06-01: 49, 2023-07-01: 53, 2023-08-01: 38, 2023-09-01: 37, 2023-10-01: 32, 2023-11-01: 37, 2023-12-01: 38, 2024-01-01: 33, 2024-02-01: 35, 2024-03-01: 33, 2024-04-01: 35, 2024-05-01: 41, 2024-06-01: 57, 2024-07-01: 59, 2024-08-01: 54, 2024-09-01: 42, 2024-10-01: 38, 2024-11-01: 54, 2024-12-01: 61, 2025-01-01: 47, 2025-02-01: 48, 2025-03-01: 48, 2025-04-01: 74, 2025-05-01: 83, 2025-06-01: 82, 2025-07-01: 88, 2025-08-01: 92, 2025-09-01: 68, 2025-10-01: 63, 2025-11-01: 83, 2025-12-01: 92, 2026-01-01: 68, 2026-02-01: 100, 2026-03-01: 91, 2026-04-01: 86, 2026-03-29: 57, 2026-04-05: 54, 2026-04-12: 52"
"extra space","Extra Space Storage is a company that provides self-storage solutions for personal, business, and vehicle storage needs. The company differentiates itself by offering a wide range of unit sizes, climate-controlled options, and advanced security features, ensuring the safety and accessibility of stored items. Extra Space Storage primarily serves individuals and businesses looking for secure and convenient storage solutions.","business, industry, retail, real-estate, supply-chain","false","75%","33100","Exploding","exponential","Seasonal","Low","Positive","growing","Past 5 years","https://signails.com/topics/extra-space","{""facebook"":103000,""linkedin"":6860,""twitter"":520,""pinterest"":68100,""reddit"":2810,""tiktok"":2140,""youtube"":6450}","2021-04-01: 54, 2021-05-01: 57, 2021-06-01: 58, 2021-07-01: 60, 2021-08-01: 56, 2021-09-01: 54, 2021-10-01: 57, 2021-11-01: 56, 2021-12-01: 56, 2022-01-01: 50, 2022-02-01: 53, 2022-03-01: 54, 2022-04-01: 59, 2022-05-01: 59, 2022-06-01: 60, 2022-07-01: 62, 2022-08-01: 59, 2022-09-01: 55, 2022-10-01: 56, 2022-11-01: 50, 2022-12-01: 52, 2023-01-01: 53, 2023-02-01: 53, 2023-03-01: 55, 2023-04-01: 54, 2023-05-01: 57, 2023-06-01: 58, 2023-07-01: 56, 2023-08-01: 62, 2023-09-01: 60, 2023-10-01: 56, 2023-11-01: 56, 2023-12-01: 56, 2024-01-01: 61, 2024-02-01: 63, 2024-03-01: 64, 2024-04-01: 66, 2024-05-01: 66, 2024-06-01: 65, 2024-07-01: 69, 2024-08-01: 70, 2024-09-01: 67, 2024-10-01: 68, 2024-11-01: 67, 2024-12-01: 70, 2025-01-01: 73, 2025-02-01: 71, 2025-03-01: 72, 2025-04-01: 75, 2025-05-01: 79, 2025-06-01: 76, 2025-07-01: 81, 2025-08-01: 91, 2025-09-01: 88, 2025-10-01: 87, 2025-11-01: 90, 2025-12-01: 87, 2026-01-01: 86, 2026-02-01: 96, 2026-03-01: 94, 2026-04-01: 100, 2026-04-05: 98, 2026-04-12: 99"
"Surge protector","Device designed to protect electrical appliances from voltage spikes by absorbing excess voltage and diverting the excess current to the ground. Surge protectors typically use a component called a metal oxide varistor (MOV) to achieve this, thereby preventing damage to connected devices. They are essential for individuals and businesses looking to safeguard their electronic equipment from power surges and electrical anomalies.","business, technology, home, retail, productivity, supply-chain","false","82%","201000","Exploding","exponential","Seasonal","Average","Positive","stationary","Past 5 years","https://signails.com/topics/surge-protector","{""facebook"":53600,""linkedin"":740,""twitter"":166,""pinterest"":18900,""reddit"":7140,""tiktok"":9320,""youtube"":8140}","2021-04-01: 50, 2021-05-01: 50, 2021-06-01: 54, 2021-07-01: 59, 2021-08-01: 58, 2021-09-01: 49, 2021-10-01: 47, 2021-11-01: 51, 2021-12-01: 53, 2022-01-01: 52, 2022-02-01: 49, 2022-03-01: 47, 2022-04-01: 50, 2022-05-01: 48, 2022-06-01: 52, 2022-07-01: 60, 2022-08-01: 56, 2022-09-01: 49, 2022-10-01: 46, 2022-11-01: 48, 2022-12-01: 49, 2023-01-01: 51, 2023-02-01: 47, 2023-03-01: 45, 2023-04-01: 44, 2023-05-01: 47, 2023-06-01: 54, 2023-07-01: 59, 2023-08-01: 57, 2023-09-01: 48, 2023-10-01: 44, 2023-11-01: 49, 2023-12-01: 49, 2024-01-01: 54, 2024-02-01: 47, 2024-03-01: 45, 2024-04-01: 46, 2024-05-01: 52, 2024-06-01: 55, 2024-07-01: 59, 2024-08-01: 62, 2024-09-01: 53, 2024-10-01: 52, 2024-11-01: 51, 2024-12-01: 59, 2025-01-01: 62, 2025-02-01: 53, 2025-03-01: 54, 2025-04-01: 54, 2025-05-01: 57, 2025-06-01: 69, 2025-07-01: 77, 2025-08-01: 100, 2025-09-01: 84, 2025-10-01: 83, 2025-11-01: 86, 2025-12-01: 79, 2026-01-01: 74, 2026-02-01: 81, 2026-03-01: 85, 2026-04-01: 91, 2026-04-05: 90, 2026-04-12: 92"
"Octopart","Search engine for electronic and industrial parts, headquartered in New York, NY. It aggregates parts from various distributors and manufacturers, simplifying the process of searching for and purchasing these parts online, thus providing a comprehensive database for electronic components. Octopart primarily serves engineers, procurement professionals, and hobbyists looking for efficient and reliable sourcing of electronic parts.","business, technology, industry, productivity, supply-chain, manufacturing","true","-23%","90500","Falling","exponential","Seasonal","Low","Positive","growing","Past 5 years","https://signails.com/topics/octopart","{""facebook"":284,""linkedin"":330,""twitter"":17,""pinterest"":1,""reddit"":149,""tiktok"":15,""youtube"":104}","2021-04-01: 62, 2021-05-01: 64, 2021-06-01: 69, 2021-07-01: 66, 2021-08-01: 62, 2021-09-01: 76, 2021-10-01: 78, 2021-11-01: 80, 2021-12-01: 68, 2022-01-01: 81, 2022-02-01: 100, 2022-03-01: 98, 2022-04-01: 91, 2022-05-01: 88, 2022-06-01: 91, 2022-07-01: 83, 2022-08-01: 80, 2022-09-01: 83, 2022-10-01: 72, 2022-11-01: 72, 2022-12-01: 58, 2023-01-01: 71, 2023-02-01: 75, 2023-03-01: 71, 2023-04-01: 56, 2023-05-01: 56, 2023-06-01: 58, 2023-07-01: 52, 2023-08-01: 46, 2023-09-01: 49, 2023-10-01: 45, 2023-11-01: 44, 2023-12-01: 40, 2024-01-01: 49, 2024-02-01: 56, 2024-03-01: 48, 2024-04-01: 48, 2024-05-01: 47, 2024-06-01: 44, 2024-07-01: 47, 2024-08-01: 43, 2024-09-01: 46, 2024-10-01: 51, 2024-11-01: 48, 2024-12-01: 42, 2025-01-01: 53, 2025-02-01: 62, 2025-03-01: 53, 2025-04-01: 52, 2025-05-01: 53, 2025-06-01: 52, 2025-07-01: 53, 2025-08-01: 49, 2025-09-01: 59, 2025-10-01: 56, 2025-11-01: 52, 2025-12-01: 45, 2026-01-01: 57, 2026-02-01: 60, 2026-03-01: 62, 2026-04-01: 49, 2026-04-05: 84, 2026-04-12: 75"
"Business Process Outsourcing","Business Process Outsourcing (BPO) involves contracting standard business functions to be handled by a third-party service provider. It is commonly used for tasks such as customer service, payroll, human resources, accounting, and other administrative functions, allowing companies to reduce costs, improve efficiency, and focus on their core business activities. BPO services are primarily targeted at businesses looking to streamline operations and enhance productivity by leveraging specialized external expertise.","business, technology, industry, supply-chain, hr, productivity","false","56.00000000000001%","18100","Exploding","exponential","Seasonal","Average","Positive","growing","Past 5 years","https://signails.com/topics/business-process-outsourcing","{""facebook"":6940,""linkedin"":10600,""twitter"":142,""pinterest"":1150,""reddit"":174,""tiktok"":53,""youtube"":794}","2021-04-01: 9, 2021-05-01: 9, 2021-06-01: 8, 2021-07-01: 8, 2021-08-01: 8, 2021-09-01: 9, 2021-10-01: 9, 2021-11-01: 10, 2021-12-01: 9, 2022-01-01: 10, 2022-02-01: 12, 2022-03-01: 12, 2022-04-01: 10, 2022-05-01: 10, 2022-06-01: 9, 2022-07-01: 8, 2022-08-01: 7, 2022-09-01: 10, 2022-10-01: 9, 2022-11-01: 10, 2022-12-01: 9, 2023-01-01: 9, 2023-02-01: 10, 2023-03-01: 9, 2023-04-01: 8, 2023-05-01: 8, 2023-06-01: 10, 2023-07-01: 9, 2023-08-01: 9, 2023-09-01: 10, 2023-10-01: 10, 2023-11-01: 11, 2023-12-01: 9, 2024-01-01: 12, 2024-02-01: 12, 2024-03-01: 10, 2024-04-01: 10, 2024-05-01: 9, 2024-06-01: 9, 2024-07-01: 10, 2024-08-01: 9, 2024-09-01: 10, 2024-10-01: 10, 2024-11-01: 9, 2024-12-01: 9, 2025-01-01: 9, 2025-02-01: 11, 2025-03-01: 12, 2025-04-01: 13, 2025-05-01: 13, 2025-06-01: 16, 2025-07-01: 15, 2025-08-01: 20, 2025-09-01: 23, 2025-10-01: 19, 2025-11-01: 17, 2025-12-01: 16, 2026-01-01: 17, 2026-02-01: 25, 2026-03-01: 20, 2026-04-01: 14, 2026-04-05: 51, 2026-04-12: 48"
"Fluidra","A multinational company specializing in the development, manufacturing, and distribution of products and services for residential and commercial swimming pools, as well as wellness and water treatment solutions. Headquartered in Sabadell, Spain, Fluidra operates in over 45 countries and offers a comprehensive product portfolio that includes pool equipment, chemicals, and accessories, distinguishing itself through its extensive range and global reach. The company serves both professional and consumer markets, catering to pool builders, service professionals, and end-users seeking high-quality pool and wellness solutions.","business, industry, manufacturing, supply-chain","true","-21%","33100","Falling","exponential","Seasonal","Low","Positive","declining","Past 5 years","https://signails.com/topics/fluidra","{""facebook"":5610,""linkedin"":6890,""twitter"":135,""pinterest"":226,""reddit"":72,""tiktok"":136,""youtube"":1260}","2021-04-01: 26, 2021-05-01: 29, 2021-06-01: 28, 2021-07-01: 26, 2021-08-01: 22, 2021-09-01: 25, 2021-10-01: 21, 2021-11-01: 22, 2021-12-01: 15, 2022-01-01: 20, 2022-02-01: 25, 2022-03-01: 26, 2022-04-01: 24, 2022-05-01: 31, 2022-06-01: 34, 2022-07-01: 31, 2022-08-01: 26, 2022-09-01: 25, 2022-10-01: 30, 2022-11-01: 25, 2022-12-01: 19, 2023-01-01: 26, 2023-02-01: 29, 2023-03-01: 27, 2023-04-01: 25, 2023-05-01: 27, 2023-06-01: 31, 2023-07-01: 31, 2023-08-01: 26, 2023-09-01: 23, 2023-10-01: 23, 2023-11-01: 23, 2023-12-01: 18, 2024-01-01: 23, 2024-02-01: 26, 2024-03-01: 25, 2024-04-01: 28, 2024-05-01: 34, 2024-06-01: 32, 2024-07-01: 31, 2024-08-01: 24, 2024-09-01: 23, 2024-10-01: 25, 2024-11-01: 23, 2024-12-01: 19, 2025-01-01: 24, 2025-02-01: 29, 2025-03-01: 28, 2025-04-01: 28, 2025-05-01: 31, 2025-06-01: 33, 2025-07-01: 33, 2025-08-01: 31, 2025-09-01: 31, 2025-10-01: 29, 2025-11-01: 27, 2025-12-01: 21, 2026-01-01: 27, 2026-02-01: 33, 2026-03-01: 33, 2026-04-01: 23, 2026-04-05: 84, 2026-04-12: 86"
"Cdp","Software that collects and organizes customer data from various sources into a unified database. This platform enables businesses to better understand and engage with their customers by providing a comprehensive view of customer interactions and behaviors, differentiating itself by integrating data from multiple channels for more effective marketing strategies. CDPs are primarily targeted at marketing teams and businesses looking to enhance customer engagement and personalization efforts.","business, industry, lifestyle, eco, supply-chain, education","true","82%","246000","Exploding","exponential","Non-seasonal","Low","Positive","growing","Past 5 years","https://signails.com/topics/cdp","{""facebook"":280000,""linkedin"":84000,""twitter"":8220,""pinterest"":28100,""reddit"":21400,""tiktok"":9880,""youtube"":182000}","2021-04-01: 49, 2021-05-01: 48, 2021-06-01: 51, 2021-07-01: 46, 2021-08-01: 45, 2021-09-01: 49, 2021-10-01: 47, 2021-11-01: 50, 2021-12-01: 48, 2022-01-01: 53, 2022-02-01: 55, 2022-03-01: 58, 2022-04-01: 57, 2022-05-01: 61, 2022-06-01: 60, 2022-07-01: 62, 2022-08-01: 59, 2022-09-01: 63, 2022-10-01: 63, 2022-11-01: 65, 2022-12-01: 62, 2023-01-01: 58, 2023-02-01: 60, 2023-03-01: 63, 2023-04-01: 56, 2023-05-01: 61, 2023-06-01: 63, 2023-07-01: 61, 2023-08-01: 58, 2023-09-01: 56, 2023-10-01: 58, 2023-11-01: 71, 2023-12-01: 58, 2024-01-01: 64, 2024-02-01: 66, 2024-03-01: 62, 2024-04-01: 63, 2024-05-01: 70, 2024-06-01: 69, 2024-07-01: 69, 2024-08-01: 59, 2024-09-01: 65, 2024-10-01: 63, 2024-11-01: 60, 2024-12-01: 54, 2025-01-01: 61, 2025-02-01: 67, 2025-03-01: 59, 2025-04-01: 63, 2025-05-01: 58, 2025-06-01: 67, 2025-07-01: 68, 2025-08-01: 88, 2025-09-01: 82, 2025-10-01: 78, 2025-11-01: 76, 2025-12-01: 80, 2026-01-01: 89, 2026-02-01: 100, 2026-03-01: 89, 2026-04-05: 81, 2026-04-12: 80"
"Lens Kart","Indian multinational optical prescription eyewear retail chain headquartered in Gurgaon. It operates over 2,000 retail stores, primarily in India, and has a manufacturing facility in New Delhi producing 300,000 glasses per month, offering products like sunglasses, eyeglasses, contact lenses, and frames along with services such as free shipping, cash on delivery, and a 14-day return policy. Lenskart primarily targets individuals seeking a wide range of eyewear options and convenient purchasing services.","business, industry, ecommerce, retail, manufacturing, supply-chain","true","48%","460","Exploding","exponential","Seasonal","Low","Neutral","growing","Past 5 years","https://signails.com/topics/lens-kart","{""facebook"":527,""linkedin"":27,""twitter"":14,""pinterest"":14,""reddit"":15,""tiktok"":1,""youtube"":174}","2021-04-01: 48, 2021-05-01: 38, 2021-06-01: 52, 2021-07-01: 55, 2021-08-01: 48, 2021-09-01: 47, 2021-10-01: 44, 2021-11-01: 46, 2021-12-01: 55, 2022-01-01: 84, 2022-02-01: 100, 2022-03-01: 54, 2022-04-01: 41, 2022-05-01: 44, 2022-06-01: 59, 2022-07-01: 69, 2022-08-01: 65, 2022-09-01: 64, 2022-10-01: 62, 2022-11-01: 69, 2022-12-01: 45, 2023-01-01: 50, 2023-02-01: 50, 2023-03-01: 53, 2023-04-01: 42, 2023-05-01: 50, 2023-06-01: 48, 2023-07-01: 54, 2023-08-01: 48, 2023-09-01: 55, 2023-10-01: 45, 2023-11-01: 45, 2023-12-01: 48, 2024-01-01: 42, 2024-02-01: 54, 2024-03-01: 56, 2024-04-01: 54, 2024-05-01: 51, 2024-06-01: 48, 2024-07-01: 50, 2024-08-01: 57, 2024-09-01: 52, 2024-10-01: 47, 2024-11-01: 50, 2024-12-01: 50, 2025-01-01: 50, 2025-02-01: 55, 2025-03-01: 57, 2025-04-01: 58, 2025-05-01: 52, 2025-06-01: 58, 2025-07-01: 68, 2025-08-01: 70, 2025-09-01: 80, 2025-10-01: 87, 2025-11-01: 100, 2025-12-01: 76, 2026-01-01: 70, 2026-02-01: 69, 2026-03-01: 71, 2026-04-05: 42, 2026-04-12: 40"
"usg","The term 'usg' can refer to the United States Government, which is the federal government of the United States, or the United States Guards, a World War I era US National Army formation. The United States Government is responsible for the administration and regulation of federal laws, policies, and programs, while the United States Guards were established to provide security and support during World War I. The term 'usg' is relevant to individuals studying American history, government, or military affairs.","business, industry, manufacturing, construction, supply-chain","true","39%","201000","Exploding","exponential","Seasonal","Low","Neutral","growing","Past 5 years","https://signails.com/topics/usg","{""facebook"":266000,""linkedin"":21800,""twitter"":3820,""pinterest"":6680,""reddit"":38600,""tiktok"":18800,""youtube"":45900}","2021-04-01: 71, 2021-05-01: 69, 2021-06-01: 72, 2021-07-01: 72, 2021-08-01: 67, 2021-09-01: 68, 2021-10-01: 69, 2021-11-01: 70, 2021-12-01: 66, 2022-01-01: 78, 2022-02-01: 83, 2022-03-01: 86, 2022-04-01: 76, 2022-05-01: 77, 2022-06-01: 80, 2022-07-01: 75, 2022-08-01: 79, 2022-09-01: 79, 2022-10-01: 80, 2022-11-01: 76, 2022-12-01: 72, 2023-01-01: 86, 2023-02-01: 88, 2023-03-01: 86, 2023-04-01: 79, 2023-05-01: 84, 2023-06-01: 84, 2023-07-01: 84, 2023-08-01: 83, 2023-09-01: 85, 2023-10-01: 84, 2023-11-01: 84, 2023-12-01: 80, 2024-01-01: 86, 2024-02-01: 90, 2024-03-01: 92, 2024-04-01: 82, 2024-05-01: 82, 2024-06-01: 79, 2024-07-01: 83, 2024-08-01: 84, 2024-09-01: 84, 2024-10-01: 87, 2024-11-01: 84, 2024-12-01: 80, 2025-01-01: 87, 2025-02-01: 92, 2025-03-01: 86, 2025-04-01: 87, 2025-05-01: 92, 2025-06-01: 85, 2025-07-01: 92, 2025-08-01: 92, 2025-09-01: 100, 2025-10-01: 99, 2025-11-01: 94, 2025-12-01: 89, 2026-01-01: 98, 2026-02-01: 96, 2026-03-01: 99, 2026-04-01: 96, 2026-04-05: 83, 2026-04-12: 80"
"vicinty","German streetwear brand that focuses on creating high-quality, ready-to-wear garments at fair prices. Vicinity differentiates itself by emphasizing premium materials and craftsmanship while maintaining affordability, appealing to fashion-conscious consumers who seek both style and value. The brand primarily targets young adults and urban dwellers who appreciate contemporary streetwear aesthetics and quality apparel.","business, technology, industry, real-estate, supply-chain, manufacturing","true","142%","5330","Exploding","constant","Seasonal","Low","Neutral","stationary","Past 5 years","https://signails.com/topics/vicinty","{""facebook"":566,""linkedin"":19,""twitter"":0,""pinterest"":25,""reddit"":14,""tiktok"":22,""youtube"":34}","2021-04-01: 10, 2021-05-01: 12, 2021-06-01: 8, 2021-07-01: 16, 2021-08-01: 13, 2021-09-01: 13, 2021-10-01: 11, 2021-11-01: 12, 2021-12-01: 12, 2022-01-01: 8, 2022-02-01: 14, 2022-03-01: 14, 2022-04-01: 17, 2022-05-01: 12, 2022-06-01: 14, 2022-07-01: 16, 2022-08-01: 20, 2022-09-01: 23, 2022-10-01: 24, 2022-11-01: 29, 2022-12-01: 18, 2023-01-01: 27, 2023-02-01: 28, 2023-03-01: 21, 2023-04-01: 19, 2023-05-01: 23, 2023-06-01: 22, 2023-07-01: 21, 2023-08-01: 28, 2023-09-01: 37, 2023-10-01: 38, 2023-11-01: 53, 2023-12-01: 29, 2024-01-01: 25, 2024-02-01: 26, 2024-03-01: 29, 2024-04-01: 31, 2024-05-01: 29, 2024-06-01: 26, 2024-07-01: 22, 2024-08-01: 35, 2024-09-01: 40, 2024-10-01: 25, 2024-11-01: 47, 2024-12-01: 30, 2025-01-01: 23, 2025-02-01: 24, 2025-03-01: 21, 2025-04-01: 25, 2025-05-01: 20, 2025-06-01: 20, 2025-07-01: 22, 2025-08-01: 23, 2025-09-01: 24, 2025-10-01: 18, 2025-11-01: 31, 2025-12-01: 18, 2026-01-01: 17, 2026-02-01: 20, 2026-03-01: 24, 2026-04-01: 29, 2026-04-05: 27, 2026-04-12: 27"
"Oneclick","Comprehensive platform service that enables users to connect with their chosen cloud provider or on-premises resources. It simplifies the deployment of virtual desktops or individual applications, enhancing the efficiency and flexibility of IT infrastructure, making it ideal for distributed teams, home office, and mobile users. The platform is particularly beneficial for IT administrators and businesses seeking to streamline their virtual desktop infrastructure and application deployment processes.","business, technology, industry, retail, productivity, supply-chain","true","59%","74000","Exploding","exponential","Non-seasonal","Low","Positive","stationary","Past 5 years","https://signails.com/topics/oneclick","{""facebook"":43300,""linkedin"":2880,""twitter"":359,""pinterest"":1040,""reddit"":511,""tiktok"":1210,""youtube"":4830}","2021-04-01: 26, 2021-05-01: 27, 2021-06-01: 30, 2021-07-01: 29, 2021-08-01: 25, 2021-09-01: 27, 2021-10-01: 28, 2021-11-01: 32, 2021-12-01: 32, 2022-01-01: 38, 2022-02-01: 42, 2022-03-01: 40, 2022-04-01: 37, 2022-05-01: 41, 2022-06-01: 42, 2022-07-01: 40, 2022-08-01: 36, 2022-09-01: 36, 2022-10-01: 46, 2022-11-01: 44, 2022-12-01: 43, 2023-01-01: 43, 2023-02-01: 41, 2023-03-01: 37, 2023-04-01: 36, 2023-05-01: 38, 2023-06-01: 36, 2023-07-01: 37, 2023-08-01: 34, 2023-09-01: 38, 2023-10-01: 42, 2023-11-01: 35, 2023-12-01: 37, 2024-01-01: 33, 2024-02-01: 38, 2024-03-01: 39, 2024-04-01: 36, 2024-05-01: 40, 2024-06-01: 44, 2024-07-01: 46, 2024-08-01: 42, 2024-09-01: 37, 2024-10-01: 43, 2024-11-01: 42, 2024-12-01: 39, 2025-01-01: 45, 2025-02-01: 43, 2025-03-01: 41, 2025-04-01: 39, 2025-05-01: 41, 2025-06-01: 41, 2025-07-01: 41, 2025-08-01: 43, 2025-09-01: 43, 2025-10-01: 45, 2025-11-01: 44, 2025-12-01: 41, 2026-01-01: 44, 2026-02-01: 47, 2026-03-01: 48, 2026-04-01: 43, 2026-03-29: 88, 2026-04-05: 90, 2026-04-12: 88"
"Redshift","Redshift can refer to an astronomical phenomenon or a data warehousing service. In astronomy, redshift describes the shift of light from distant celestial objects towards the red end of the spectrum, indicating the expansion of the universe. Amazon Redshift, on the other hand, is a fully managed data warehousing service by AWS, designed for running complex queries and data analysis on large datasets, primarily benefiting data analysts and businesses requiring scalable data solutions.","business, technology, software, productivity, supply-chain, ecommerce","false","47%","74000","Exploding","exponential","Seasonal","Average","Positive","stationary","Past 5 years","https://signails.com/topics/redshift","{""facebook"":5600,""linkedin"":13300,""twitter"":1420,""pinterest"":9240,""reddit"":46000,""tiktok"":1110,""youtube"":18800}","2021-04-01: 46, 2021-05-01: 43, 2021-06-01: 43, 2021-07-01: 43, 2021-08-01: 44, 2021-09-01: 50, 2021-10-01: 44, 2021-11-01: 46, 2021-12-01: 44, 2022-01-01: 57, 2022-02-01: 68, 2022-03-01: 71, 2022-04-01: 77, 2022-05-01: 79, 2022-06-01: 75, 2022-07-01: 71, 2022-08-01: 75, 2022-09-01: 77, 2022-10-01: 70, 2022-11-01: 74, 2022-12-01: 65, 2023-01-01: 73, 2023-02-01: 77, 2023-03-01: 77, 2023-04-01: 68, 2023-05-01: 71, 2023-06-01: 71, 2023-07-01: 65, 2023-08-01: 70, 2023-09-01: 71, 2023-10-01: 65, 2023-11-01: 69, 2023-12-01: 57, 2024-01-01: 67, 2024-02-01: 77, 2024-03-01: 72, 2024-04-01: 72, 2024-05-01: 76, 2024-06-01: 67, 2024-07-01: 66, 2024-08-01: 65, 2024-09-01: 64, 2024-10-01: 67, 2024-11-01: 62, 2024-12-01: 55, 2025-01-01: 60, 2025-02-01: 66, 2025-03-01: 60, 2025-04-01: 60, 2025-05-01: 59, 2025-06-01: 63, 2025-07-01: 62, 2025-08-01: 90, 2025-09-01: 91, 2025-10-01: 87, 2025-11-01: 79, 2025-12-01: 64, 2026-01-01: 74, 2026-02-01: 100, 2026-03-01: 94, 2026-04-01: 63, 2026-04-05: 65, 2026-04-12: 61"
"Bevi","Company focused on providing smart hydration solutions through innovative water coolers and dispensers. It promotes sustainability by reducing plastic waste and offering an eco-friendly alternative to bottled water, utilizing smart technology to deliver customizable, flavored, and sparkling water options. Bevi's products are primarily designed for office and workplace environments, targeting businesses looking to enhance employee wellness and reduce environmental impact.","business, technology, food-beverage, beverages, supply-chain, workplace","true","88%","1340","Exploding","constant","Seasonal","Low","Positive","stationary","Past 5 years","https://signails.com/topics/bevi","{""facebook"":65400,""linkedin"":2620,""twitter"":492,""pinterest"":14000,""reddit"":6230,""tiktok"":4580,""youtube"":12100}","2021-04-01: 49, 2021-05-01: 56, 2021-06-01: 64, 2021-07-01: 65, 2021-08-01: 67, 2021-09-01: 60, 2021-10-01: 58, 2021-11-01: 55, 2021-12-01: 54, 2022-01-01: 58, 2022-02-01: 61, 2022-03-01: 70, 2022-04-01: 72, 2022-05-01: 71, 2022-06-01: 73, 2022-07-01: 79, 2022-08-01: 83, 2022-09-01: 67, 2022-10-01: 68, 2022-11-01: 62, 2022-12-01: 67, 2023-01-01: 70, 2023-02-01: 66, 2023-03-01: 65, 2023-04-01: 68, 2023-05-01: 71, 2023-06-01: 72, 2023-07-01: 77, 2023-08-01: 81, 2023-09-01: 68, 2023-10-01: 69, 2023-11-01: 65, 2023-12-01: 70, 2024-01-01: 73, 2024-02-01: 80, 2024-03-01: 83, 2024-04-01: 75, 2024-05-01: 76, 2024-06-01: 81, 2024-07-01: 81, 2024-08-01: 85, 2024-09-01: 78, 2024-10-01: 79, 2024-11-01: 73, 2024-12-01: 77, 2025-01-01: 78, 2025-02-01: 77, 2025-03-01: 79, 2025-04-01: 87, 2025-05-01: 93, 2025-06-01: 87, 2025-07-01: 95, 2025-08-01: 95, 2025-09-01: 90, 2025-10-01: 88, 2025-11-01: 84, 2025-12-01: 82, 2026-01-01: 90, 2026-02-01: 83, 2026-03-01: 92, 2026-04-05: 86, 2026-04-12: 83"
"Provi","Online marketplace designed to streamline the process of ordering wholesale alcohol by connecting buyers, distributors, and suppliers. Provi offers a comprehensive platform where bar, restaurant, and retail buyers can search, discover, order, and pay for products, simplifying the procurement process and enhancing operational efficiency. The platform primarily serves bar, restaurant, and retail buyers looking for a more efficient and integrated way to manage their alcohol inventory and ordering processes.","business, technology, food-beverage, alcohol, supply-chain, productivity","true","22%","49500","Exploding","constant","Seasonal","Low","Positive","stationary","Past 5 years","https://signails.com/topics/provi","{""facebook"":76200,""linkedin"":2120,""twitter"":813,""pinterest"":5420,""reddit"":10900,""tiktok"":10100,""youtube"":7390}","2021-04-01: 26, 2021-05-01: 27, 2021-06-01: 26, 2021-07-01: 27, 2021-08-01: 26, 2021-09-01: 27, 2021-10-01: 25, 2021-11-01: 25, 2021-12-01: 24, 2022-01-01: 30, 2022-02-01: 32, 2022-03-01: 30, 2022-04-01: 32, 2022-05-01: 31, 2022-06-01: 32, 2022-07-01: 33, 2022-08-01: 36, 2022-09-01: 38, 2022-10-01: 35, 2022-11-01: 34, 2022-12-01: 32, 2023-01-01: 34, 2023-02-01: 38, 2023-03-01: 38, 2023-04-01: 38, 2023-05-01: 36, 2023-06-01: 39, 2023-07-01: 36, 2023-08-01: 34, 2023-09-01: 37, 2023-10-01: 35, 2023-11-01: 34, 2023-12-01: 35, 2024-01-01: 34, 2024-02-01: 39, 2024-03-01: 37, 2024-04-01: 35, 2024-05-01: 39, 2024-06-01: 37, 2024-07-01: 37, 2024-08-01: 35, 2024-09-01: 38, 2024-10-01: 36, 2024-11-01: 36, 2024-12-01: 35, 2025-01-01: 36, 2025-02-01: 39, 2025-03-01: 39, 2025-04-01: 36, 2025-05-01: 35, 2025-06-01: 37, 2025-07-01: 37, 2025-08-01: 38, 2025-09-01: 36, 2025-10-01: 37, 2025-11-01: 35, 2025-12-01: 35, 2026-01-01: 34, 2026-02-01: 34, 2026-03-01: 36, 2026-04-01: 33, 2026-04-05: 80, 2026-04-12: 84"
"Boliden AB","Boliden AB is a company engaged in the mining, processing, and sale of metals and mineral products, with a primary focus on zinc and copper. The company differentiates itself by also producing gold, lead, silver, and sulfuric acid, and operating mining and milling operations across Europe, along with smelting and refining operations in Sweden, Finland, and Norway. Boliden AB primarily serves industries requiring high-quality metals and minerals, including construction, electronics, and automotive sectors.","business, finance, industry, manufacturing, investing, supply-chain","true","4%","2400","Exploding","exponential","Non-seasonal","Low","Positive","growing","Past 5 years","https://signails.com/topics/boliden-ab","{""facebook"":58,""linkedin"":43,""twitter"":14,""pinterest"":14,""reddit"":14,""tiktok"":0,""youtube"":16}","2021-04-01: 16, 2021-05-01: 27, 2021-06-01: 15, 2021-07-01: 20, 2021-08-01: 16, 2021-09-01: 16, 2021-10-01: 13, 2021-11-01: 11, 2021-12-01: 18, 2022-01-01: 15, 2022-02-01: 18, 2022-03-01: 18, 2022-04-01: 23, 2022-05-01: 24, 2022-06-01: 12, 2022-07-01: 12, 2022-08-01: 14, 2022-09-01: 21, 2022-10-01: 14, 2022-11-01: 11, 2022-12-01: 16, 2023-01-01: 20, 2023-02-01: 15, 2023-03-01: 21, 2023-04-01: 17, 2023-05-01: 26, 2023-06-01: 25, 2023-07-01: 19, 2023-08-01: 20, 2023-09-01: 19, 2023-10-01: 15, 2023-11-01: 23, 2023-12-01: 32, 2024-01-01: 23, 2024-02-01: 31, 2024-03-01: 25, 2024-04-01: 22, 2024-05-01: 22, 2024-06-01: 19, 2024-07-01: 19, 2024-08-01: 13, 2024-09-01: 24, 2024-10-01: 23, 2024-11-01: 18, 2024-12-01: 24, 2025-01-01: 23, 2025-02-01: 24, 2025-03-01: 24, 2025-04-01: 24, 2025-05-01: 16, 2025-06-01: 21, 2025-07-01: 20, 2025-08-01: 36, 2025-09-01: 34, 2025-10-01: 47, 2025-11-01: 36, 2025-12-01: 29, 2026-01-01: 61, 2026-02-01: 62, 2026-03-01: 49, 2026-04-01: 28, 2026-04-05: 69, 2026-04-12: 59"
"Boh tea","A well-known tea brand from Malaysia, made from the finest tea leaves grown in the Cameron Highlands. Established in 1929 by British businessman J. A. Russell, BOH Tea is the largest tea plantation in Malaysia and offers a wide variety of teas, including black tea and green tea. BOH Tea primarily caters to tea enthusiasts and consumers seeking high-quality, locally-produced Malaysian tea.","business, food-beverage, industry, retail, supply-chain, cpg","true","164%","12100","Exploding","constant","Seasonal","Low","Positive","declining","Past 5 years","https://signails.com/topics/boh-tea","{""facebook"":2070,""linkedin"":25,""twitter"":24,""pinterest"":275,""reddit"":25,""tiktok"":394,""youtube"":1050}","2021-04-01: 29, 2021-05-01: 28, 2021-06-01: 33, 2021-07-01: 31, 2021-08-01: 54, 2021-09-01: 33, 2021-10-01: 46, 2021-11-01: 63, 2021-12-01: 40, 2022-01-01: 38, 2022-02-01: 55, 2022-03-01: 54, 2022-04-01: 66, 2022-05-01: 78, 2022-06-01: 80, 2022-07-01: 80, 2022-08-01: 75, 2022-09-01: 78, 2022-10-01: 69, 2022-11-01: 60, 2022-12-01: 74, 2023-01-01: 53, 2023-02-01: 61, 2023-03-01: 59, 2023-04-01: 67, 2023-05-01: 68, 2023-06-01: 77, 2023-07-01: 79, 2023-08-01: 78, 2023-09-01: 74, 2023-10-01: 66, 2023-11-01: 77, 2023-12-01: 85, 2024-01-01: 70, 2024-02-01: 78, 2024-03-01: 76, 2024-04-01: 75, 2024-05-01: 79, 2024-06-01: 85, 2024-07-01: 81, 2024-08-01: 79, 2024-09-01: 75, 2024-10-01: 54, 2024-11-01: 61, 2024-12-01: 73, 2025-01-01: 63, 2025-02-01: 74, 2025-03-01: 69, 2025-04-01: 60, 2025-05-01: 73, 2025-06-01: 82, 2025-07-01: 83, 2025-08-01: 100, 2025-09-01: 90, 2025-10-01: 78, 2025-11-01: 85, 2025-12-01: 83, 2026-01-01: 71, 2026-02-01: 79, 2026-03-01: 78, 2026-04-01: 74, 2026-04-05: 63, 2026-04-12: 65"
"Migros","Swiss retail company known for its extensive network of supermarkets, hypermarkets, and convenience stores. It differentiates itself through a cooperative structure that allows customers to become members and participate in company decisions, offering a wide range of products and services including food, clothing, electronics, and financial services. Migros primarily serves the Swiss population, catering to a broad demographic with its diverse product offerings.","business, industry, ecommerce, retail, supply-chain, marketing","true","-10%","2240000","Falling","constant","Seasonal","Low","Positive","declining","Past 5 years","https://signails.com/topics/migros","{""facebook"":174000,""linkedin"":58700,""twitter"":2460,""pinterest"":7370,""reddit"":6210,""tiktok"":17100,""youtube"":21400}","2021-04-01: 78, 2021-05-01: 73, 2021-06-01: 62, 2021-07-01: 63, 2021-08-01: 61, 2021-09-01: 58, 2021-10-01: 65, 2021-11-01: 76, 2021-12-01: 92, 2022-01-01: 70, 2022-02-01: 70, 2022-03-01: 76, 2022-04-01: 69, 2022-05-01: 62, 2022-06-01: 67, 2022-07-01: 70, 2022-08-01: 67, 2022-09-01: 63, 2022-10-01: 66, 2022-11-01: 65, 2022-12-01: 80, 2023-01-01: 64, 2023-02-01: 63, 2023-03-01: 64, 2023-04-01: 65, 2023-05-01: 63, 2023-06-01: 67, 2023-07-01: 71, 2023-08-01: 70, 2023-09-01: 63, 2023-10-01: 64, 2023-11-01: 66, 2023-12-01: 78, 2024-01-01: 71, 2024-02-01: 67, 2024-03-01: 79, 2024-04-01: 63, 2024-05-01: 66, 2024-06-01: 63, 2024-07-01: 65, 2024-08-01: 67, 2024-09-01: 64, 2024-10-01: 64, 2024-11-01: 63, 2024-12-01: 77, 2025-01-01: 64, 2025-02-01: 62, 2025-03-01: 65, 2025-04-01: 66, 2025-05-01: 60, 2025-06-01: 59, 2025-07-01: 60, 2025-08-01: 65, 2025-09-01: 62, 2025-10-01: 59, 2025-11-01: 65, 2025-12-01: 76, 2026-01-01: 62, 2026-02-01: 60, 2026-03-01: 63, 2026-04-01: 66, 2026-04-05: 83, 2026-04-12: 84"
"spar","Term that can refer to a group of minerals, a structural component in engineering, or practice fighting in sports like boxing. In engineering, it denotes a strong, lightweight beam used in the construction of ships and aircraft, while in sports, it describes practice fighting to improve skills. The term is relevant to professionals in engineering, mineralogy, and athletes in combat sports.","business, industry, retail, supply-chain","true","-4%","5000000","Falling","stationary","Seasonal","Low","undefined","stationary","Past 5 years","https://signails.com/topics/spar","{""facebook"":3210000,""linkedin"":193000,""twitter"":5770,""pinterest"":59200,""reddit"":22100,""tiktok"":49900,""youtube"":76600}","2021-04-01: 78, 2021-05-01: 80, 2021-06-01: 74, 2021-07-01: 80, 2021-08-01: 82, 2021-09-01: 71, 2021-10-01: 75, 2021-11-01: 77, 2021-12-01: 90, 2022-01-01: 78, 2022-02-01: 72, 2022-03-01: 72, 2022-04-01: 82, 2022-05-01: 75, 2022-06-01: 76, 2022-07-01: 83, 2022-08-01: 84, 2022-09-01: 77, 2022-10-01: 75, 2022-11-01: 77, 2022-12-01: 92, 2023-01-01: 78, 2023-02-01: 77, 2023-03-01: 71, 2023-04-01: 80, 2023-05-01: 82, 2023-06-01: 83, 2023-07-01: 87, 2023-08-01: 90, 2023-09-01: 84, 2023-10-01: 81, 2023-11-01: 78, 2023-12-01: 99, 2024-01-01: 79, 2024-02-01: 90, 2024-03-01: 85, 2024-04-01: 79, 2024-05-01: 86, 2024-06-01: 83, 2024-07-01: 85, 2024-08-01: 89, 2024-09-01: 77, 2024-10-01: 78, 2024-11-01: 76, 2024-12-01: 100, 2025-01-01: 76, 2025-02-01: 79, 2025-03-01: 78, 2025-04-01: 82, 2025-05-01: 83, 2025-06-01: 80, 2025-07-01: 79, 2025-08-01: 88, 2025-09-01: 77, 2025-10-01: 78, 2025-11-01: 81, 2025-12-01: 98, 2026-01-01: 79, 2026-02-01: 76, 2026-03-01: 75, 2026-04-05: 75, 2026-04-12: 76"
"doorlink","DoorLink Manufacturing, Inc. is a company that produces high-quality garage doors for both residential and commercial applications. The company leverages over 100 years of combined expertise in engineering, sales, and customer support to deliver durable and reliable garage door solutions. DoorLink primarily serves homeowners and businesses seeking robust and aesthetically pleasing garage door options.","business, home, industry, manufacturing, supply-chain, retail","true","36%","2400","Exploding","constant","Non-seasonal","Low","Positive","stationary","Past 5 years","https://signails.com/topics/doorlink","{""facebook"":806,""linkedin"":53,""twitter"":15,""pinterest"":132,""reddit"":95,""tiktok"":20,""youtube"":35}","2021-04-01: 28, 2021-05-01: 25, 2021-06-01: 27, 2021-07-01: 26, 2021-08-01: 20, 2021-09-01: 30, 2021-10-01: 32, 2021-11-01: 24, 2021-12-01: 29, 2022-01-01: 42, 2022-02-01: 31, 2022-03-01: 29, 2022-04-01: 28, 2022-05-01: 26, 2022-06-01: 32, 2022-07-01: 35, 2022-08-01: 30, 2022-09-01: 27, 2022-10-01: 23, 2022-11-01: 23, 2022-12-01: 18, 2023-01-01: 28, 2023-02-01: 29, 2023-03-01: 36, 2023-04-01: 22, 2023-05-01: 17, 2023-06-01: 23, 2023-07-01: 27, 2023-08-01: 30, 2023-09-01: 29, 2023-10-01: 30, 2023-11-01: 27, 2023-12-01: 23, 2024-01-01: 29, 2024-02-01: 23, 2024-03-01: 28, 2024-04-01: 34, 2024-05-01: 25, 2024-06-01: 29, 2024-07-01: 29, 2024-08-01: 36, 2024-09-01: 23, 2024-10-01: 28, 2024-11-01: 25, 2024-12-01: 29, 2025-01-01: 35, 2025-02-01: 24, 2025-03-01: 32, 2025-04-01: 27, 2025-05-01: 28, 2025-06-01: 28, 2025-07-01: 30, 2025-08-01: 36, 2025-09-01: 36, 2025-10-01: 37, 2025-11-01: 25, 2025-12-01: 25, 2026-01-01: 20, 2026-02-01: 36, 2026-03-01: 37, 2026-04-01: 34, 2026-04-05: 32, 2026-04-12: 23"
"Babybjörn","Swedish family-owned company that manufactures safe, well-designed, and high-quality products for babies and parents worldwide. Babybjörn is known for its innovative baby carriers, bouncers, and other baby gear that prioritize safety, comfort, and ease of use, setting it apart from competitors. The primary target demographic includes parents and caregivers seeking reliable and user-friendly products to support their daily routines with young children.","business, home, lifestyle, retail, baby, supply-chain","true","18%","890","Exploding","constant","Seasonal","Average","Positive","growing","Past 5 years","https://signails.com/topics/babybjorn","{""facebook"":31000,""linkedin"":444,""twitter"":44,""pinterest"":4450,""reddit"":872,""tiktok"":706,""youtube"":1230}","2021-04-01: 71, 2021-05-01: 71, 2021-06-01: 62, 2021-07-01: 72, 2021-08-01: 75, 2021-09-01: 66, 2021-10-01: 65, 2021-11-01: 76, 2021-12-01: 60, 2022-01-01: 79, 2022-02-01: 68, 2022-03-01: 69, 2022-04-01: 62, 2022-05-01: 61, 2022-06-01: 63, 2022-07-01: 69, 2022-08-01: 67, 2022-09-01: 62, 2022-10-01: 62, 2022-11-01: 69, 2022-12-01: 57, 2023-01-01: 68, 2023-02-01: 63, 2023-03-01: 68, 2023-04-01: 58, 2023-05-01: 58, 2023-06-01: 61, 2023-07-01: 71, 2023-08-01: 74, 2023-09-01: 68, 2023-10-01: 62, 2023-11-01: 68, 2023-12-01: 59, 2024-01-01: 70, 2024-02-01: 74, 2024-03-01: 71, 2024-04-01: 71, 2024-05-01: 67, 2024-06-01: 69, 2024-07-01: 79, 2024-08-01: 86, 2024-09-01: 75, 2024-10-01: 77, 2024-11-01: 90, 2024-12-01: 69, 2025-01-01: 83, 2025-02-01: 75, 2025-03-01: 77, 2025-04-01: 74, 2025-05-01: 76, 2025-06-01: 74, 2025-07-01: 90, 2025-08-01: 98, 2025-09-01: 96, 2025-10-01: 100, 2025-11-01: 99, 2025-12-01: 72, 2026-01-01: 79, 2026-02-01: 75, 2026-03-01: 84, 2026-03-29: 85, 2026-04-05: 83, 2026-04-12: 84"
"Helm","Package manager for Kubernetes, an open-source platform used to manage containerized applications. Helm simplifies the management of Kubernetes applications by providing a way to define, install, and upgrade complex applications using a packaging format called charts, which are collections of files describing related Kubernetes resources. It is particularly useful for developers and system administrators who need to manage and deploy Kubernetes applications efficiently.","business, technology, industry, supply-chain, hr, programming","true","18%","1000000","Exploding","exponential","Seasonal","Average","Positive","declining","Past 5 years","https://signails.com/topics/helm","{""facebook"":995000,""linkedin"":55500,""twitter"":14200,""pinterest"":184000,""reddit"":142000,""tiktok"":134000,""youtube"":194000}","2021-04-01: 52, 2021-05-01: 56, 2021-06-01: 52, 2021-07-01: 48, 2021-08-01: 53, 2021-09-01: 49, 2021-10-01: 49, 2021-11-01: 46, 2021-12-01: 46, 2022-01-01: 55, 2022-02-01: 56, 2022-03-01: 60, 2022-04-01: 58, 2022-05-01: 65, 2022-06-01: 63, 2022-07-01: 61, 2022-08-01: 61, 2022-09-01: 58, 2022-10-01: 58, 2022-11-01: 56, 2022-12-01: 57, 2023-01-01: 59, 2023-02-01: 64, 2023-03-01: 58, 2023-04-01: 55, 2023-05-01: 63, 2023-06-01: 65, 2023-07-01: 62, 2023-08-01: 59, 2023-09-01: 57, 2023-10-01: 53, 2023-11-01: 49, 2023-12-01: 51, 2024-01-01: 53, 2024-02-01: 57, 2024-03-01: 58, 2024-04-01: 57, 2024-05-01: 57, 2024-06-01: 56, 2024-07-01: 59, 2024-08-01: 56, 2024-09-01: 54, 2024-10-01: 53, 2024-11-01: 52, 2024-12-01: 53, 2025-01-01: 56, 2025-02-01: 54, 2025-03-01: 57, 2025-04-01: 59, 2025-05-01: 57, 2025-06-01: 56, 2025-07-01: 59, 2025-08-01: 72, 2025-09-01: 67, 2025-10-01: 62, 2025-11-01: 60, 2025-12-01: 54, 2026-01-01: 57, 2026-02-01: 65, 2026-03-01: 64, 2026-04-01: 66, 2026-04-05: 78, 2026-04-12: 81"
"Kanban","Visual workflow management method used to visualize work, maximize efficiency, and improve continuously. Originating from the Toyota Production System, it is now widely used in various industries, especially in software development and project management, by utilizing a Kanban board to represent different stages of the workflow and setting limits on work in progress. Kanban primarily benefits teams and organizations looking to enhance their workflow efficiency and effectiveness through incremental, evolutionary change.","business, technology, software, productivity, supply-chain","false","16%","368000","Exploding","exponential","Seasonal","Average","Positive","declining","Past 5 years","https://signails.com/topics/kanban","{""facebook"":15400,""linkedin"":43500,""twitter"":1080,""pinterest"":43400,""reddit"":19100,""tiktok"":678,""youtube"":18200}","2021-04-01: 63, 2021-05-01: 63, 2021-06-01: 63, 2021-07-01: 58, 2021-08-01: 51, 2021-09-01: 58, 2021-10-01: 60, 2021-11-01: 60, 2021-12-01: 50, 2022-01-01: 72, 2022-02-01: 80, 2022-03-01: 83, 2022-04-01: 80, 2022-05-01: 82, 2022-06-01: 82, 2022-07-01: 70, 2022-08-01: 75, 2022-09-01: 76, 2022-10-01: 76, 2022-11-01: 76, 2022-12-01: 65, 2023-01-01: 74, 2023-02-01: 86, 2023-03-01: 77, 2023-04-01: 67, 2023-05-01: 76, 2023-06-01: 74, 2023-07-01: 68, 2023-08-01: 68, 2023-09-01: 72, 2023-10-01: 76, 2023-11-01: 71, 2023-12-01: 57, 2024-01-01: 72, 2024-02-01: 83, 2024-03-01: 76, 2024-04-01: 77, 2024-05-01: 75, 2024-06-01: 70, 2024-07-01: 60, 2024-08-01: 64, 2024-09-01: 70, 2024-10-01: 74, 2024-11-01: 68, 2024-12-01: 57, 2025-01-01: 73, 2025-02-01: 75, 2025-03-01: 72, 2025-04-01: 71, 2025-05-01: 73, 2025-06-01: 73, 2025-07-01: 73, 2025-08-01: 83, 2025-09-01: 89, 2025-10-01: 86, 2025-11-01: 78, 2025-12-01: 65, 2026-01-01: 76, 2026-02-01: 100, 2026-03-01: 99, 2026-04-01: 73, 2026-03-29: 72, 2026-04-05: 70, 2026-04-12: 70"
"Green Ammonia  ","Green Ammonia refers to ammonia produced using renewable energy sources such as wind, solar, or hydropower, rather than fossil fuels. This method aims to eliminate or drastically reduce carbon dioxide emissions by using green hydrogen, produced via electrolysis of water using renewable energy, as a feedstock. Green Ammonia is primarily targeted at industries seeking sustainable alternatives for fertilizers, energy storage, and fuel applications.","energy, eco, supply-chain, gardening-agriculture","false","206%","6600","Exploding","exponential","Non-seasonal","Low","Positive","growing","Past 5 years","https://signails.com/topics/green-ammonia","{""facebook"":1150,""linkedin"":4120,""twitter"":113,""pinterest"":85,""reddit"":102,""tiktok"":16,""youtube"":808}","2021-04-01: 14, 2021-05-01: 18, 2021-06-01: 22, 2021-07-01: 18, 2021-08-01: 19, 2021-09-01: 16, 2021-10-01: 19, 2021-11-01: 17, 2021-12-01: 15, 2022-01-01: 20, 2022-02-01: 24, 2022-03-01: 24, 2022-04-01: 22, 2022-05-01: 20, 2022-06-01: 20, 2022-07-01: 22, 2022-08-01: 20, 2022-09-01: 23, 2022-10-01: 23, 2022-11-01: 21, 2022-12-01: 20, 2023-01-01: 22, 2023-02-01: 25, 2023-03-01: 22, 2023-04-01: 22, 2023-05-01: 24, 2023-06-01: 23, 2023-07-01: 23, 2023-08-01: 22, 2023-09-01: 24, 2023-10-01: 24, 2023-11-01: 24, 2023-12-01: 22, 2024-01-01: 26, 2024-02-01: 28, 2024-03-01: 26, 2024-04-01: 25, 2024-05-01: 26, 2024-06-01: 26, 2024-07-01: 28, 2024-08-01: 27, 2024-09-01: 28, 2024-10-01: 25, 2024-11-01: 27, 2024-12-01: 23, 2025-01-01: 26, 2025-02-01: 23, 2025-03-01: 24, 2025-04-01: 23, 2025-05-01: 25, 2025-06-01: 27, 2025-07-01: 28, 2025-08-01: 100, 2025-09-01: 92, 2025-10-01: 78, 2025-11-01: 86, 2025-12-01: 67, 2026-01-01: 75, 2026-02-01: 94, 2026-03-01: 98, 2026-04-01: 55, 2026-04-05: 46, 2026-04-12: 43"
"Label printer","Specialized devices designed to print individual labels, often used in various industries for labeling products, packages, and other items. These printers can interface with databases or production systems to pull specific data, such as lot numbers, and print labels with this information, ensuring accuracy and efficiency in labeling tasks. Label printers are particularly beneficial for businesses that require precise and customizable labeling solutions, such as manufacturing, retail, and logistics sectors.","product, workplace, home, technology, manufacturing, supply-chain","false","102%","135000","Exploding","exponential","Seasonal","Low","Positive","growing","Past 5 years","https://signails.com/topics/label-printer","{""facebook"":54500,""linkedin"":1670,""twitter"":166,""pinterest"":18700,""reddit"":2300,""tiktok"":6610,""youtube"":17300}","2021-04-01: 48, 2021-05-01: 41, 2021-06-01: 42, 2021-07-01: 41, 2021-08-01: 46, 2021-09-01: 43, 2021-10-01: 42, 2021-11-01: 45, 2021-12-01: 46, 2022-01-01: 49, 2022-02-01: 48, 2022-03-01: 47, 2022-04-01: 44, 2022-05-01: 40, 2022-06-01: 42, 2022-07-01: 40, 2022-08-01: 43, 2022-09-01: 45, 2022-10-01: 42, 2022-11-01: 42, 2022-12-01: 40, 2023-01-01: 48, 2023-02-01: 47, 2023-03-01: 47, 2023-04-01: 40, 2023-05-01: 43, 2023-06-01: 44, 2023-07-01: 45, 2023-08-01: 48, 2023-09-01: 44, 2023-10-01: 47, 2023-11-01: 49, 2023-12-01: 48, 2024-01-01: 52, 2024-02-01: 53, 2024-03-01: 51, 2024-04-01: 50, 2024-05-01: 49, 2024-06-01: 48, 2024-07-01: 50, 2024-08-01: 53, 2024-09-01: 50, 2024-10-01: 53, 2024-11-01: 54, 2024-12-01: 55, 2025-01-01: 60, 2025-02-01: 57, 2025-03-01: 56, 2025-04-01: 55, 2025-05-01: 56, 2025-06-01: 57, 2025-07-01: 65, 2025-08-01: 96, 2025-09-01: 98, 2025-10-01: 90, 2025-11-01: 86, 2025-12-01: 80, 2026-01-01: 78, 2026-02-01: 100, 2026-03-01: 97, 2026-04-05: 77, 2026-04-12: 77"
"Aerodome","Corporate office located in Riverside, California, involved in a system utilizing drones for rapid response to 911 calls. This system aims to dispatch drones to emergency locations in under three minutes, enhancing the speed and efficiency of emergency response services. The primary beneficiaries of this technology are emergency services and the general public, who gain from quicker response times in critical situations.","lifestyle, supply-chain, travel, manufacturing","false","150%","3600","Exploding","constant","Non-seasonal","Low","Positive","stationary","Past 5 years","https://signails.com/topics/aerodome-yA7GECrh","{""facebook"":639,""linkedin"":253,""twitter"":16,""pinterest"":73,""reddit"":128,""tiktok"":43,""youtube"":567}","2021-04-01: 6, 2021-05-01: 7, 2021-06-01: 10, 2021-07-01: 8, 2021-08-01: 8, 2021-09-01: 7, 2021-10-01: 5, 2021-11-01: 8, 2021-12-01: 8, 2022-01-01: 10, 2022-02-01: 10, 2022-03-01: 7, 2022-04-01: 8, 2022-05-01: 7, 2022-06-01: 8, 2022-07-01: 7, 2022-08-01: 9, 2022-09-01: 9, 2022-10-01: 8, 2022-11-01: 9, 2022-12-01: 8, 2023-01-01: 9, 2023-02-01: 7, 2023-03-01: 7, 2023-04-01: 8, 2023-05-01: 7, 2023-06-01: 8, 2023-07-01: 11, 2023-08-01: 10, 2023-09-01: 8, 2023-10-01: 10, 2023-11-01: 9, 2023-12-01: 9, 2024-01-01: 13, 2024-02-01: 12, 2024-03-01: 19, 2024-04-01: 17, 2024-05-01: 16, 2024-06-01: 12, 2024-07-01: 15, 2024-08-01: 15, 2024-09-01: 15, 2024-10-01: 18, 2024-11-01: 17, 2024-12-01: 19, 2025-01-01: 18, 2025-02-01: 16, 2025-03-01: 14, 2025-04-01: 13, 2025-05-01: 12, 2025-06-01: 17, 2025-07-01: 16, 2025-08-01: 20, 2025-09-01: 16, 2025-10-01: 18, 2025-11-01: 14, 2025-12-01: 14, 2026-01-01: 15, 2026-02-01: 53, 2026-03-01: 15, 2026-03-29: 19, 2026-04-05: 10, 2026-04-12: 20"
"QR code sticker","Adhesive labels that contain a QR (Quick Response) code, which can be scanned using a smartphone or QR code reader to quickly access information. These stickers are used for various purposes such as marketing, providing product information, event management, contact information, and inventory management, offering a convenient way to bridge the physical and digital worlds. QR code stickers are beneficial for businesses, event organizers, and individuals seeking to provide or access information efficiently.","social-media, product, social, technology, ecommerce, marketing, supply-chain","false","137%","8100","Exploding","exponential","Non-seasonal","Low","Positive","declining","Past 5 years","https://signails.com/topics/qr-code-sticker","{""facebook"":403,""linkedin"":14,""twitter"":15,""pinterest"":3130,""reddit"":71,""tiktok"":81,""youtube"":182}","2021-04-01: 20, 2021-05-01: 19, 2021-06-01: 21, 2021-07-01: 22, 2021-08-01: 23, 2021-09-01: 21, 2021-10-01: 21, 2021-11-01: 22, 2021-12-01: 24, 2022-01-01: 25, 2022-02-01: 27, 2022-03-01: 30, 2022-04-01: 27, 2022-05-01: 26, 2022-06-01: 30, 2022-07-01: 26, 2022-08-01: 28, 2022-09-01: 28, 2022-10-01: 27, 2022-11-01: 29, 2022-12-01: 27, 2023-01-01: 28, 2023-02-01: 29, 2023-03-01: 28, 2023-04-01: 25, 2023-05-01: 30, 2023-06-01: 27, 2023-07-01: 26, 2023-08-01: 28, 2023-09-01: 24, 2023-10-01: 26, 2023-11-01: 27, 2023-12-01: 26, 2024-01-01: 28, 2024-02-01: 28, 2024-03-01: 30, 2024-04-01: 29, 2024-05-01: 30, 2024-06-01: 29, 2024-07-01: 31, 2024-08-01: 30, 2024-09-01: 31, 2024-10-01: 31, 2024-11-01: 30, 2024-12-01: 26, 2025-01-01: 32, 2025-02-01: 30, 2025-03-01: 34, 2025-04-01: 33, 2025-05-01: 35, 2025-06-01: 34, 2025-07-01: 35, 2025-08-01: 51, 2025-09-01: 49, 2025-10-01: 48, 2025-11-01: 54, 2025-12-01: 46, 2026-01-01: 44, 2026-02-01: 100, 2026-03-01: 54, 2026-04-01: 45, 2026-04-05: 40, 2026-04-12: 40"
"Post locker","A post locker is a secure storage unit, typically installed in residential buildings, retail centers, or public areas, designed to hold packages and mail for later retrieval. These lockers are equipped with digital or mechanical access systems, allowing delivery personnel to deposit parcels and recipients to retrieve them using a code or mobile app, enhancing convenience and reducing the risk of theft. Post lockers are primarily used by individuals in urban or multi-tenant living environments, as well as by e-commerce businesses seeking reliable last-mile delivery solutions.","product, ecommerce, supply-chain, productivity","undefined","654%","4400","Exploding","constant","Seasonal","Low","Positive","growing","Past 5 years","https://signails.com/topics/post-locker","{""facebook"":236,""linkedin"":0,""twitter"":15,""pinterest"":30,""reddit"":89,""tiktok"":67,""youtube"":8}","2021-04-01: 13, 2021-05-01: 15, 2021-06-01: 16, 2021-07-01: 17, 2021-08-01: 17, 2021-09-01: 18, 2021-10-01: 20, 2021-11-01: 23, 2021-12-01: 27, 2022-01-01: 26, 2022-02-01: 22, 2022-03-01: 17, 2022-04-01: 18, 2022-05-01: 20, 2022-06-01: 23, 2022-07-01: 23, 2022-08-01: 27, 2022-09-01: 54, 2022-10-01: 51, 2022-11-01: 59, 2022-12-01: 62, 2023-01-01: 54, 2023-02-01: 40, 2023-03-01: 42, 2023-04-01: 37, 2023-05-01: 40, 2023-06-01: 46, 2023-07-01: 51, 2023-08-01: 52, 2023-09-01: 52, 2023-10-01: 55, 2023-11-01: 58, 2023-12-01: 52, 2024-01-01: 54, 2024-02-01: 57, 2024-03-01: 64, 2024-04-01: 78, 2024-05-01: 77, 2024-06-01: 71, 2024-07-01: 69, 2024-08-01: 81, 2024-09-01: 86, 2024-10-01: 82, 2024-11-01: 87, 2024-12-01: 82, 2025-01-01: 73, 2025-02-01: 68, 2025-03-01: 64, 2025-04-01: 69, 2025-05-01: 68, 2025-06-01: 72, 2025-07-01: 72, 2025-08-01: 83, 2025-09-01: 92, 2025-10-01: 92, 2025-11-01: 95, 2025-12-01: 99, 2026-01-01: 93, 2026-02-01: 100, 2026-03-01: 98, 2026-03-29: 77, 2026-04-05: 80, 2026-04-12: 79"
"Smart locker","Secure storage solutions that use technology to provide automated, self-service package delivery and retrieval. These lockers are equipped with electronic locks and user authentication systems, often integrating with software platforms for tracking and managing deliveries, making them distinct in facilitating convenient and secure exchanges of goods. They are particularly popular in e-commerce and last-mile delivery scenarios, benefiting users who require flexible and secure package access.","product, technology, supply-chain, workplace","undefined","429%","12100","Exploding","exponential","Seasonal","Low","Positive","growing","Past 5 years","https://signails.com/topics/smart-locker","{""facebook"":2800,""linkedin"":718,""twitter"":369,""pinterest"":390,""reddit"":91,""tiktok"":160,""youtube"":909}","2021-04-01: 14, 2021-05-01: 15, 2021-06-01: 18, 2021-07-01: 16, 2021-08-01: 16, 2021-09-01: 15, 2021-10-01: 15, 2021-11-01: 22, 2021-12-01: 18, 2022-01-01: 17, 2022-02-01: 17, 2022-03-01: 19, 2022-04-01: 17, 2022-05-01: 24, 2022-06-01: 20, 2022-07-01: 19, 2022-08-01: 17, 2022-09-01: 18, 2022-10-01: 17, 2022-11-01: 19, 2022-12-01: 18, 2023-01-01: 25, 2023-02-01: 20, 2023-03-01: 19, 2023-04-01: 19, 2023-05-01: 24, 2023-06-01: 29, 2023-07-01: 24, 2023-08-01: 23, 2023-09-01: 23, 2023-10-01: 22, 2023-11-01: 25, 2023-12-01: 26, 2024-01-01: 25, 2024-02-01: 25, 2024-03-01: 24, 2024-04-01: 25, 2024-05-01: 27, 2024-06-01: 26, 2024-07-01: 27, 2024-08-01: 29, 2024-09-01: 28, 2024-10-01: 28, 2024-11-01: 27, 2024-12-01: 29, 2025-01-01: 30, 2025-02-01: 30, 2025-03-01: 31, 2025-04-01: 30, 2025-05-01: 35, 2025-06-01: 38, 2025-07-01: 41, 2025-08-01: 91, 2025-09-01: 89, 2025-10-01: 74, 2025-11-01: 79, 2025-12-01: 77, 2026-01-01: 64, 2026-02-01: 100, 2026-03-01: 74, 2026-03-29: 59, 2026-04-05: 58, 2026-04-12: 54"
"trendsi","Company that offers low minimum order quantities (MOQ) for fashion items, allowing businesses to order as few as six pieces per style in any combination of sizes. Trendsi differentiates itself by emphasizing fast and reliable shipping, making it easier for businesses to manage inventory and meet customer demands efficiently. The service is particularly beneficial for small to medium-sized fashion retailers looking to minimize inventory risk and streamline their supply chain.","fashion, clothing, shoes, jewelry, supply-chain, manufacturing","true","9300%","9900","Exploding","exponential","Non-seasonal","Average","Positive","growing","Past 5 years","https://signails.com/topics/trendsi","{""facebook"":527,""linkedin"":116,""twitter"":0,""pinterest"":46500,""reddit"":174,""tiktok"":251,""youtube"":82}","2021-04-01: 0, 2021-05-01: 0, 2021-06-01: 5, 2021-07-01: 7, 2021-08-01: 12, 2021-09-01: 15, 2021-10-01: 13, 2021-11-01: 14, 2021-12-01: 16, 2022-01-01: 22, 2022-02-01: 18, 2022-03-01: 25, 2022-04-01: 28, 2022-05-01: 28, 2022-06-01: 27, 2022-07-01: 33, 2022-08-01: 23, 2022-09-01: 39, 2022-10-01: 47, 2022-11-01: 36, 2022-12-01: 29, 2023-01-01: 40, 2023-02-01: 38, 2023-03-01: 44, 2023-04-01: 37, 2023-05-01: 39, 2023-06-01: 42, 2023-07-01: 40, 2023-08-01: 40, 2023-09-01: 40, 2023-10-01: 44, 2023-11-01: 39, 2023-12-01: 33, 2024-01-01: 45, 2024-02-01: 36, 2024-03-01: 37, 2024-04-01: 42, 2024-05-01: 35, 2024-06-01: 28, 2024-07-01: 26, 2024-08-01: 32, 2024-09-01: 26, 2024-10-01: 39, 2024-11-01: 41, 2024-12-01: 43, 2025-01-01: 46, 2025-02-01: 47, 2025-03-01: 53, 2025-04-01: 53, 2025-05-01: 51, 2025-06-01: 58, 2025-07-01: 48, 2025-08-01: 87, 2025-09-01: 65, 2025-10-01: 66, 2025-11-01: 53, 2025-12-01: 50, 2026-01-01: 66, 2026-02-01: 100, 2026-03-01: 67, 2026-04-01: 94, 2026-04-05: 92, 2026-04-12: 91"
"Frozen kimbap","A Korean dish resembling sushi rolls, typically made with cooked ingredients wrapped in seaweed and rice. This convenient, ready-to-eat version of traditional kimbap is stored in the freezer and can be quickly prepared by thawing or microwaving, offering a quick meal or snack option. It is popular among individuals seeking a fast and easy meal solution, often including a variety of fillings such as vegetables, meat, or seafood.","food-beverage, manufacturing, grocery, supply-chain","false","4700%","3600","Exploding","constant","Non-seasonal","Average","Positive","growing","Past 5 years","https://signails.com/topics/frozen-kimbap-eMnfezpF","{""facebook"":154,""linkedin"":3,""twitter"":0,""pinterest"":52,""reddit"":74,""tiktok"":246,""youtube"":188}","2021-04-01: 0, 2021-05-01: 0, 2021-06-01: 0, 2021-07-01: 0, 2021-08-01: 0, 2021-09-01: 0, 2021-10-01: 0, 2021-11-01: 0, 2021-12-01: 0, 2022-01-01: 0, 2022-02-01: 0, 2022-03-01: 0, 2022-04-01: 0, 2022-05-01: 0, 2022-06-01: 0, 2022-07-01: 0, 2022-08-01: 0, 2022-09-01: 0, 2022-10-01: 0, 2022-11-01: 0, 2022-12-01: 0, 2023-01-01: 0, 2023-02-01: 0, 2023-03-01: 0, 2023-04-01: 0, 2023-05-01: 0, 2023-06-01: 0, 2023-07-01: 0, 2023-08-01: 88, 2023-09-01: 75, 2023-10-01: 54, 2023-11-01: 50, 2023-12-01: 54, 2024-01-01: 50, 2024-02-01: 67, 2024-03-01: 45, 2024-04-01: 100, 2024-05-01: 61, 2024-06-01: 85, 2024-07-01: 70, 2024-08-01: 78, 2024-09-01: 74, 2024-10-01: 50, 2024-11-01: 50, 2024-12-01: 64, 2025-01-01: 92, 2025-02-01: 64, 2025-03-01: 56, 2025-04-01: 78, 2025-05-01: 50, 2025-06-01: 46, 2025-07-01: 46, 2025-08-01: 78, 2025-09-01: 65, 2025-10-01: 69, 2025-11-01: 69, 2025-12-01: 48, 2026-01-01: 66, 2026-02-01: 67, 2026-03-01: 56, 2026-04-01: 48, 2026-04-05: 44, 2026-04-12: 44"